ISO-10303-21;
HEADER;
FILE_DESCRIPTION(('STEP AP214'),
    '1');
FILE_NAME('bottom',
    '',
    ('UNSPECIFIED'),
    ('UNSPECIFIED'),
    'C3D Converter',
    'C3D Toolkit',
    '');
FILE_SCHEMA(('AUTOMOTIVE_DESIGN { 1 0 10303 214 3 1 1}'));
ENDSEC;

DATA;
#1=PRODUCT_DEFINITION('','UNSPECIFIED',#28,#31);
#2=SHAPE_DEFINITION_REPRESENTATION(#26,#3);
#3=SHAPE_REPRESENTATION('NONE',(#4),#8);
#4=AXIS2_PLACEMENT_3D('',#5,#6,#7);
#5=CARTESIAN_POINT('',(0.,0.,0.));
#6=DIRECTION('',(0.,0.,1.));
#7=DIRECTION('',(1.,0.,0.));
#8=(GEOMETRIC_REPRESENTATION_CONTEXT(3)GLOBAL_UNCERTAINTY_ASSIGNED_CONTEXT((#10))
GLOBAL_UNIT_ASSIGNED_CONTEXT((#9,#11,#12))REPRESENTATION_CONTEXT('NONE','NONE'));
#9=(LENGTH_UNIT()NAMED_UNIT(*)SI_UNIT(.MILLI.,.METRE.));
#10=UNCERTAINTY_MEASURE_WITH_UNIT(LENGTH_MEASURE(1.E-5),#9,'NONE','NONE');
#11=(NAMED_UNIT(*)PLANE_ANGLE_UNIT()SI_UNIT($,.RADIAN.));
#12=(NAMED_UNIT(*)SI_UNIT($,.STERADIAN.)SOLID_ANGLE_UNIT());
#13=MANIFOLD_SOLID_BREP('',#14);
#14=CLOSED_SHELL('',(#53,#54,#55,#56,#57,#58,#59,#60,#61,#62,#63,#64,#65,#66,#67,
#68,#69,#70,#71,#72,#73,#74,#75,#76,#77,#78,#79,#80,#81,#82,#83,#84,#85,#86,#87,
#88,#89,#90,#91,#92,#93,#94,#95,#96,#97,#98,#99,#100,#101,#102,#103,#104,#105,#106,
#107,#108,#109,#110,#111,#112,#113,#114,#115,#116,#117,#118,#119,#120,#121,#122,
#123,#124,#125,#126,#127,#128,#129,#130,#131,#132,#133,#134,#135,#136,#137,#138,
#139,#140,#141,#142,#143,#144,#145,#146,#147,#148,#149,#150,#151,#152,#153,#154,
#155,#156,#157,#158,#159,#160,#161,#162,#163,#164,#165,#166,#167,#168,#169,#170,
#171,#172,#173,#174,#175,#176,#177,#178,#179,#180,#181,#182,#183,#184,#185,#186,
#187,#188,#189,#190,#191,#192,#193,#194,#195,#196,#197,#198,#199,#200,#201,#202,
#203,#204,#205,#206,#207,#208,#209,#210,#211,#212,#213,#214,#215,#216,#217,#218,
#219,#220,#221,#222,#223,#224,#225,#226,#227,#228,#229,#230,#231,#232,#233,#234,
#235,#236,#237,#238,#239,#240,#241,#242,#243,#244,#245,#246,#247,#248,#249,#250,
#251,#252,#253,#254,#255,#256,#257));
#15=COLOUR_RGB('',1.,1.,1.);
#16=FILL_AREA_STYLE_COLOUR('',#15);
#17=FILL_AREA_STYLE($,(#16));
#18=SURFACE_STYLE_FILL_AREA(#17);
#19=SURFACE_SIDE_STYLE('',(#18));
#20=SURFACE_STYLE_USAGE(.BOTH.,#19);
#21=PRESENTATION_STYLE_ASSIGNMENT((#20));
#22=MECHANICAL_DESIGN_GEOMETRIC_PRESENTATION_REPRESENTATION('NONE',(#23),#8);
#23=STYLED_ITEM('',(#21),#13);
#24=ADVANCED_BREP_SHAPE_REPRESENTATION('NONE',(#13),#8);
#25=SHAPE_REPRESENTATION_RELATIONSHIP('','',#3,#24);
#26=PRODUCT_DEFINITION_SHAPE('NONE','NONE',#1);
#27=MECHANICAL_CONTEXT('NONE',#32,'mechanical');
#28=PRODUCT_DEFINITION_FORMATION_WITH_SPECIFIED_SOURCE('ANY','UNSPECIFIED',#29,.NOT_KNOWN.);
#29=PRODUCT('','bottom','NONE',(#27));
#30=PRODUCT_RELATED_PRODUCT_CATEGORY('detail','',(#29));
#31=DESIGN_CONTEXT('detailed design',#32,'design');
#32=APPLICATION_CONTEXT('configuration controlled 3d designs of mechanical parts and assemblies');
#33=APPLICATION_PROTOCOL_DEFINITION('international standard','config_control_design',
1994,#32);
#34=CC_DESIGN_DATE_AND_TIME_ASSIGNMENT(#35,#39,(#1));
#35=DATE_AND_TIME(#36,#37);
#36=CALENDAR_DATE(0,1,1);
#37=LOCAL_TIME(0,0,0.,#38);
#38=COORDINATED_UNIVERSAL_TIME_OFFSET(0,0,.AHEAD.);
#39=DATE_TIME_ROLE('creation_date');
#40=CC_DESIGN_APPROVAL(#41,(#1));
#41=APPROVAL(#42,'UNSPECIFIED');
#42=APPROVAL_STATUS('not_yet_approved');
#43=APPROVAL_DATE_TIME(#44,#41);
#44=DATE_AND_TIME(#45,#46);
#45=CALENDAR_DATE(0,1,1);
#46=LOCAL_TIME(0,0,0.,#47);
#47=COORDINATED_UNIVERSAL_TIME_OFFSET(0,0,.AHEAD.);
#48=PERSON('UNSPECIFIED','Artem Sannikov','UNSPECIFIED',('UNSPECIFIED'),('UNSPECIFIED'),
('UNSPECIFIED'));
#49=ORGANIZATION('UNSPECIFIED','UNSPECIFIED','UNSPECIFIED');
#50=PERSON_AND_ORGANIZATION(#48,#49);
#51=PERSON_AND_ORGANIZATION_ROLE('creator');
#52=CC_DESIGN_PERSON_AND_ORGANIZATION_ASSIGNMENT(#50,#51,(#28,#1));
#53=ADVANCED_FACE('',(#258),#260,.F.);
#54=ADVANCED_FACE('',(#265),#267,.T.);
#55=ADVANCED_FACE('',(#272),#274,.F.);
#56=ADVANCED_FACE('',(#279),#281,.T.);
#57=ADVANCED_FACE('',(#286),#288,.T.);
#58=ADVANCED_FACE('',(#293),#295,.T.);
#59=ADVANCED_FACE('',(#300),#302,.F.);
#60=ADVANCED_FACE('',(#307),#309,.T.);
#61=ADVANCED_FACE('',(#314),#316,.T.);
#62=ADVANCED_FACE('',(#321),#323,.T.);
#63=ADVANCED_FACE('',(#328),#330,.F.);
#64=ADVANCED_FACE('',(#335),#337,.T.);
#65=ADVANCED_FACE('',(#342),#344,.F.);
#66=ADVANCED_FACE('',(#349,#351),#353,.F.);
#67=ADVANCED_FACE('',(#358,#360),#362,.F.);
#68=ADVANCED_FACE('',(#367,#369),#371,.F.);
#69=ADVANCED_FACE('',(#376,#378),#380,.F.);
#70=ADVANCED_FACE('',(#385),#387,.F.);
#71=ADVANCED_FACE('',(#392,#394),#396,.F.);
#72=ADVANCED_FACE('',(#401,#403),#405,.F.);
#73=ADVANCED_FACE('',(#410),#412,.F.);
#74=ADVANCED_FACE('',(#417,#419),#421,.F.);
#75=ADVANCED_FACE('',(#426),#428,.F.);
#76=ADVANCED_FACE('',(#433,#435),#437,.F.);
#77=ADVANCED_FACE('',(#442,#444),#446,.T.);
#78=ADVANCED_FACE('',(#451,#453,#455,#457,#459),#461,.F.);
#79=ADVANCED_FACE('',(#466),#468,.F.);
#80=ADVANCED_FACE('',(#473),#475,.F.);
#81=ADVANCED_FACE('',(#480),#482,.F.);
#82=ADVANCED_FACE('',(#487),#489,.F.);
#83=ADVANCED_FACE('',(#494),#496,.F.);
#84=ADVANCED_FACE('',(#501),#503,.F.);
#85=ADVANCED_FACE('',(#508),#510,.F.);
#86=ADVANCED_FACE('',(#515),#517,.F.);
#87=ADVANCED_FACE('',(#522),#524,.F.);
#88=ADVANCED_FACE('',(#529),#531,.F.);
#89=ADVANCED_FACE('',(#536),#538,.F.);
#90=ADVANCED_FACE('',(#543),#545,.F.);
#91=ADVANCED_FACE('',(#550),#552,.T.);
#92=ADVANCED_FACE('',(#557),#559,.T.);
#93=ADVANCED_FACE('',(#564),#566,.T.);
#94=ADVANCED_FACE('',(#571),#573,.T.);
#95=ADVANCED_FACE('',(#578),#580,.T.);
#96=ADVANCED_FACE('',(#585),#587,.F.);
#97=ADVANCED_FACE('',(#592),#594,.T.);
#98=ADVANCED_FACE('',(#599),#601,.T.);
#99=ADVANCED_FACE('',(#606),#608,.F.);
#100=ADVANCED_FACE('',(#613),#615,.T.);
#101=ADVANCED_FACE('',(#620),#622,.T.);
#102=ADVANCED_FACE('',(#627),#629,.F.);
#103=ADVANCED_FACE('',(#634),#636,.F.);
#104=ADVANCED_FACE('',(#641),#643,.F.);
#105=ADVANCED_FACE('',(#648),#650,.F.);
#106=ADVANCED_FACE('',(#655),#657,.F.);
#107=ADVANCED_FACE('',(#662),#664,.F.);
#108=ADVANCED_FACE('',(#669),#671,.F.);
#109=ADVANCED_FACE('',(#676),#678,.F.);
#110=ADVANCED_FACE('',(#683,#685),#687,.T.);
#111=ADVANCED_FACE('',(#692),#694,.T.);
#112=ADVANCED_FACE('',(#699),#701,.T.);
#113=ADVANCED_FACE('',(#706),#708,.T.);
#114=ADVANCED_FACE('',(#713),#715,.T.);
#115=ADVANCED_FACE('',(#720),#722,.T.);
#116=ADVANCED_FACE('',(#727),#729,.T.);
#117=ADVANCED_FACE('',(#734),#736,.T.);
#118=ADVANCED_FACE('',(#741),#743,.T.);
#119=ADVANCED_FACE('',(#748),#750,.F.);
#120=ADVANCED_FACE('',(#755),#757,.F.);
#121=ADVANCED_FACE('',(#762),#764,.T.);
#122=ADVANCED_FACE('',(#769),#771,.T.);
#123=ADVANCED_FACE('',(#776),#778,.F.);
#124=ADVANCED_FACE('',(#783),#785,.T.);
#125=ADVANCED_FACE('',(#790),#792,.T.);
#126=ADVANCED_FACE('',(#797),#799,.F.);
#127=ADVANCED_FACE('',(#804),#806,.T.);
#128=ADVANCED_FACE('',(#811),#813,.T.);
#129=ADVANCED_FACE('',(#818),#820,.F.);
#130=ADVANCED_FACE('',(#825),#827,.T.);
#131=ADVANCED_FACE('',(#832),#834,.T.);
#132=ADVANCED_FACE('',(#839),#841,.F.);
#133=ADVANCED_FACE('',(#846),#848,.T.);
#134=ADVANCED_FACE('',(#853),#855,.T.);
#135=ADVANCED_FACE('',(#860),#862,.F.);
#136=ADVANCED_FACE('',(#867),#869,.T.);
#137=ADVANCED_FACE('',(#874),#876,.T.);
#138=ADVANCED_FACE('',(#881),#883,.F.);
#139=ADVANCED_FACE('',(#888),#890,.F.);
#140=ADVANCED_FACE('',(#895),#897,.F.);
#141=ADVANCED_FACE('',(#902),#904,.F.);
#142=ADVANCED_FACE('',(#909),#911,.F.);
#143=ADVANCED_FACE('',(#916),#918,.F.);
#144=ADVANCED_FACE('',(#923),#925,.F.);
#145=ADVANCED_FACE('',(#930),#932,.F.);
#146=ADVANCED_FACE('',(#937),#939,.F.);
#147=ADVANCED_FACE('',(#944),#946,.F.);
#148=ADVANCED_FACE('',(#951),#953,.F.);
#149=ADVANCED_FACE('',(#958),#960,.F.);
#150=ADVANCED_FACE('',(#965),#967,.F.);
#151=ADVANCED_FACE('',(#972),#974,.F.);
#152=ADVANCED_FACE('',(#979),#981,.F.);
#153=ADVANCED_FACE('',(#986),#988,.F.);
#154=ADVANCED_FACE('',(#993,#995),#997,.T.);
#155=ADVANCED_FACE('',(#1002),#1004,.T.);
#156=ADVANCED_FACE('',(#1009),#1011,.T.);
#157=ADVANCED_FACE('',(#1016),#1018,.T.);
#158=ADVANCED_FACE('',(#1023),#1025,.T.);
#159=ADVANCED_FACE('',(#1030),#1032,.T.);
#160=ADVANCED_FACE('',(#1037),#1039,.T.);
#161=ADVANCED_FACE('',(#1044),#1046,.T.);
#162=ADVANCED_FACE('',(#1051),#1053,.T.);
#163=ADVANCED_FACE('',(#1058),#1060,.F.);
#164=ADVANCED_FACE('',(#1065),#1067,.F.);
#165=ADVANCED_FACE('',(#1072),#1074,.F.);
#166=ADVANCED_FACE('',(#1079),#1081,.F.);
#167=ADVANCED_FACE('',(#1086),#1088,.F.);
#168=ADVANCED_FACE('',(#1093),#1095,.F.);
#169=ADVANCED_FACE('',(#1100),#1102,.F.);
#170=ADVANCED_FACE('',(#1107),#1109,.F.);
#171=ADVANCED_FACE('',(#1114),#1116,.F.);
#172=ADVANCED_FACE('',(#1121),#1123,.T.);
#173=ADVANCED_FACE('',(#1128),#1130,.T.);
#174=ADVANCED_FACE('',(#1135),#1137,.T.);
#175=ADVANCED_FACE('',(#1142,#1144),#1146,.F.);
#176=ADVANCED_FACE('',(#1151,#1153),#1155,.F.);
#177=ADVANCED_FACE('',(#1160,#1162),#1164,.F.);
#178=ADVANCED_FACE('',(#1169),#1171,.T.);
#179=ADVANCED_FACE('',(#1176),#1178,.T.);
#180=ADVANCED_FACE('',(#1183,#1185),#1187,.F.);
#181=ADVANCED_FACE('',(#1192,#1194),#1196,.F.);
#182=ADVANCED_FACE('',(#1201,#1203),#1205,.F.);
#183=ADVANCED_FACE('',(#1210),#1212,.T.);
#184=ADVANCED_FACE('',(#1217),#1219,.T.);
#185=ADVANCED_FACE('',(#1224,#1226),#1228,.F.);
#186=ADVANCED_FACE('',(#1233,#1235),#1237,.F.);
#187=ADVANCED_FACE('',(#1242,#1244),#1246,.F.);
#188=ADVANCED_FACE('',(#1251),#1253,.T.);
#189=ADVANCED_FACE('',(#1258),#1260,.T.);
#190=ADVANCED_FACE('',(#1265,#1267),#1269,.F.);
#191=ADVANCED_FACE('',(#1274,#1276),#1278,.F.);
#192=ADVANCED_FACE('',(#1283,#1285),#1287,.F.);
#193=ADVANCED_FACE('',(#1292),#1294,.T.);
#194=ADVANCED_FACE('',(#1299),#1301,.F.);
#195=ADVANCED_FACE('',(#1350),#1352,.F.);
#196=ADVANCED_FACE('',(#1647),#1649,.F.);
#197=ADVANCED_FACE('',(#1728),#1730,.F.);
#198=ADVANCED_FACE('',(#1797),#1799,.F.);
#199=ADVANCED_FACE('',(#1854),#1856,.F.);
#200=ADVANCED_FACE('',(#2151),#2153,.F.);
#201=ADVANCED_FACE('',(#2202),#2204,.F.);
#202=ADVANCED_FACE('',(#2259),#2261,.F.);
#203=ADVANCED_FACE('',(#2556),#2558,.F.);
#204=ADVANCED_FACE('',(#2607),#2609,.F.);
#205=ADVANCED_FACE('',(#2658),#2660,.F.);
#206=ADVANCED_FACE('',(#2955),#2957,.F.);
#207=ADVANCED_FACE('',(#3072),#3074,.F.);
#208=ADVANCED_FACE('',(#3141),#3143,.F.);
#209=ADVANCED_FACE('',(#3192),#3194,.F.);
#210=ADVANCED_FACE('',(#3489),#3491,.F.);
#211=ADVANCED_FACE('',(#3570),#3572,.F.);
#212=ADVANCED_FACE('',(#3639),#3641,.F.);
#213=ADVANCED_FACE('',(#3696),#3698,.F.);
#214=ADVANCED_FACE('',(#3993),#3995,.F.);
#215=ADVANCED_FACE('',(#4044),#4046,.F.);
#216=ADVANCED_FACE('',(#4101),#4103,.F.);
#217=ADVANCED_FACE('',(#4398),#4400,.F.);
#218=ADVANCED_FACE('',(#4449),#4451,.F.);
#219=ADVANCED_FACE('',(#4500),#4502,.F.);
#220=ADVANCED_FACE('',(#4797),#4799,.F.);
#221=ADVANCED_FACE('',(#4914),#4916,.F.);
#222=ADVANCED_FACE('',(#4983),#4985,.F.);
#223=ADVANCED_FACE('',(#4990),#4992,.F.);
#224=ADVANCED_FACE('',(#4997),#4999,.F.);
#225=ADVANCED_FACE('',(#5004),#5006,.F.);
#226=ADVANCED_FACE('',(#5011),#5013,.F.);
#227=ADVANCED_FACE('',(#5018),#5020,.F.);
#228=ADVANCED_FACE('',(#5025),#5027,.F.);
#229=ADVANCED_FACE('',(#5032),#5034,.T.);
#230=ADVANCED_FACE('',(#5039),#5041,.F.);
#231=ADVANCED_FACE('',(#5046),#5048,.F.);
#232=ADVANCED_FACE('',(#5053),#5055,.F.);
#233=ADVANCED_FACE('',(#5060),#5062,.F.);
#234=ADVANCED_FACE('',(#5067),#5069,.F.);
#235=ADVANCED_FACE('',(#5074),#5076,.F.);
#236=ADVANCED_FACE('',(#5081),#5083,.F.);
#237=ADVANCED_FACE('',(#5088),#5090,.T.);
#238=ADVANCED_FACE('',(#5095),#5097,.F.);
#239=ADVANCED_FACE('',(#5102),#5104,.F.);
#240=ADVANCED_FACE('',(#5109),#5111,.F.);
#241=ADVANCED_FACE('',(#5116),#5118,.F.);
#242=ADVANCED_FACE('',(#5123),#5125,.F.);
#243=ADVANCED_FACE('',(#5130),#5132,.F.);
#244=ADVANCED_FACE('',(#5137),#5139,.F.);
#245=ADVANCED_FACE('',(#5144),#5146,.T.);
#246=ADVANCED_FACE('',(#5151),#5153,.F.);
#247=ADVANCED_FACE('',(#5158),#5160,.F.);
#248=ADVANCED_FACE('',(#5165),#5167,.F.);
#249=ADVANCED_FACE('',(#5172),#5174,.F.);
#250=ADVANCED_FACE('',(#5179),#5181,.F.);
#251=ADVANCED_FACE('',(#5186),#5188,.F.);
#252=ADVANCED_FACE('',(#5193),#5195,.F.);
#253=ADVANCED_FACE('',(#5200),#5202,.T.);
#254=ADVANCED_FACE('',(#5207,#5209),#5211,.F.);
#255=ADVANCED_FACE('',(#5216,#5218),#5220,.F.);
#256=ADVANCED_FACE('',(#5225,#5227),#5229,.F.);
#257=ADVANCED_FACE('',(#5234,#5236),#5238,.F.);
#258=FACE_BOUND('',#259,.T.);
#259=EDGE_LOOP('',(#5243,#5244,#5245,#5246));
#260=PLANE('',#261);
#261=AXIS2_PLACEMENT_3D('',#262,#263,#264);
#262=CARTESIAN_POINT('',(105.,112.,84.));
#263=DIRECTION('',(-0.707106781186547,0.,-0.707106781186548));
#264=DIRECTION('',(0.,-1.,0.));
#265=FACE_BOUND('',#266,.T.);
#266=EDGE_LOOP('',(#5247,#5248,#5249,#5250));
#267=CYLINDRICAL_SURFACE('',#268,10.5);
#268=AXIS2_PLACEMENT_3D('',#269,#270,#271);
#269=CARTESIAN_POINT('',(94.5,112.,79.6507575950824));
#270=DIRECTION('',(0.,-1.,0.));
#271=DIRECTION('',(0.,0.,-1.));
#272=FACE_BOUND('',#273,.T.);
#273=EDGE_LOOP('',(#5251,#5252,#5253,#5254));
#274=PLANE('',#275);
#275=AXIS2_PLACEMENT_3D('',#276,#277,#278);
#276=CARTESIAN_POINT('',(-84.,112.,105.));
#277=DIRECTION('',(0.707106781186549,0.,-0.707106781186546));
#278=DIRECTION('',(0.,-1.,0.));
#279=FACE_BOUND('',#280,.T.);
#280=EDGE_LOOP('',(#5255,#5256,#5257,#5258));
#281=CYLINDRICAL_SURFACE('',#282,10.5);
#282=AXIS2_PLACEMENT_3D('',#283,#284,#285);
#283=CARTESIAN_POINT('',(-79.6507575950825,112.,94.5));
#284=DIRECTION('',(0.,-1.,0.));
#285=DIRECTION('',(0.,0.,-1.));
#286=FACE_BOUND('',#287,.T.);
#287=EDGE_LOOP('',(#5259,#5260,#5261,#5262));
#288=CYLINDRICAL_SURFACE('',#289,10.5);
#289=AXIS2_PLACEMENT_3D('',#290,#291,#292);
#290=CARTESIAN_POINT('',(-94.5,112.,79.6507575950824));
#291=DIRECTION('',(0.,1.,0.));
#292=DIRECTION('',(0.,0.,1.));
#293=FACE_BOUND('',#294,.T.);
#294=EDGE_LOOP('',(#5263,#5264,#5265,#5266));
#295=CYLINDRICAL_SURFACE('',#296,10.5);
#296=AXIS2_PLACEMENT_3D('',#297,#298,#299);
#297=CARTESIAN_POINT('',(-94.5,112.,79.6507575950824));
#298=DIRECTION('',(0.,1.,0.));
#299=DIRECTION('',(0.,0.,1.));
#300=FACE_BOUND('',#301,.T.);
#301=EDGE_LOOP('',(#5267,#5268,#5269,#5270));
#302=PLANE('',#303);
#303=AXIS2_PLACEMENT_3D('',#304,#305,#306);
#304=CARTESIAN_POINT('',(84.,112.,-105.));
#305=DIRECTION('',(-0.707106781186549,0.,0.707106781186546));
#306=DIRECTION('',(0.,-1.,0.));
#307=FACE_BOUND('',#308,.T.);
#308=EDGE_LOOP('',(#5271,#5272,#5273,#5274));
#309=CYLINDRICAL_SURFACE('',#310,10.5);
#310=AXIS2_PLACEMENT_3D('',#311,#312,#313);
#311=CARTESIAN_POINT('',(79.6507575950825,112.,-94.5));
#312=DIRECTION('',(0.,-1.,0.));
#313=DIRECTION('',(0.,0.,-1.));
#314=FACE_BOUND('',#315,.T.);
#315=EDGE_LOOP('',(#5275,#5276,#5277,#5278));
#316=CYLINDRICAL_SURFACE('',#317,10.5);
#317=AXIS2_PLACEMENT_3D('',#318,#319,#320);
#318=CARTESIAN_POINT('',(94.5,112.,-79.6507575950824));
#319=DIRECTION('',(0.,1.,0.));
#320=DIRECTION('',(0.,0.,1.));
#321=FACE_BOUND('',#322,.T.);
#322=EDGE_LOOP('',(#5279,#5280,#5281,#5282));
#323=CYLINDRICAL_SURFACE('',#324,10.5);
#324=AXIS2_PLACEMENT_3D('',#325,#326,#327);
#325=CARTESIAN_POINT('',(94.5,112.,-79.6507575950824));
#326=DIRECTION('',(0.,1.,0.));
#327=DIRECTION('',(0.,0.,1.));
#328=FACE_BOUND('',#329,.T.);
#329=EDGE_LOOP('',(#5283,#5284,#5285,#5286));
#330=PLANE('',#331);
#331=AXIS2_PLACEMENT_3D('',#332,#333,#334);
#332=CARTESIAN_POINT('',(-105.,112.,-83.9999999999999));
#333=DIRECTION('',(0.707106781186547,0.,0.707106781186548));
#334=DIRECTION('',(0.,-1.,0.));
#335=FACE_BOUND('',#336,.T.);
#336=EDGE_LOOP('',(#5287,#5288,#5289,#5290));
#337=CYLINDRICAL_SURFACE('',#338,10.5);
#338=AXIS2_PLACEMENT_3D('',#339,#340,#341);
#339=CARTESIAN_POINT('',(-94.5,112.,-79.6507575950824));
#340=DIRECTION('',(0.,-1.,0.));
#341=DIRECTION('',(0.,0.,-1.));
#342=FACE_BOUND('',#343,.T.);
#343=EDGE_LOOP('',(#5291,#5292,#5293,#5294,#5295));
#344=PLANE('',#345);
#345=AXIS2_PLACEMENT_3D('',#346,#347,#348);
#346=CARTESIAN_POINT('',(105.,112.,-105.));
#347=DIRECTION('',(-1.,0.,1.15648231731787E-16));
#348=DIRECTION('',(1.15648231731787E-16,0.,1.));
#349=FACE_BOUND('',#350,.T.);
#350=EDGE_LOOP('',(#5296,#5297,#5298,#5299));
#351=FACE_BOUND('',#352,.T.);
#352=EDGE_LOOP('',(#5300,#5301,#5302,#5303,#5304,#5305,#5306,#5307));
#353=PLANE('',#354);
#354=AXIS2_PLACEMENT_3D('',#355,#356,#357);
#355=CARTESIAN_POINT('',(105.,112.,-105.));
#356=DIRECTION('',(-1.,0.,1.15648231731787E-16));
#357=DIRECTION('',(1.15648231731787E-16,0.,1.));
#358=FACE_BOUND('',#359,.T.);
#359=EDGE_LOOP('',(#5308,#5309,#5310,#5311));
#360=FACE_BOUND('',#361,.T.);
#361=EDGE_LOOP('',(#5312,#5313,#5314,#5315,#5316,#5317,#5318,#5319));
#362=PLANE('',#363);
#363=AXIS2_PLACEMENT_3D('',#364,#365,#366);
#364=CARTESIAN_POINT('',(-105.,112.,-105.));
#365=DIRECTION('',(0.,0.,1.));
#366=DIRECTION('',(1.,0.,0.));
#367=FACE_BOUND('',#368,.T.);
#368=EDGE_LOOP('',(#5320,#5321,#5322,#5323,#5324,#5325,#5326,#5327));
#369=FACE_BOUND('',#370,.T.);
#370=EDGE_LOOP('',(#5328));
#371=PLANE('',#372);
#372=AXIS2_PLACEMENT_3D('',#373,#374,#375);
#373=CARTESIAN_POINT('',(-105.,112.,-105.));
#374=DIRECTION('',(0.,0.,1.));
#375=DIRECTION('',(1.,0.,0.));
#376=FACE_BOUND('',#377,.T.);
#377=EDGE_LOOP('',(#5329,#5330,#5331,#5332));
#378=FACE_BOUND('',#379,.T.);
#379=EDGE_LOOP('',(#5333,#5334,#5335,#5336,#5337,#5338,#5339,#5340));
#380=PLANE('',#381);
#381=AXIS2_PLACEMENT_3D('',#382,#383,#384);
#382=CARTESIAN_POINT('',(-105.,112.,-105.));
#383=DIRECTION('',(1.,0.,-1.15648231731787E-16));
#384=DIRECTION('',(-1.15648231731787E-16,0.,-1.));
#385=FACE_BOUND('',#386,.T.);
#386=EDGE_LOOP('',(#5341,#5342,#5343,#5344,#5345));
#387=PLANE('',#388);
#388=AXIS2_PLACEMENT_3D('',#389,#390,#391);
#389=CARTESIAN_POINT('',(-105.,112.,-105.));
#390=DIRECTION('',(1.,0.,-1.15648231731787E-16));
#391=DIRECTION('',(-1.15648231731787E-16,0.,-1.));
#392=FACE_BOUND('',#393,.T.);
#393=EDGE_LOOP('',(#5346,#5347,#5348,#5349));
#394=FACE_BOUND('',#395,.T.);
#395=EDGE_LOOP('',(#5350,#5351,#5352,#5353,#5354,#5355,#5356,#5357));
#396=PLANE('',#397);
#397=AXIS2_PLACEMENT_3D('',#398,#399,#400);
#398=CARTESIAN_POINT('',(-105.,112.,105.));
#399=DIRECTION('',(0.,0.,-1.));
#400=DIRECTION('',(-1.,0.,0.));
#401=FACE_BOUND('',#402,.T.);
#402=EDGE_LOOP('',(#5358,#5359,#5360,#5361,#5362,#5363,#5364,#5365));
#403=FACE_BOUND('',#404,.T.);
#404=EDGE_LOOP('',(#5366));
#405=PLANE('',#406);
#406=AXIS2_PLACEMENT_3D('',#407,#408,#409);
#407=CARTESIAN_POINT('',(-105.,112.,105.));
#408=DIRECTION('',(0.,0.,-1.));
#409=DIRECTION('',(-1.,0.,0.));
#410=FACE_BOUND('',#411,.T.);
#411=EDGE_LOOP('',(#5367,#5368,#5369,#5370,#5371));
#412=PLANE('',#413);
#413=AXIS2_PLACEMENT_3D('',#414,#415,#416);
#414=CARTESIAN_POINT('',(105.,112.,-105.));
#415=DIRECTION('',(-1.,0.,1.15648231731787E-16));
#416=DIRECTION('',(1.15648231731787E-16,0.,1.));
#417=FACE_BOUND('',#418,.T.);
#418=EDGE_LOOP('',(#5372,#5373,#5374,#5375,#5376,#5377,#5378,#5379));
#419=FACE_BOUND('',#420,.T.);
#420=EDGE_LOOP('',(#5380));
#421=PLANE('',#422);
#422=AXIS2_PLACEMENT_3D('',#423,#424,#425);
#423=CARTESIAN_POINT('',(-105.,112.,-105.));
#424=DIRECTION('',(0.,0.,1.));
#425=DIRECTION('',(1.,0.,0.));
#426=FACE_BOUND('',#427,.T.);
#427=EDGE_LOOP('',(#5381,#5382,#5383,#5384,#5385));
#428=PLANE('',#429);
#429=AXIS2_PLACEMENT_3D('',#430,#431,#432);
#430=CARTESIAN_POINT('',(-105.,112.,-105.));
#431=DIRECTION('',(1.,0.,-1.15648231731787E-16));
#432=DIRECTION('',(-1.15648231731787E-16,0.,-1.));
#433=FACE_BOUND('',#434,.T.);
#434=EDGE_LOOP('',(#5386,#5387,#5388,#5389,#5390,#5391,#5392,#5393));
#435=FACE_BOUND('',#436,.T.);
#436=EDGE_LOOP('',(#5394));
#437=PLANE('',#438);
#438=AXIS2_PLACEMENT_3D('',#439,#440,#441);
#439=CARTESIAN_POINT('',(-105.,112.,105.));
#440=DIRECTION('',(0.,0.,-1.));
#441=DIRECTION('',(-1.,0.,0.));
#442=FACE_BOUND('',#443,.T.);
#443=EDGE_LOOP('',(#5395,#5396,#5397,#5398,#5399,#5400,#5401,#5402,#5403,#5404,#5405,
#5406,#5407,#5408,#5409,#5410,#5411,#5412,#5413,#5414,#5415,#5416,#5417,#5418,#5419,
#5420,#5421,#5422,#5423,#5424,#5425,#5426,#5427,#5428,#5429,#5430,#5431,#5432,#5433,
#5434,#5435,#5436,#5437,#5438,#5439,#5440,#5441,#5442,#5443,#5444,#5445,#5446));
#444=FACE_BOUND('',#445,.T.);
#445=EDGE_LOOP('',(#5447,#5448,#5449,#5450,#5451,#5452,#5453,#5454));
#446=PLANE('',#447);
#447=AXIS2_PLACEMENT_3D('',#448,#449,#450);
#448=CARTESIAN_POINT('',(0.,112.,0.));
#449=DIRECTION('',(0.,1.,0.));
#450=DIRECTION('',(0.,0.,1.));
#451=FACE_BOUND('',#452,.T.);
#452=EDGE_LOOP('',(#5455,#5456,#5457,#5458,#5459,#5460,#5461,#5462,#5463,#5464,#5465,
#5466,#5467,#5468,#5469,#5470,#5471,#5472,#5473,#5474,#5475,#5476,#5477,#5478,#5479,
#5480,#5481,#5482,#5483,#5484,#5485,#5486,#5487,#5488,#5489,#5490,#5491,#5492,#5493,
#5494,#5495,#5496,#5497,#5498,#5499,#5500,#5501,#5502));
#453=FACE_BOUND('',#454,.T.);
#454=EDGE_LOOP('',(#5503,#5504,#5505,#5506,#5507,#5508,#5509));
#455=FACE_BOUND('',#456,.T.);
#456=EDGE_LOOP('',(#5510,#5511,#5512,#5513,#5514,#5515,#5516));
#457=FACE_BOUND('',#458,.T.);
#458=EDGE_LOOP('',(#5517,#5518,#5519,#5520,#5521,#5522,#5523));
#459=FACE_BOUND('',#460,.T.);
#460=EDGE_LOOP('',(#5524,#5525,#5526,#5527,#5528,#5529,#5530));
#461=PLANE('',#462);
#462=AXIS2_PLACEMENT_3D('',#463,#464,#465);
#463=CARTESIAN_POINT('',(0.,0.,0.));
#464=DIRECTION('',(0.,1.,0.));
#465=DIRECTION('',(0.,0.,1.));
#466=FACE_BOUND('',#467,.T.);
#467=EDGE_LOOP('',(#5531,#5532,#5533));
#468=PLANE('',#469);
#469=AXIS2_PLACEMENT_3D('',#470,#471,#472);
#470=CARTESIAN_POINT('',(-84.,112.,105.));
#471=DIRECTION('',(0.707106781186549,0.,-0.707106781186546));
#472=DIRECTION('',(0.,-1.,0.));
#473=FACE_BOUND('',#474,.T.);
#474=EDGE_LOOP('',(#5534,#5535,#5536));
#475=PLANE('',#476);
#476=AXIS2_PLACEMENT_3D('',#477,#478,#479);
#477=CARTESIAN_POINT('',(-105.,112.,-83.9999999999999));
#478=DIRECTION('',(0.707106781186547,0.,0.707106781186548));
#479=DIRECTION('',(0.,-1.,0.));
#480=FACE_BOUND('',#481,.T.);
#481=EDGE_LOOP('',(#5537,#5538,#5539));
#482=PLANE('',#483);
#483=AXIS2_PLACEMENT_3D('',#484,#485,#486);
#484=CARTESIAN_POINT('',(84.,112.,-105.));
#485=DIRECTION('',(-0.707106781186549,0.,0.707106781186546));
#486=DIRECTION('',(0.,-1.,0.));
#487=FACE_BOUND('',#488,.T.);
#488=EDGE_LOOP('',(#5540,#5541,#5542));
#489=PLANE('',#490);
#490=AXIS2_PLACEMENT_3D('',#491,#492,#493);
#491=CARTESIAN_POINT('',(105.,112.,84.));
#492=DIRECTION('',(-0.707106781186547,0.,-0.707106781186548));
#493=DIRECTION('',(0.,-1.,0.));
#494=FACE_BOUND('',#495,.T.);
#495=EDGE_LOOP('',(#5543,#5544,#5545,#5546));
#496=PLANE('',#497);
#497=AXIS2_PLACEMENT_3D('',#498,#499,#500);
#498=CARTESIAN_POINT('',(-78.2010101267766,108.5,-91.));
#499=DIRECTION('',(-0.707106781186547,0.,-0.707106781186548));
#500=DIRECTION('',(-0.707106781186548,0.,0.707106781186547));
#501=FACE_BOUND('',#502,.T.);
#502=EDGE_LOOP('',(#5547,#5548,#5549,#5550));
#503=PLANE('',#504);
#504=AXIS2_PLACEMENT_3D('',#505,#506,#507);
#505=CARTESIAN_POINT('',(78.2010101267767,108.5,-91.));
#506=DIRECTION('',(0.,0.,-1.));
#507=DIRECTION('',(-1.,0.,0.));
#508=FACE_BOUND('',#509,.T.);
#509=EDGE_LOOP('',(#5551,#5552,#5553,#5554));
#510=PLANE('',#511);
#511=AXIS2_PLACEMENT_3D('',#512,#513,#514);
#512=CARTESIAN_POINT('',(91.,108.5,-78.2010101267766));
#513=DIRECTION('',(0.707106781186548,0.,-0.707106781186547));
#514=DIRECTION('',(-0.707106781186547,0.,-0.707106781186548));
#515=FACE_BOUND('',#516,.T.);
#516=EDGE_LOOP('',(#5555,#5556,#5557,#5558));
#517=PLANE('',#518);
#518=AXIS2_PLACEMENT_3D('',#519,#520,#521);
#519=CARTESIAN_POINT('',(91.,108.5,78.2010101267766));
#520=DIRECTION('',(1.,0.,-1.55280146792884E-16));
#521=DIRECTION('',(-1.55280146792884E-16,0.,-1.));
#522=FACE_BOUND('',#523,.T.);
#523=EDGE_LOOP('',(#5559,#5560,#5561,#5562));
#524=PLANE('',#525);
#525=AXIS2_PLACEMENT_3D('',#526,#527,#528);
#526=CARTESIAN_POINT('',(78.2010101267766,108.5,91.));
#527=DIRECTION('',(0.707106781186546,0.,0.707106781186549));
#528=DIRECTION('',(0.707106781186549,0.,-0.707106781186546));
#529=FACE_BOUND('',#530,.T.);
#530=EDGE_LOOP('',(#5563,#5564,#5565,#5566));
#531=PLANE('',#532);
#532=AXIS2_PLACEMENT_3D('',#533,#534,#535);
#533=CARTESIAN_POINT('',(-78.2010101267767,108.5,91.));
#534=DIRECTION('',(0.,0.,1.));
#535=DIRECTION('',(1.,0.,0.));
#536=FACE_BOUND('',#537,.T.);
#537=EDGE_LOOP('',(#5567,#5568,#5569,#5570));
#538=PLANE('',#539);
#539=AXIS2_PLACEMENT_3D('',#540,#541,#542);
#540=CARTESIAN_POINT('',(-91.,108.5,78.2010101267766));
#541=DIRECTION('',(-0.707106781186549,0.,0.707106781186546));
#542=DIRECTION('',(0.707106781186546,0.,0.707106781186549));
#543=FACE_BOUND('',#544,.T.);
#544=EDGE_LOOP('',(#5571,#5572,#5573,#5574));
#545=PLANE('',#546);
#546=AXIS2_PLACEMENT_3D('',#547,#548,#549);
#547=CARTESIAN_POINT('',(-91.,108.5,-78.2010101267766));
#548=DIRECTION('',(-1.,0.,1.55280146792884E-16));
#549=DIRECTION('',(1.55280146792884E-16,0.,1.));
#550=FACE_BOUND('',#551,.T.);
#551=EDGE_LOOP('',(#5575,#5576,#5577,#5578,#5579,#5580,#5581,#5582));
#552=PLANE('',#553);
#553=AXIS2_PLACEMENT_3D('',#554,#555,#556);
#554=CARTESIAN_POINT('',(0.,108.5,0.));
#555=DIRECTION('',(0.,1.,0.));
#556=DIRECTION('',(0.,0.,1.));
#557=FACE_BOUND('',#558,.T.);
#558=EDGE_LOOP('',(#5583,#5584,#5585,#5586));
#559=CYLINDRICAL_SURFACE('',#560,10.5);
#560=AXIS2_PLACEMENT_3D('',#561,#562,#563);
#561=CARTESIAN_POINT('',(-94.5,112.,-79.6507575950824));
#562=DIRECTION('',(0.,-1.,0.));
#563=DIRECTION('',(0.,0.,-1.));
#564=FACE_BOUND('',#565,.T.);
#565=EDGE_LOOP('',(#5587,#5588,#5589,#5590));
#566=CYLINDRICAL_SURFACE('',#567,10.5);
#567=AXIS2_PLACEMENT_3D('',#568,#569,#570);
#568=CARTESIAN_POINT('',(-79.6507575950824,112.,-94.5));
#569=DIRECTION('',(0.,1.,0.));
#570=DIRECTION('',(0.,0.,1.));
#571=FACE_BOUND('',#572,.T.);
#572=EDGE_LOOP('',(#5591,#5592,#5593,#5594));
#573=CYLINDRICAL_SURFACE('',#574,10.5);
#574=AXIS2_PLACEMENT_3D('',#575,#576,#577);
#575=CARTESIAN_POINT('',(94.5,112.,79.6507575950824));
#576=DIRECTION('',(0.,-1.,0.));
#577=DIRECTION('',(0.,0.,-1.));
#578=FACE_BOUND('',#579,.T.);
#579=EDGE_LOOP('',(#5595,#5596,#5597,#5598));
#580=CYLINDRICAL_SURFACE('',#581,10.5);
#581=AXIS2_PLACEMENT_3D('',#582,#583,#584);
#582=CARTESIAN_POINT('',(79.6507575950825,112.,94.5));
#583=DIRECTION('',(0.,1.,0.));
#584=DIRECTION('',(0.,0.,1.));
#585=FACE_BOUND('',#586,.T.);
#586=EDGE_LOOP('',(#5599,#5600,#5601,#5602));
#587=PLANE('',#588);
#588=AXIS2_PLACEMENT_3D('',#589,#590,#591);
#589=CARTESIAN_POINT('',(69.9622091820936,112.,102.9));
#590=DIRECTION('',(-1.,0.,0.));
#591=DIRECTION('',(0.,0.,1.));
#592=FACE_BOUND('',#593,.T.);
#593=EDGE_LOOP('',(#5603,#5604,#5605,#5606));
#594=PLANE('',#595);
#595=AXIS2_PLACEMENT_3D('',#596,#597,#598);
#596=CARTESIAN_POINT('',(72.0622091820936,112.,102.9));
#597=DIRECTION('',(-1.,0.,0.));
#598=DIRECTION('',(0.,0.,1.));
#599=FACE_BOUND('',#600,.T.);
#600=EDGE_LOOP('',(#5607,#5608,#5609,#5610));
#601=PLANE('',#602);
#602=AXIS2_PLACEMENT_3D('',#603,#604,#605);
#603=CARTESIAN_POINT('',(0.,0.,102.9));
#604=DIRECTION('',(0.,0.,1.));
#605=DIRECTION('',(1.,0.,0.));
#606=FACE_BOUND('',#607,.T.);
#607=EDGE_LOOP('',(#5611,#5612,#5613,#5614));
#608=PLANE('',#609);
#609=AXIS2_PLACEMENT_3D('',#610,#611,#612);
#610=CARTESIAN_POINT('',(-72.0622091820936,112.,102.9));
#611=DIRECTION('',(-1.,0.,0.));
#612=DIRECTION('',(0.,0.,1.));
#613=FACE_BOUND('',#614,.T.);
#614=EDGE_LOOP('',(#5615,#5616,#5617,#5618));
#615=PLANE('',#616);
#616=AXIS2_PLACEMENT_3D('',#617,#618,#619);
#617=CARTESIAN_POINT('',(-69.9622091820936,112.,102.9));
#618=DIRECTION('',(-1.,0.,0.));
#619=DIRECTION('',(0.,0.,1.));
#620=FACE_BOUND('',#621,.T.);
#621=EDGE_LOOP('',(#5619,#5620,#5621,#5622));
#622=PLANE('',#623);
#623=AXIS2_PLACEMENT_3D('',#624,#625,#626);
#624=CARTESIAN_POINT('',(0.,0.,102.9));
#625=DIRECTION('',(0.,0.,1.));
#626=DIRECTION('',(1.,0.,0.));
#627=FACE_BOUND('',#628,.T.);
#628=EDGE_LOOP('',(#5623,#5624,#5625,#5626));
#629=PLANE('',#630);
#630=AXIS2_PLACEMENT_3D('',#631,#632,#633);
#631=CARTESIAN_POINT('',(-1.71209807897637E-14,74.0218009967974,102.9));
#632=DIRECTION('',(-2.31296463463574E-16,1.,0.));
#633=DIRECTION('',(-1.,-2.31296463463574E-16,0.));
#634=FACE_BOUND('',#635,.T.);
#635=EDGE_LOOP('',(#5627,#5628,#5629,#5630));
#636=PLANE('',#637);
#637=AXIS2_PLACEMENT_3D('',#638,#639,#640);
#638=CARTESIAN_POINT('',(63.4783626186445,63.4783626186446,102.9));
#639=DIRECTION('',(0.707106781186547,0.707106781186548,0.));
#640=DIRECTION('',(-0.707106781186548,0.707106781186547,0.));
#641=FACE_BOUND('',#642,.T.);
#642=EDGE_LOOP('',(#5631,#5632,#5633,#5634));
#643=PLANE('',#644);
#644=AXIS2_PLACEMENT_3D('',#645,#646,#647);
#645=CARTESIAN_POINT('',(60.5500000000001,3.00107161343988E-14,102.9));
#646=DIRECTION('',(1.,4.95635278850517E-16,0.));
#647=DIRECTION('',(-4.95635278850517E-16,1.,0.));
#648=FACE_BOUND('',#649,.T.);
#649=EDGE_LOOP('',(#5635,#5636,#5637,#5638));
#650=PLANE('',#651);
#651=AXIS2_PLACEMENT_3D('',#652,#653,#654);
#652=CARTESIAN_POINT('',(22.0065616218471,-22.0065616218472,102.9));
#653=DIRECTION('',(0.707106781186546,-0.707106781186549,0.));
#654=DIRECTION('',(0.707106781186549,0.707106781186546,0.));
#655=FACE_BOUND('',#656,.T.);
#656=EDGE_LOOP('',(#5639,#5640,#5641,#5642));
#657=PLANE('',#658);
#658=AXIS2_PLACEMENT_3D('',#659,#660,#661);
#659=CARTESIAN_POINT('',(-1.54768576371376E-15,8.92180099679734,102.9));
#660=DIRECTION('',(1.73472347597681E-16,-1.,0.));
#661=DIRECTION('',(1.,1.73472347597681E-16,0.));
#662=FACE_BOUND('',#663,.T.);
#663=EDGE_LOOP('',(#5643,#5644,#5645,#5646));
#664=PLANE('',#665);
#665=AXIS2_PLACEMENT_3D('',#666,#667,#668);
#666=CARTESIAN_POINT('',(-22.0065616218472,-22.0065616218472,102.9));
#667=DIRECTION('',(-0.707106781186547,-0.707106781186548,0.));
#668=DIRECTION('',(0.707106781186548,-0.707106781186547,0.));
#669=FACE_BOUND('',#670,.T.);
#670=EDGE_LOOP('',(#5647,#5648,#5649,#5650));
#671=PLANE('',#672);
#672=AXIS2_PLACEMENT_3D('',#673,#674,#675);
#673=CARTESIAN_POINT('',(-60.55,0.,102.9));
#674=DIRECTION('',(-1.,0.,0.));
#675=DIRECTION('',(0.,0.,1.));
#676=FACE_BOUND('',#677,.T.);
#677=EDGE_LOOP('',(#5651,#5652,#5653,#5654));
#678=PLANE('',#679);
#679=AXIS2_PLACEMENT_3D('',#680,#681,#682);
#680=CARTESIAN_POINT('',(-63.4783626186446,63.4783626186445,102.9));
#681=DIRECTION('',(-0.707106781186548,0.707106781186547,0.));
#682=DIRECTION('',(-0.707106781186547,-0.707106781186548,0.));
#683=FACE_BOUND('',#684,.T.);
#684=EDGE_LOOP('',(#5655,#5656,#5657,#5658,#5659,#5660,#5661,#5662));
#685=FACE_BOUND('',#686,.T.);
#686=EDGE_LOOP('',(#5663,#5664,#5665,#5666,#5667,#5668,#5669,#5670));
#687=PLANE('',#688);
#688=AXIS2_PLACEMENT_3D('',#689,#690,#691);
#689=CARTESIAN_POINT('',(0.,0.,102.9));
#690=DIRECTION('',(0.,0.,1.));
#691=DIRECTION('',(1.,0.,0.));
#692=FACE_BOUND('',#693,.T.);
#693=EDGE_LOOP('',(#5671,#5672,#5673,#5674));
#694=PLANE('',#695);
#695=AXIS2_PLACEMENT_3D('',#696,#697,#698);
#696=CARTESIAN_POINT('',(-1.66352582164902E-14,71.9218009967973,102.9));
#697=DIRECTION('',(-2.31296463463574E-16,1.,0.));
#698=DIRECTION('',(-1.,-2.31296463463574E-16,0.));
#699=FACE_BOUND('',#700,.T.);
#700=EDGE_LOOP('',(#5675,#5676,#5677,#5678));
#701=PLANE('',#702);
#702=AXIS2_PLACEMENT_3D('',#703,#704,#705);
#703=CARTESIAN_POINT('',(61.9934383781527,61.9934383781529,102.9));
#704=DIRECTION('',(0.707106781186547,0.707106781186548,0.));
#705=DIRECTION('',(-0.707106781186548,0.707106781186547,0.));
#706=FACE_BOUND('',#707,.T.);
#707=EDGE_LOOP('',(#5679,#5680,#5681,#5682));
#708=PLANE('',#709);
#709=AXIS2_PLACEMENT_3D('',#710,#711,#712);
#710=CARTESIAN_POINT('',(58.45,2.89698820488127E-14,102.9));
#711=DIRECTION('',(1.,4.95635278850517E-16,0.));
#712=DIRECTION('',(-4.95635278850517E-16,1.,0.));
#713=FACE_BOUND('',#714,.T.);
#714=EDGE_LOOP('',(#5683,#5684,#5685,#5686));
#715=PLANE('',#716);
#716=AXIS2_PLACEMENT_3D('',#717,#718,#719);
#717=CARTESIAN_POINT('',(20.5216373813553,-20.5216373813554,102.9));
#718=DIRECTION('',(0.707106781186546,-0.707106781186549,0.));
#719=DIRECTION('',(0.707106781186549,0.707106781186546,0.));
#720=FACE_BOUND('',#721,.T.);
#721=EDGE_LOOP('',(#5687,#5688,#5689,#5690));
#722=PLANE('',#723);
#723=AXIS2_PLACEMENT_3D('',#724,#725,#726);
#724=CARTESIAN_POINT('',(-1.91197769366889E-15,11.0218009967973,102.9));
#725=DIRECTION('',(1.73472347597681E-16,-1.,0.));
#726=DIRECTION('',(1.,1.73472347597681E-16,0.));
#727=FACE_BOUND('',#728,.T.);
#728=EDGE_LOOP('',(#5691,#5692,#5693,#5694));
#729=PLANE('',#730);
#730=AXIS2_PLACEMENT_3D('',#731,#732,#733);
#731=CARTESIAN_POINT('',(-20.5216373813555,-20.5216373813555,102.9));
#732=DIRECTION('',(-0.707106781186547,-0.707106781186548,0.));
#733=DIRECTION('',(0.707106781186548,-0.707106781186547,0.));
#734=FACE_BOUND('',#735,.T.);
#735=EDGE_LOOP('',(#5695,#5696,#5697,#5698));
#736=PLANE('',#737);
#737=AXIS2_PLACEMENT_3D('',#738,#739,#740);
#738=CARTESIAN_POINT('',(-58.45,0.,102.9));
#739=DIRECTION('',(-1.,0.,0.));
#740=DIRECTION('',(0.,0.,1.));
#741=FACE_BOUND('',#742,.T.);
#742=EDGE_LOOP('',(#5699,#5700,#5701,#5702));
#743=PLANE('',#744);
#744=AXIS2_PLACEMENT_3D('',#745,#746,#747);
#745=CARTESIAN_POINT('',(-61.9934383781528,61.9934383781528,102.9));
#746=DIRECTION('',(-0.707106781186548,0.707106781186547,0.));
#747=DIRECTION('',(-0.707106781186547,-0.707106781186548,0.));
#748=FACE_BOUND('',#749,.T.);
#749=EDGE_LOOP('',(#5703,#5704,#5705,#5706,#5707,#5708,#5709,#5710));
#750=PLANE('',#751);
#751=AXIS2_PLACEMENT_3D('',#752,#753,#754);
#752=CARTESIAN_POINT('',(-105.,112.,105.));
#753=DIRECTION('',(0.,0.,-1.));
#754=DIRECTION('',(-1.,0.,0.));
#755=FACE_BOUND('',#756,.T.);
#756=EDGE_LOOP('',(#5711,#5712,#5713,#5714));
#757=PLANE('',#758);
#758=AXIS2_PLACEMENT_3D('',#759,#760,#761);
#759=CARTESIAN_POINT('',(102.9,112.,72.0622091820932));
#760=DIRECTION('',(3.49148133884313E-15,0.,1.));
#761=DIRECTION('',(1.,0.,-3.49148133884313E-15));
#762=FACE_BOUND('',#763,.T.);
#763=EDGE_LOOP('',(#5715,#5716,#5717,#5718));
#764=PLANE('',#765);
#765=AXIS2_PLACEMENT_3D('',#766,#767,#768);
#766=CARTESIAN_POINT('',(102.9,112.,69.9622091820932));
#767=DIRECTION('',(3.49148133884313E-15,0.,1.));
#768=DIRECTION('',(1.,0.,-3.49148133884313E-15));
#769=FACE_BOUND('',#770,.T.);
#770=EDGE_LOOP('',(#5719,#5720,#5721,#5722));
#771=PLANE('',#772);
#772=AXIS2_PLACEMENT_3D('',#773,#774,#775);
#773=CARTESIAN_POINT('',(102.9,0.,-3.59273429766958E-13));
#774=DIRECTION('',(1.,0.,-3.49148133884313E-15));
#775=DIRECTION('',(-3.49148133884313E-15,0.,-1.));
#776=FACE_BOUND('',#777,.T.);
#777=EDGE_LOOP('',(#5723,#5724,#5725,#5726));
#778=PLANE('',#779);
#779=AXIS2_PLACEMENT_3D('',#780,#781,#782);
#780=CARTESIAN_POINT('',(-102.899999999999,112.,69.9622091820947));
#781=DIRECTION('',(-1.04744440165294E-14,0.,-1.));
#782=DIRECTION('',(-1.,0.,1.04744440165294E-14));
#783=FACE_BOUND('',#784,.T.);
#784=EDGE_LOOP('',(#5727,#5728,#5729,#5730));
#785=PLANE('',#786);
#786=AXIS2_PLACEMENT_3D('',#787,#788,#789);
#787=CARTESIAN_POINT('',(-102.899999999999,112.,72.0622091820947));
#788=DIRECTION('',(-1.04744440165294E-14,0.,-1.));
#789=DIRECTION('',(-1.,0.,1.04744440165294E-14));
#790=FACE_BOUND('',#791,.T.);
#791=EDGE_LOOP('',(#5731,#5732,#5733,#5734));
#792=PLANE('',#793);
#793=AXIS2_PLACEMENT_3D('',#794,#795,#796);
#794=CARTESIAN_POINT('',(-102.9,0.,1.07782028930088E-12));
#795=DIRECTION('',(-1.,0.,1.04744440165294E-14));
#796=DIRECTION('',(1.04744440165294E-14,0.,1.));
#797=FACE_BOUND('',#798,.T.);
#798=EDGE_LOOP('',(#5735,#5736,#5737,#5738));
#799=PLANE('',#800);
#800=AXIS2_PLACEMENT_3D('',#801,#802,#803);
#801=CARTESIAN_POINT('',(-102.900000000001,112.,-72.0622091820925));
#802=DIRECTION('',(-1.04744440165294E-14,0.,-1.));
#803=DIRECTION('',(-1.,0.,1.04744440165294E-14));
#804=FACE_BOUND('',#805,.T.);
#805=EDGE_LOOP('',(#5739,#5740,#5741,#5742));
#806=PLANE('',#807);
#807=AXIS2_PLACEMENT_3D('',#808,#809,#810);
#808=CARTESIAN_POINT('',(-102.900000000001,112.,-69.9622091820925));
#809=DIRECTION('',(-1.04744440165294E-14,0.,-1.));
#810=DIRECTION('',(-1.,0.,1.04744440165294E-14));
#811=FACE_BOUND('',#812,.T.);
#812=EDGE_LOOP('',(#5743,#5744,#5745,#5746));
#813=PLANE('',#814);
#814=AXIS2_PLACEMENT_3D('',#815,#816,#817);
#815=CARTESIAN_POINT('',(-102.9,0.,1.07782028930088E-12));
#816=DIRECTION('',(-1.,0.,1.04744440165294E-14));
#817=DIRECTION('',(1.04744440165294E-14,0.,1.));
#818=FACE_BOUND('',#819,.T.);
#819=EDGE_LOOP('',(#5747,#5748,#5749,#5750));
#820=PLANE('',#821);
#821=AXIS2_PLACEMENT_3D('',#822,#823,#824);
#822=CARTESIAN_POINT('',(-69.9622091820936,112.,-102.9));
#823=DIRECTION('',(1.,0.,0.));
#824=DIRECTION('',(0.,0.,-1.));
#825=FACE_BOUND('',#826,.T.);
#826=EDGE_LOOP('',(#5751,#5752,#5753,#5754));
#827=PLANE('',#828);
#828=AXIS2_PLACEMENT_3D('',#829,#830,#831);
#829=CARTESIAN_POINT('',(-72.0622091820936,112.,-102.9));
#830=DIRECTION('',(1.,0.,0.));
#831=DIRECTION('',(0.,0.,-1.));
#832=FACE_BOUND('',#833,.T.);
#833=EDGE_LOOP('',(#5755,#5756,#5757,#5758));
#834=PLANE('',#835);
#835=AXIS2_PLACEMENT_3D('',#836,#837,#838);
#836=CARTESIAN_POINT('',(0.,0.,-102.9));
#837=DIRECTION('',(0.,0.,-1.));
#838=DIRECTION('',(-1.,0.,0.));
#839=FACE_BOUND('',#840,.T.);
#840=EDGE_LOOP('',(#5759,#5760,#5761,#5762));
#841=PLANE('',#842);
#842=AXIS2_PLACEMENT_3D('',#843,#844,#845);
#843=CARTESIAN_POINT('',(72.0622091820936,112.,-102.9));
#844=DIRECTION('',(1.,0.,0.));
#845=DIRECTION('',(0.,0.,-1.));
#846=FACE_BOUND('',#847,.T.);
#847=EDGE_LOOP('',(#5763,#5764,#5765,#5766));
#848=PLANE('',#849);
#849=AXIS2_PLACEMENT_3D('',#850,#851,#852);
#850=CARTESIAN_POINT('',(69.9622091820936,112.,-102.9));
#851=DIRECTION('',(1.,0.,0.));
#852=DIRECTION('',(0.,0.,-1.));
#853=FACE_BOUND('',#854,.T.);
#854=EDGE_LOOP('',(#5767,#5768,#5769,#5770));
#855=PLANE('',#856);
#856=AXIS2_PLACEMENT_3D('',#857,#858,#859);
#857=CARTESIAN_POINT('',(0.,0.,-102.9));
#858=DIRECTION('',(0.,0.,-1.));
#859=DIRECTION('',(-1.,0.,0.));
#860=FACE_BOUND('',#861,.T.);
#861=EDGE_LOOP('',(#5771,#5772,#5773,#5774));
#862=PLANE('',#863);
#863=AXIS2_PLACEMENT_3D('',#864,#865,#866);
#864=CARTESIAN_POINT('',(102.9,112.,-69.9622091820939));
#865=DIRECTION('',(3.49148133884313E-15,0.,1.));
#866=DIRECTION('',(1.,0.,-3.49148133884313E-15));
#867=FACE_BOUND('',#868,.T.);
#868=EDGE_LOOP('',(#5775,#5776,#5777,#5778));
#869=PLANE('',#870);
#870=AXIS2_PLACEMENT_3D('',#871,#872,#873);
#871=CARTESIAN_POINT('',(102.9,112.,-72.0622091820939));
#872=DIRECTION('',(3.49148133884313E-15,0.,1.));
#873=DIRECTION('',(1.,0.,-3.49148133884313E-15));
#874=FACE_BOUND('',#875,.T.);
#875=EDGE_LOOP('',(#5779,#5780,#5781,#5782));
#876=PLANE('',#877);
#877=AXIS2_PLACEMENT_3D('',#878,#879,#880);
#878=CARTESIAN_POINT('',(102.9,0.,-3.59273429766958E-13));
#879=DIRECTION('',(1.,0.,-3.49148133884313E-15));
#880=DIRECTION('',(-3.49148133884313E-15,0.,-1.));
#881=FACE_BOUND('',#882,.T.);
#882=EDGE_LOOP('',(#5783,#5784,#5785,#5786));
#883=PLANE('',#884);
#884=AXIS2_PLACEMENT_3D('',#885,#886,#887);
#885=CARTESIAN_POINT('',(-102.9,74.0218009967974,1.06069930851111E-12));
#886=DIRECTION('',(-2.42270185777045E-30,1.,-2.31296463463574E-16));
#887=DIRECTION('',(0.,2.31296463463574E-16,1.));
#888=FACE_BOUND('',#889,.T.);
#889=EDGE_LOOP('',(#5787,#5788,#5789,#5790));
#890=PLANE('',#891);
#891=AXIS2_PLACEMENT_3D('',#892,#893,#894);
#892=CARTESIAN_POINT('',(-102.899999999999,63.4783626186446,63.4783626186456));
#893=DIRECTION('',(7.40655039324678E-15,0.707106781186548,0.707106781186547));
#894=DIRECTION('',(0.,-0.707106781186547,0.707106781186548));
#895=FACE_BOUND('',#896,.T.);
#896=EDGE_LOOP('',(#5791,#5792,#5793,#5794));
#897=PLANE('',#898);
#898=AXIS2_PLACEMENT_3D('',#899,#900,#901);
#899=CARTESIAN_POINT('',(-102.899999999999,3.00107161343988E-14,60.5500000000011));
#900=DIRECTION('',(1.04744440165294E-14,4.95635278850517E-16,1.));
#901=DIRECTION('',(1.,0.,-1.04744440165294E-14));
#902=FACE_BOUND('',#903,.T.);
#903=EDGE_LOOP('',(#5795,#5796,#5797,#5798));
#904=PLANE('',#905);
#905=AXIS2_PLACEMENT_3D('',#906,#907,#908);
#906=CARTESIAN_POINT('',(-102.9,-22.0065616218472,22.0065616218481));
#907=DIRECTION('',(7.40655039324678E-15,-0.707106781186549,0.707106781186546));
#908=DIRECTION('',(0.,-0.707106781186546,-0.707106781186549));
#909=FACE_BOUND('',#910,.T.);
#910=EDGE_LOOP('',(#5799,#5800,#5801,#5802));
#911=PLANE('',#912);
#912=AXIS2_PLACEMENT_3D('',#913,#914,#915);
#913=CARTESIAN_POINT('',(-102.9,8.92180099679734,1.07627260353716E-12));
#914=DIRECTION('',(1.81702639332783E-30,-1.,1.73472347597681E-16));
#915=DIRECTION('',(0.,-1.73472347597681E-16,-1.));
#916=FACE_BOUND('',#917,.T.);
#917=EDGE_LOOP('',(#5803,#5804,#5805,#5806));
#918=PLANE('',#919);
#919=AXIS2_PLACEMENT_3D('',#920,#921,#922);
#920=CARTESIAN_POINT('',(-102.9,-22.0065616218472,-22.0065616218461));
#921=DIRECTION('',(-7.40655039324679E-15,-0.707106781186548,-0.707106781186547));
#922=DIRECTION('',(0.,0.707106781186547,-0.707106781186548));
#923=FACE_BOUND('',#924,.T.);
#924=EDGE_LOOP('',(#5807,#5808,#5809,#5810));
#925=PLANE('',#926);
#926=AXIS2_PLACEMENT_3D('',#927,#928,#929);
#927=CARTESIAN_POINT('',(-102.900000000001,0.,-60.5499999999989));
#928=DIRECTION('',(-1.04744440165294E-14,0.,-1.));
#929=DIRECTION('',(-1.,0.,1.04744440165294E-14));
#930=FACE_BOUND('',#931,.T.);
#931=EDGE_LOOP('',(#5811,#5812,#5813,#5814));
#932=PLANE('',#933);
#933=AXIS2_PLACEMENT_3D('',#934,#935,#936);
#934=CARTESIAN_POINT('',(-102.900000000001,63.4783626186445,-63.4783626186435));
#935=DIRECTION('',(-7.4065503932468E-15,0.707106781186547,-0.707106781186548));
#936=DIRECTION('',(0.,0.707106781186548,0.707106781186547));
#937=FACE_BOUND('',#938,.T.);
#938=EDGE_LOOP('',(#5815,#5816,#5817,#5818));
#939=PLANE('',#940);
#940=AXIS2_PLACEMENT_3D('',#941,#942,#943);
#941=CARTESIAN_POINT('',(1.71209807897637E-14,74.0218009967974,-102.9));
#942=DIRECTION('',(2.31296463463574E-16,1.,0.));
#943=DIRECTION('',(-1.,2.31296463463574E-16,0.));
#944=FACE_BOUND('',#945,.T.);
#945=EDGE_LOOP('',(#5819,#5820,#5821,#5822));
#946=PLANE('',#947);
#947=AXIS2_PLACEMENT_3D('',#948,#949,#950);
#948=CARTESIAN_POINT('',(-63.4783626186445,63.4783626186446,-102.9));
#949=DIRECTION('',(-0.707106781186547,0.707106781186548,0.));
#950=DIRECTION('',(-0.707106781186548,-0.707106781186547,0.));
#951=FACE_BOUND('',#952,.T.);
#952=EDGE_LOOP('',(#5823,#5824,#5825,#5826));
#953=PLANE('',#954);
#954=AXIS2_PLACEMENT_3D('',#955,#956,#957);
#955=CARTESIAN_POINT('',(-60.5500000000001,3.00107161343988E-14,-102.9));
#956=DIRECTION('',(-1.,4.95635278850517E-16,0.));
#957=DIRECTION('',(-4.95635278850517E-16,-1.,0.));
#958=FACE_BOUND('',#959,.T.);
#959=EDGE_LOOP('',(#5827,#5828,#5829,#5830));
#960=PLANE('',#961);
#961=AXIS2_PLACEMENT_3D('',#962,#963,#964);
#962=CARTESIAN_POINT('',(-22.0065616218471,-22.0065616218472,-102.9));
#963=DIRECTION('',(-0.707106781186546,-0.707106781186549,0.));
#964=DIRECTION('',(0.707106781186549,-0.707106781186546,0.));
#965=FACE_BOUND('',#966,.T.);
#966=EDGE_LOOP('',(#5831,#5832,#5833,#5834));
#967=PLANE('',#968);
#968=AXIS2_PLACEMENT_3D('',#969,#970,#971);
#969=CARTESIAN_POINT('',(1.54768576371376E-15,8.92180099679734,-102.9));
#970=DIRECTION('',(-1.73472347597681E-16,-1.,0.));
#971=DIRECTION('',(1.,-1.73472347597681E-16,0.));
#972=FACE_BOUND('',#973,.T.);
#973=EDGE_LOOP('',(#5835,#5836,#5837,#5838));
#974=PLANE('',#975);
#975=AXIS2_PLACEMENT_3D('',#976,#977,#978);
#976=CARTESIAN_POINT('',(22.0065616218472,-22.0065616218472,-102.9));
#977=DIRECTION('',(0.707106781186547,-0.707106781186548,0.));
#978=DIRECTION('',(0.707106781186548,0.707106781186547,0.));
#979=FACE_BOUND('',#980,.T.);
#980=EDGE_LOOP('',(#5839,#5840,#5841,#5842));
#981=PLANE('',#982);
#982=AXIS2_PLACEMENT_3D('',#983,#984,#985);
#983=CARTESIAN_POINT('',(60.55,0.,-102.9));
#984=DIRECTION('',(1.,0.,0.));
#985=DIRECTION('',(0.,0.,-1.));
#986=FACE_BOUND('',#987,.T.);
#987=EDGE_LOOP('',(#5843,#5844,#5845,#5846));
#988=PLANE('',#989);
#989=AXIS2_PLACEMENT_3D('',#990,#991,#992);
#990=CARTESIAN_POINT('',(63.4783626186446,63.4783626186445,-102.9));
#991=DIRECTION('',(0.707106781186548,0.707106781186547,0.));
#992=DIRECTION('',(-0.707106781186547,0.707106781186548,0.));
#993=FACE_BOUND('',#994,.T.);
#994=EDGE_LOOP('',(#5847,#5848,#5849,#5850,#5851,#5852,#5853,#5854));
#995=FACE_BOUND('',#996,.T.);
#996=EDGE_LOOP('',(#5855,#5856,#5857,#5858,#5859,#5860,#5861,#5862));
#997=PLANE('',#998);
#998=AXIS2_PLACEMENT_3D('',#999,#1000,#1001);
#999=CARTESIAN_POINT('',(0.,0.,-102.9));
#1000=DIRECTION('',(0.,0.,-1.));
#1001=DIRECTION('',(-1.,0.,0.));
#1002=FACE_BOUND('',#1003,.T.);
#1003=EDGE_LOOP('',(#5863,#5864,#5865,#5866));
#1004=PLANE('',#1005);
#1005=AXIS2_PLACEMENT_3D('',#1006,#1007,#1008);
#1006=CARTESIAN_POINT('',(1.66352582164902E-14,71.9218009967973,-102.9));
#1007=DIRECTION('',(2.31296463463574E-16,1.,0.));
#1008=DIRECTION('',(-1.,2.31296463463574E-16,0.));
#1009=FACE_BOUND('',#1010,.T.);
#1010=EDGE_LOOP('',(#5867,#5868,#5869,#5870));
#1011=PLANE('',#1012);
#1012=AXIS2_PLACEMENT_3D('',#1013,#1014,#1015);
#1013=CARTESIAN_POINT('',(-61.9934383781527,61.9934383781529,-102.9));
#1014=DIRECTION('',(-0.707106781186547,0.707106781186548,0.));
#1015=DIRECTION('',(-0.707106781186548,-0.707106781186547,0.));
#1016=FACE_BOUND('',#1017,.T.);
#1017=EDGE_LOOP('',(#5871,#5872,#5873,#5874));
#1018=PLANE('',#1019);
#1019=AXIS2_PLACEMENT_3D('',#1020,#1021,#1022);
#1020=CARTESIAN_POINT('',(-58.45,2.89698820488127E-14,-102.9));
#1021=DIRECTION('',(-1.,4.95635278850517E-16,0.));
#1022=DIRECTION('',(-4.95635278850517E-16,-1.,0.));
#1023=FACE_BOUND('',#1024,.T.);
#1024=EDGE_LOOP('',(#5875,#5876,#5877,#5878));
#1025=PLANE('',#1026);
#1026=AXIS2_PLACEMENT_3D('',#1027,#1028,#1029);
#1027=CARTESIAN_POINT('',(-20.5216373813553,-20.5216373813554,-102.9));
#1028=DIRECTION('',(-0.707106781186546,-0.707106781186549,0.));
#1029=DIRECTION('',(0.707106781186549,-0.707106781186546,0.));
#1030=FACE_BOUND('',#1031,.T.);
#1031=EDGE_LOOP('',(#5879,#5880,#5881,#5882));
#1032=PLANE('',#1033);
#1033=AXIS2_PLACEMENT_3D('',#1034,#1035,#1036);
#1034=CARTESIAN_POINT('',(1.91197769366889E-15,11.0218009967973,-102.9));
#1035=DIRECTION('',(-1.73472347597681E-16,-1.,0.));
#1036=DIRECTION('',(1.,-1.73472347597681E-16,0.));
#1037=FACE_BOUND('',#1038,.T.);
#1038=EDGE_LOOP('',(#5883,#5884,#5885,#5886));
#1039=PLANE('',#1040);
#1040=AXIS2_PLACEMENT_3D('',#1041,#1042,#1043);
#1041=CARTESIAN_POINT('',(20.5216373813555,-20.5216373813555,-102.9));
#1042=DIRECTION('',(0.707106781186547,-0.707106781186548,0.));
#1043=DIRECTION('',(0.707106781186548,0.707106781186547,0.));
#1044=FACE_BOUND('',#1045,.T.);
#1045=EDGE_LOOP('',(#5887,#5888,#5889,#5890));
#1046=PLANE('',#1047);
#1047=AXIS2_PLACEMENT_3D('',#1048,#1049,#1050);
#1048=CARTESIAN_POINT('',(58.45,0.,-102.9));
#1049=DIRECTION('',(1.,0.,0.));
#1050=DIRECTION('',(0.,0.,-1.));
#1051=FACE_BOUND('',#1052,.T.);
#1052=EDGE_LOOP('',(#5891,#5892,#5893,#5894));
#1053=PLANE('',#1054);
#1054=AXIS2_PLACEMENT_3D('',#1055,#1056,#1057);
#1055=CARTESIAN_POINT('',(61.9934383781528,61.9934383781528,-102.9));
#1056=DIRECTION('',(0.707106781186548,0.707106781186547,0.));
#1057=DIRECTION('',(-0.707106781186547,0.707106781186548,0.));
#1058=FACE_BOUND('',#1059,.T.);
#1059=EDGE_LOOP('',(#5895,#5896,#5897,#5898));
#1060=PLANE('',#1061);
#1061=AXIS2_PLACEMENT_3D('',#1062,#1063,#1064);
#1062=CARTESIAN_POINT('',(102.9,74.0218009967974,-3.42152448977195E-13));
#1063=DIRECTION('',(8.07567285923482E-31,1.,2.31296463463574E-16));
#1064=DIRECTION('',(0.,-2.31296463463574E-16,1.));
#1065=FACE_BOUND('',#1066,.T.);
#1066=EDGE_LOOP('',(#5899,#5900,#5901,#5902));
#1067=PLANE('',#1068);
#1068=AXIS2_PLACEMENT_3D('',#1069,#1070,#1071);
#1069=CARTESIAN_POINT('',(102.9,63.4783626186446,-63.4783626186448));
#1070=DIRECTION('',(-2.46885013108226E-15,0.707106781186548,-0.707106781186547));
#1071=DIRECTION('',(0.,0.707106781186547,0.707106781186548));
#1072=FACE_BOUND('',#1073,.T.);
#1073=EDGE_LOOP('',(#5903,#5904,#5905,#5906));
#1074=PLANE('',#1075);
#1075=AXIS2_PLACEMENT_3D('',#1076,#1077,#1078);
#1076=CARTESIAN_POINT('',(102.9,3.00107161343988E-14,-60.5500000000004));
#1077=DIRECTION('',(-3.49148133884313E-15,4.95635278850517E-16,-1.));
#1078=DIRECTION('',(-1.,0.,3.49148133884313E-15));
#1079=FACE_BOUND('',#1080,.T.);
#1080=EDGE_LOOP('',(#5907,#5908,#5909,#5910));
#1081=PLANE('',#1082);
#1082=AXIS2_PLACEMENT_3D('',#1083,#1084,#1085);
#1083=CARTESIAN_POINT('',(102.9,-22.0065616218472,-22.0065616218474));
#1084=DIRECTION('',(-2.46885013108226E-15,-0.707106781186549,-0.707106781186546));
#1085=DIRECTION('',(0.,0.707106781186546,-0.707106781186549));
#1086=FACE_BOUND('',#1087,.T.);
#1087=EDGE_LOOP('',(#5911,#5912,#5913,#5914));
#1088=PLANE('',#1089);
#1089=AXIS2_PLACEMENT_3D('',#1090,#1091,#1092);
#1090=CARTESIAN_POINT('',(102.9,8.92180099679734,-3.57725744003245E-13));
#1091=DIRECTION('',(-6.05675464442611E-31,-1.,-1.73472347597681E-16));
#1092=DIRECTION('',(0.,1.73472347597681E-16,-1.));
#1093=FACE_BOUND('',#1094,.T.);
#1094=EDGE_LOOP('',(#5915,#5916,#5917,#5918));
#1095=PLANE('',#1096);
#1096=AXIS2_PLACEMENT_3D('',#1097,#1098,#1099);
#1097=CARTESIAN_POINT('',(102.9,-22.0065616218472,22.0065616218468));
#1098=DIRECTION('',(2.46885013108226E-15,-0.707106781186548,0.707106781186547));
#1099=DIRECTION('',(0.,-0.707106781186547,-0.707106781186548));
#1100=FACE_BOUND('',#1101,.T.);
#1101=EDGE_LOOP('',(#5919,#5920,#5921,#5922));
#1102=PLANE('',#1103);
#1103=AXIS2_PLACEMENT_3D('',#1104,#1105,#1106);
#1104=CARTESIAN_POINT('',(102.9,0.,60.5499999999997));
#1105=DIRECTION('',(3.49148133884313E-15,0.,1.));
#1106=DIRECTION('',(1.,0.,-3.49148133884313E-15));
#1107=FACE_BOUND('',#1108,.T.);
#1108=EDGE_LOOP('',(#5923,#5924,#5925,#5926));
#1109=PLANE('',#1110);
#1110=AXIS2_PLACEMENT_3D('',#1111,#1112,#1113);
#1111=CARTESIAN_POINT('',(102.9,63.4783626186445,63.4783626186442));
#1112=DIRECTION('',(2.46885013108227E-15,0.707106781186547,0.707106781186548));
#1113=DIRECTION('',(0.,-0.707106781186548,0.707106781186547));
#1114=FACE_BOUND('',#1115,.T.);
#1115=EDGE_LOOP('',(#5927,#5928,#5929,#5930,#5931,#5932,#5933,#5934));
#1116=PLANE('',#1117);
#1117=AXIS2_PLACEMENT_3D('',#1118,#1119,#1120);
#1118=CARTESIAN_POINT('',(-105.,112.,-105.));
#1119=DIRECTION('',(0.,0.,1.));
#1120=DIRECTION('',(1.,0.,0.));
#1121=FACE_BOUND('',#1122,.T.);
#1122=EDGE_LOOP('',(#5935,#5936,#5937,#5938,#5939,#5940,#5941,#5942));
#1123=PLANE('',#1124);
#1124=AXIS2_PLACEMENT_3D('',#1125,#1126,#1127);
#1125=CARTESIAN_POINT('',(-98.,0.,-8.0953762212251E-16));
#1126=DIRECTION('',(-1.,0.,0.));
#1127=DIRECTION('',(0.,0.,1.));
#1128=FACE_BOUND('',#1129,.T.);
#1129=EDGE_LOOP('',(#5943,#5944,#5945,#5946,#5947,#5948,#5949,#5950));
#1130=PLANE('',#1131);
#1131=AXIS2_PLACEMENT_3D('',#1132,#1133,#1134);
#1132=CARTESIAN_POINT('',(98.,0.,-8.0953762212251E-16));
#1133=DIRECTION('',(1.,0.,0.));
#1134=DIRECTION('',(0.,0.,1.));
#1135=FACE_BOUND('',#1136,.T.);
#1136=EDGE_LOOP('',(#5951,#5952,#5953,#5954,#5955,#5956,#5957));
#1137=CYLINDRICAL_SURFACE('',#1138,17.0753787975407);
#1138=AXIS2_PLACEMENT_3D('',#1139,#1140,#1141);
#1139=CARTESIAN_POINT('',(-87.9246212024593,94.4999999999987,105.014));
#1140=DIRECTION('',(0.,0.,-1.));
#1141=DIRECTION('',(-1.,0.,0.));
#1142=FACE_BOUND('',#1143,.T.);
#1143=EDGE_LOOP('',(#5958,#5959));
#1144=FACE_OUTER_BOUND('',#1145,.T.);
#1145=EDGE_LOOP('',(#5960));
#1146=CYLINDRICAL_SURFACE('',#1147,11.2000000000005);
#1147=AXIS2_PLACEMENT_3D('',#1148,#1149,#1150);
#1148=CARTESIAN_POINT('',(-87.9246212024593,94.4999999999987,-77.));
#1149=DIRECTION('',(0.,0.,-1.));
#1150=DIRECTION('',(-1.,0.,0.));
#1151=FACE_BOUND('',#1152,.T.);
#1152=EDGE_LOOP('',(#5961));
#1153=FACE_BOUND('',#1154,.T.);
#1154=EDGE_LOOP('',(#5962));
#1155=PLANE('',#1156);
#1156=AXIS2_PLACEMENT_3D('',#1157,#1158,#1159);
#1157=CARTESIAN_POINT('',(-87.9246212024593,94.4999999999987,-91.));
#1158=DIRECTION('',(0.,0.,-1.));
#1159=DIRECTION('',(-1.,0.,0.));
#1160=FACE_OUTER_BOUND('',#1161,.T.);
#1161=EDGE_LOOP('',(#5963));
#1162=FACE_OUTER_BOUND('',#1163,.T.);
#1163=EDGE_LOOP('',(#5964));
#1164=CYLINDRICAL_SURFACE('',#1165,12.6000000000005);
#1165=AXIS2_PLACEMENT_3D('',#1166,#1167,#1168);
#1166=CARTESIAN_POINT('',(-87.9246212024593,94.4999999999987,-77.));
#1167=DIRECTION('',(0.,0.,-1.));
#1168=DIRECTION('',(-1.,0.,0.));
#1169=FACE_BOUND('',#1170,.T.);
#1170=EDGE_LOOP('',(#5965));
#1171=PLANE('',#1172);
#1172=AXIS2_PLACEMENT_3D('',#1173,#1174,#1175);
#1173=CARTESIAN_POINT('',(-87.9246212024593,94.4999999999987,-77.));
#1174=DIRECTION('',(0.,0.,-1.));
#1175=DIRECTION('',(-1.,0.,0.));
#1176=FACE_BOUND('',#1177,.T.);
#1177=EDGE_LOOP('',(#5966,#5967,#5968,#5969,#5970,#5971,#5972));
#1178=CYLINDRICAL_SURFACE('',#1179,17.0753787975407);
#1179=AXIS2_PLACEMENT_3D('',#1180,#1181,#1182);
#1180=CARTESIAN_POINT('',(87.9246212024593,94.4999999999987,105.014));
#1181=DIRECTION('',(0.,0.,-1.));
#1182=DIRECTION('',(-1.,0.,0.));
#1183=FACE_BOUND('',#1184,.T.);
#1184=EDGE_LOOP('',(#5973,#5974));
#1185=FACE_OUTER_BOUND('',#1186,.T.);
#1186=EDGE_LOOP('',(#5975));
#1187=CYLINDRICAL_SURFACE('',#1188,11.2000000000005);
#1188=AXIS2_PLACEMENT_3D('',#1189,#1190,#1191);
#1189=CARTESIAN_POINT('',(87.9246212024593,94.4999999999987,-77.));
#1190=DIRECTION('',(0.,0.,-1.));
#1191=DIRECTION('',(-1.,0.,0.));
#1192=FACE_OUTER_BOUND('',#1193,.T.);
#1193=EDGE_LOOP('',(#5976));
#1194=FACE_OUTER_BOUND('',#1195,.T.);
#1195=EDGE_LOOP('',(#5977));
#1196=CYLINDRICAL_SURFACE('',#1197,12.6000000000005);
#1197=AXIS2_PLACEMENT_3D('',#1198,#1199,#1200);
#1198=CARTESIAN_POINT('',(87.9246212024593,94.4999999999987,-77.));
#1199=DIRECTION('',(0.,0.,-1.));
#1200=DIRECTION('',(-1.,0.,0.));
#1201=FACE_BOUND('',#1202,.T.);
#1202=EDGE_LOOP('',(#5978));
#1203=FACE_BOUND('',#1204,.T.);
#1204=EDGE_LOOP('',(#5979));
#1205=PLANE('',#1206);
#1206=AXIS2_PLACEMENT_3D('',#1207,#1208,#1209);
#1207=CARTESIAN_POINT('',(87.9246212024593,94.4999999999987,-91.));
#1208=DIRECTION('',(0.,0.,-1.));
#1209=DIRECTION('',(1.,0.,0.));
#1210=FACE_BOUND('',#1211,.T.);
#1211=EDGE_LOOP('',(#5980));
#1212=PLANE('',#1213);
#1213=AXIS2_PLACEMENT_3D('',#1214,#1215,#1216);
#1214=CARTESIAN_POINT('',(87.9246212024593,94.4999999999987,-77.));
#1215=DIRECTION('',(0.,0.,-1.));
#1216=DIRECTION('',(1.,0.,0.));
#1217=FACE_BOUND('',#1218,.T.);
#1218=EDGE_LOOP('',(#5981,#5982,#5983,#5984,#5985,#5986,#5987));
#1219=CYLINDRICAL_SURFACE('',#1220,17.0753787975407);
#1220=AXIS2_PLACEMENT_3D('',#1221,#1222,#1223);
#1221=CARTESIAN_POINT('',(-87.9246212024593,94.4999999999987,-105.014));
#1222=DIRECTION('',(0.,0.,1.));
#1223=DIRECTION('',(1.,0.,0.));
#1224=FACE_BOUND('',#1225,.T.);
#1225=EDGE_LOOP('',(#5988,#5989));
#1226=FACE_OUTER_BOUND('',#1227,.T.);
#1227=EDGE_LOOP('',(#5990));
#1228=CYLINDRICAL_SURFACE('',#1229,11.2000000000005);
#1229=AXIS2_PLACEMENT_3D('',#1230,#1231,#1232);
#1230=CARTESIAN_POINT('',(-87.9246212024593,94.4999999999987,77.));
#1231=DIRECTION('',(0.,0.,1.));
#1232=DIRECTION('',(1.,0.,0.));
#1233=FACE_OUTER_BOUND('',#1234,.T.);
#1234=EDGE_LOOP('',(#5991));
#1235=FACE_OUTER_BOUND('',#1236,.T.);
#1236=EDGE_LOOP('',(#5992));
#1237=CYLINDRICAL_SURFACE('',#1238,12.6000000000005);
#1238=AXIS2_PLACEMENT_3D('',#1239,#1240,#1241);
#1239=CARTESIAN_POINT('',(-87.9246212024593,94.4999999999987,77.));
#1240=DIRECTION('',(0.,0.,1.));
#1241=DIRECTION('',(1.,0.,0.));
#1242=FACE_BOUND('',#1243,.T.);
#1243=EDGE_LOOP('',(#5993));
#1244=FACE_BOUND('',#1245,.T.);
#1245=EDGE_LOOP('',(#5994));
#1246=PLANE('',#1247);
#1247=AXIS2_PLACEMENT_3D('',#1248,#1249,#1250);
#1248=CARTESIAN_POINT('',(-87.9246212024593,94.4999999999987,91.));
#1249=DIRECTION('',(0.,0.,1.));
#1250=DIRECTION('',(-1.,0.,0.));
#1251=FACE_BOUND('',#1252,.T.);
#1252=EDGE_LOOP('',(#5995));
#1253=PLANE('',#1254);
#1254=AXIS2_PLACEMENT_3D('',#1255,#1256,#1257);
#1255=CARTESIAN_POINT('',(-87.9246212024593,94.4999999999987,77.));
#1256=DIRECTION('',(0.,0.,1.));
#1257=DIRECTION('',(-1.,0.,0.));
#1258=FACE_BOUND('',#1259,.T.);
#1259=EDGE_LOOP('',(#5996,#5997,#5998,#5999,#6000,#6001,#6002));
#1260=CYLINDRICAL_SURFACE('',#1261,17.0753787975407);
#1261=AXIS2_PLACEMENT_3D('',#1262,#1263,#1264);
#1262=CARTESIAN_POINT('',(87.9246212024593,94.4999999999987,-105.014));
#1263=DIRECTION('',(0.,0.,1.));
#1264=DIRECTION('',(1.,0.,0.));
#1265=FACE_BOUND('',#1266,.T.);
#1266=EDGE_LOOP('',(#6003,#6004));
#1267=FACE_OUTER_BOUND('',#1268,.T.);
#1268=EDGE_LOOP('',(#6005));
#1269=CYLINDRICAL_SURFACE('',#1270,11.2000000000005);
#1270=AXIS2_PLACEMENT_3D('',#1271,#1272,#1273);
#1271=CARTESIAN_POINT('',(87.9246212024593,94.4999999999987,77.));
#1272=DIRECTION('',(0.,0.,1.));
#1273=DIRECTION('',(1.,0.,0.));
#1274=FACE_BOUND('',#1275,.T.);
#1275=EDGE_LOOP('',(#6006));
#1276=FACE_BOUND('',#1277,.T.);
#1277=EDGE_LOOP('',(#6007));
#1278=PLANE('',#1279);
#1279=AXIS2_PLACEMENT_3D('',#1280,#1281,#1282);
#1280=CARTESIAN_POINT('',(87.9246212024593,94.4999999999987,91.));
#1281=DIRECTION('',(0.,0.,1.));
#1282=DIRECTION('',(1.,0.,0.));
#1283=FACE_OUTER_BOUND('',#1284,.T.);
#1284=EDGE_LOOP('',(#6008));
#1285=FACE_OUTER_BOUND('',#1286,.T.);
#1286=EDGE_LOOP('',(#6009));
#1287=CYLINDRICAL_SURFACE('',#1288,12.6000000000005);
#1288=AXIS2_PLACEMENT_3D('',#1289,#1290,#1291);
#1289=CARTESIAN_POINT('',(87.9246212024593,94.4999999999987,77.));
#1290=DIRECTION('',(0.,0.,1.));
#1291=DIRECTION('',(1.,0.,0.));
#1292=FACE_BOUND('',#1293,.T.);
#1293=EDGE_LOOP('',(#6010));
#1294=PLANE('',#1295);
#1295=AXIS2_PLACEMENT_3D('',#1296,#1297,#1298);
#1296=CARTESIAN_POINT('',(87.9246212024593,94.4999999999987,77.));
#1297=DIRECTION('',(0.,0.,1.));
#1298=DIRECTION('',(1.,0.,0.));
#1299=FACE_BOUND('',#1300,.T.);
#1300=EDGE_LOOP('',(#6011,#6012,#6013));
#1301=(BOUNDED_SURFACE()B_SPLINE_SURFACE(3,2,(
(#1302,#1303,#1304),
(#1305,#1306,#1307),
(#1308,#1309,#1310),
(#1311,#1312,#1313),
(#1314,#1315,#1316),
(#1317,#1318,#1319),
(#1320,#1321,#1322),
(#1323,#1324,#1325),
(#1326,#1327,#1328),
(#1329,#1330,#1331),
(#1332,#1333,#1334),
(#1335,#1336,#1337),
(#1338,#1339,#1340),
(#1341,#1342,#1343),
(#1344,#1345,#1346),
(#1347,#1348,#1349)),
.UNSPECIFIED.,.F.,.F.,.F.)B_SPLINE_SURFACE_WITH_KNOTS((4,2,2,2,2,2,2,4),
(3,3),
(-1.27089277199323,-0.635446385996617,0.,0.788214487507545,1.57642897501509,2.22014045845932,
2.86385194190354,2.87558112462281),
(0.,1.),
.UNSPECIFIED.)GEOMETRIC_REPRESENTATION_ITEM()RATIONAL_B_SPLINE_SURFACE((
(1.,0.774661329007941,1.),
(1.,0.774661329007941,1.),
(1.,0.829589956951088,1.),
(1.,0.829589956951088,1.),
(1.,0.882202992907309,1.),
(1.,0.882202992907309,1.),
(1.,0.936670584266795,1.),
(1.,0.936670584266795,1.),
(1.,0.97518407625074,1.),
(1.,0.97518407625074,1.),
(1.,0.993664067499847,1.),
(1.,0.993664067499847,1.),
(1.,0.999997999998,1.),
(1.,0.999997999998,1.),
(1.,1.,1.),
(1.,1.,1.)))REPRESENTATION_ITEM('')SURFACE());
#1302=CARTESIAN_POINT('',(97.1749984226472,108.852668126997,-95.9119324399898));
#1303=CARTESIAN_POINT('',(95.6521922871306,109.834125446437,-90.4924456504348));
#1304=CARTESIAN_POINT('',(98.3802975863732,114.736501105475,-89.407462502027));
#1305=CARTESIAN_POINT('',(98.0299633766382,108.301638304483,-95.4325159702887));
#1306=CARTESIAN_POINT('',(96.383212403021,109.447730766112,-90.3964639818894));
#1307=CARTESIAN_POINT('',(99.1035707371314,113.959578259721,-89.1198126291626));
#1308=CARTESIAN_POINT('',(98.7940509610374,107.702762681637,-94.8518468096316));
#1309=CARTESIAN_POINT('',(97.2180341961948,109.032696215343,-90.264539943269));
#1310=CARTESIAN_POINT('',(99.7499645303428,113.115195392836,-88.771411124193));
#1311=CARTESIAN_POINT('',(100.181512560874,106.425856777291,-93.5436375478155));
#1312=CARTESIAN_POINT('',(98.6962987903356,107.913228845672,-89.6760926385798));
#1313=CARTESIAN_POINT('',(100.923712907104,111.314825768398,-87.9864855663412));
#1314=CARTESIAN_POINT('',(100.804276958151,105.747595569936,-92.8152419808946));
#1315=CARTESIAN_POINT('',(99.4766501392687,107.297753697013,-89.3193435492175));
#1316=CARTESIAN_POINT('',(101.450551777686,110.358513427329,-87.5494482258075));
#1317=CARTESIAN_POINT('',(102.059773584822,104.145515499416,-91.0450582898033));
#1318=CARTESIAN_POINT('',(100.99596699375,105.68156328383,-88.257084615043));
#1319=CARTESIAN_POINT('',(102.512661982806,108.099665463497,-86.4873380128604));
#1320=CARTESIAN_POINT('',(102.635963298037,103.23233369408,-90.0039597678748));
#1321=CARTESIAN_POINT('',(101.77719814552,104.713381160945,-87.5758432723391));
#1322=CARTESIAN_POINT('',(103.000100152723,106.812127535036,-85.862678899073));
#1323=CARTESIAN_POINT('',(103.597371504213,101.358726998136,-87.8326922728296));
#1324=CARTESIAN_POINT('',(103.0455317405,102.626687501733,-86.0355624759233));
#1325=CARTESIAN_POINT('',(103.813420911217,104.170441429972,-84.5599184014155));
#1326=CARTESIAN_POINT('',(103.981897096629,100.398233032676,-86.7020235854151));
#1327=CARTESIAN_POINT('',(103.582980841255,101.523375545016,-85.1939380678677));
#1328=CARTESIAN_POINT('',(104.138717331666,102.816195873338,-83.881517181009));
#1329=CARTESIAN_POINT('',(104.519294402817,98.6097627719465,-84.579174035983));
#1330=CARTESIAN_POINT('',(104.323619794107,99.4263151392169,-83.5632209772021));
#1331=CARTESIAN_POINT('',(104.593338355602,100.294547606669,-82.6078074663791));
#1332=CARTESIAN_POINT('',(104.697645734194,97.8025288739805,-83.6146705646254));
#1333=CARTESIAN_POINT('',(104.575175373563,98.4665076466236,-82.8067166859442));
#1334=CARTESIAN_POINT('',(104.744217909441,99.1563906177651,-82.0291053768146));
#1335=CARTESIAN_POINT('',(104.936932783653,96.1799713095197,-81.6701787612768));
#1336=CARTESIAN_POINT('',(104.91071642307,96.5242074223374,-81.2661564680031));
#1337=CARTESIAN_POINT('',(104.946647140842,96.8686704774144,-80.8624102948055));
#1338=CARTESIAN_POINT('',(104.997826154543,95.3598122898392,-80.6843239393118));
#1339=CARTESIAN_POINT('',(104.996934998127,95.5360489740563,-80.4776082749531));
#1340=CARTESIAN_POINT('',(104.998160995762,95.7122897428941,-80.270897401427));
#1341=CARTESIAN_POINT('',(104.999981062962,94.5294536573797,-79.6861634059478));
#1342=CARTESIAN_POINT('',(104.999973299746,94.5354908765712,-79.6790822440327));
#1343=CARTESIAN_POINT('',(104.999983979871,94.5415280953244,-79.6720010816051));
#1344=CARTESIAN_POINT('',(104.999999999977,94.5147710194425,-79.6685136143111));
#1345=CARTESIAN_POINT('',(104.999999999977,94.5177986867924,-79.6649624104918));
#1346=CARTESIAN_POINT('',(104.999999999977,94.5208263541893,-79.6614112067076));
#1347=CARTESIAN_POINT('',(105.,94.4999999999987,-79.6507575950825));
#1348=CARTESIAN_POINT('',(105.,94.4999999999987,-79.6507575950825));
#1349=CARTESIAN_POINT('',(105.,94.4999999999987,-79.6507575950825));
#1350=FACE_BOUND('',#1351,.T.);
#1351=EDGE_LOOP('',(#6014,#6015,#6016,#6017));
#1352=(BOUNDED_SURFACE()B_SPLINE_SURFACE(3,2,(
(#1353,#1354,#1355),
(#1356,#1357,#1358),
(#1359,#1360,#1361),
(#1362,#1363,#1364),
(#1365,#1366,#1367),
(#1368,#1369,#1370),
(#1371,#1372,#1373),
(#1374,#1375,#1376),
(#1377,#1378,#1379),
(#1380,#1381,#1382),
(#1383,#1384,#1385),
(#1386,#1387,#1388),
(#1389,#1390,#1391),
(#1392,#1393,#1394),
(#1395,#1396,#1397),
(#1398,#1399,#1400),
(#1401,#1402,#1403),
(#1404,#1405,#1406),
(#1407,#1408,#1409),
(#1410,#1411,#1412),
(#1413,#1414,#1415),
(#1416,#1417,#1418),
(#1419,#1420,#1421),
(#1422,#1423,#1424),
(#1425,#1426,#1427),
(#1428,#1429,#1430),
(#1431,#1432,#1433),
(#1434,#1435,#1436),
(#1437,#1438,#1439),
(#1440,#1441,#1442),
(#1443,#1444,#1445),
(#1446,#1447,#1448),
(#1449,#1450,#1451),
(#1452,#1453,#1454),
(#1455,#1456,#1457),
(#1458,#1459,#1460),
(#1461,#1462,#1463),
(#1464,#1465,#1466),
(#1467,#1468,#1469),
(#1470,#1471,#1472),
(#1473,#1474,#1475),
(#1476,#1477,#1478),
(#1479,#1480,#1481),
(#1482,#1483,#1484),
(#1485,#1486,#1487),
(#1488,#1489,#1490),
(#1491,#1492,#1493),
(#1494,#1495,#1496),
(#1497,#1498,#1499),
(#1500,#1501,#1502),
(#1503,#1504,#1505),
(#1506,#1507,#1508),
(#1509,#1510,#1511),
(#1512,#1513,#1514),
(#1515,#1516,#1517),
(#1518,#1519,#1520),
(#1521,#1522,#1523),
(#1524,#1525,#1526),
(#1527,#1528,#1529),
(#1530,#1531,#1532),
(#1533,#1534,#1535),
(#1536,#1537,#1538),
(#1539,#1540,#1541),
(#1542,#1543,#1544),
(#1545,#1546,#1547),
(#1548,#1549,#1550),
(#1551,#1552,#1553),
(#1554,#1555,#1556),
(#1557,#1558,#1559),
(#1560,#1561,#1562),
(#1563,#1564,#1565),
(#1566,#1567,#1568),
(#1569,#1570,#1571),
(#1572,#1573,#1574),
(#1575,#1576,#1577),
(#1578,#1579,#1580),
(#1581,#1582,#1583),
(#1584,#1585,#1586),
(#1587,#1588,#1589),
(#1590,#1591,#1592),
(#1593,#1594,#1595),
(#1596,#1597,#1598),
(#1599,#1600,#1601),
(#1602,#1603,#1604),
(#1605,#1606,#1607),
(#1608,#1609,#1610),
(#1611,#1612,#1613),
(#1614,#1615,#1616),
(#1617,#1618,#1619),
(#1620,#1621,#1622),
(#1623,#1624,#1625),
(#1626,#1627,#1628),
(#1629,#1630,#1631),
(#1632,#1633,#1634),
(#1635,#1636,#1637),
(#1638,#1639,#1640),
(#1641,#1642,#1643),
(#1644,#1645,#1646)),
.UNSPECIFIED.,.T.,.F.,.F.)B_SPLINE_SURFACE_WITH_KNOTS((4,2,2,2,2,2,2,2,2,2,2,2,2,
2,2,2,2,2,2,2,2,2,2,2,2,2,2,2,2,2,2,2,2,2,2,2,2,2,2,2,2,2,2,2,2,2,2,2,4),
(3,3),
(0.,0.130899693899575,0.261799387799149,0.392699081698724,0.523598775598299,0.654498469497874,
0.785398163397448,0.916297857297023,1.0471975511966,1.17809724509617,1.30899693899575,
1.43989663289532,1.5707963267949,1.70169602069447,1.83259571459405,1.96349540849362,
2.0943951023932,2.22529479629277,2.35619449019234,2.48709418409192,2.61799387799149,
2.74889357189107,2.87979326579064,3.01069295969022,3.14159265358979,3.27249234748937,
3.40339204138894,3.53429173528852,3.66519142918809,3.79609112308767,3.92699081698724,
4.05789051088682,4.18879020478639,4.31968989868597,4.45058959258554,4.58148928648512,
4.71238898038469,4.84328867428426,4.97418836818384,5.10508806208341,5.23598775598299,
5.36688744988256,5.49778714378214,5.62868683768171,5.75958653158129,5.89048622548086,
6.02138591938044,6.15228561328001,6.28318530717959),
(0.,1.),
.UNSPECIFIED.)GEOMETRIC_REPRESENTATION_ITEM()RATIONAL_B_SPLINE_SURFACE((
(1.,0.382683432365088,1.),
(1.,0.382683432365088,1.),
(1.,0.386615193280101,1.),
(1.,0.386615193280101,1.),
(1.,0.398112608509062,1.),
(1.,0.398112608509062,1.),
(1.,0.416364334184503,1.),
(1.,0.416364334184503,1.),
(1.,0.440242867235917,1.),
(1.,0.440242867235917,1.),
(1.,0.468515993965555,1.),
(1.,0.468515993965555,1.),
(1.,0.499999999999998,1.),
(1.,0.499999999999998,1.),
(1.,0.533638766125136,1.),
(1.,0.533638766125136,1.),
(1.,0.568527312187693,1.),
(1.,0.568527312187693,1.),
(1.,0.603904773092123,1.),
(1.,0.603904773092123,1.),
(1.,0.639135078879175,1.),
(1.,0.639135078879175,1.),
(1.,0.673685402973354,1.),
(1.,0.673685402973354,1.),
(1.,0.707106781186548,1.),
(1.,0.707106781186548,1.),
(1.,0.739018252697881,1.),
(1.,0.739018252697881,1.),
(1.,0.769094500660426,1.),
(1.,0.769094500660426,1.),
(1.,0.797056475437311,1.),
(1.,0.797056475437311,1.),
(1.,0.822664388008036,1.),
(1.,0.822664388008036,1.),
(1.,0.845712520475156,1.),
(1.,0.845712520475156,1.),
(1.,0.866025403784439,1.),
(1.,0.866025403784439,1.),
(1.,0.883455014926321,1.),
(1.,0.883455014926321,1.),
(1.,0.897878732261712,1.),
(1.,0.897878732261712,1.),
(1.,0.909197855925262,1.),
(1.,0.909197855925262,1.),
(1.,0.917336552714493,1.),
(1.,0.917336552714493,1.),
(1.,0.922241124828528,1.),
(1.,0.922241124828528,1.),
(1.,0.923879532511287,1.),
(1.,0.923879532511287,1.),
(1.,0.922241124828528,1.),
(1.,0.922241124828528,1.),
(1.,0.917336552714493,1.),
(1.,0.917336552714493,1.),
(1.,0.909197855925263,1.),
(1.,0.909197855925263,1.),
(1.,0.897878732261712,1.),
(1.,0.897878732261712,1.),
(1.,0.883455014926322,1.),
(1.,0.883455014926322,1.),
(1.,0.866025403784439,1.),
(1.,0.866025403784439,1.),
(1.,0.845712520475156,1.),
(1.,0.845712520475156,1.),
(1.,0.822664388008037,1.),
(1.,0.822664388008037,1.),
(1.,0.797056475437312,1.),
(1.,0.797056475437312,1.),
(1.,0.769094500660426,1.),
(1.,0.769094500660426,1.),
(1.,0.739018252697881,1.),
(1.,0.739018252697881,1.),
(1.,0.707106781186548,1.),
(1.,0.707106781186548,1.),
(1.,0.673685402973355,1.),
(1.,0.673685402973355,1.),
(1.,0.639135078879174,1.),
(1.,0.639135078879174,1.),
(1.,0.603904773092125,1.),
(1.,0.603904773092125,1.),
(1.,0.568527312187693,1.),
(1.,0.568527312187693,1.),
(1.,0.533638766125138,1.),
(1.,0.533638766125138,1.),
(1.,0.5,1.),
(1.,0.5,1.),
(1.,0.468515993965555,1.),
(1.,0.468515993965555,1.),
(1.,0.440242867235917,1.),
(1.,0.440242867235917,1.),
(1.,0.416364334184504,1.),
(1.,0.416364334184504,1.),
(1.,0.398112608509062,1.),
(1.,0.398112608509062,1.),
(1.,0.386615193280101,1.),
(1.,0.386615193280101,1.),
(1.,0.382683432365088,1.),
(1.,0.382683432365088,1.)))REPRESENTATION_ITEM('')SURFACE());
#1353=CARTESIAN_POINT('',(58.8994949366127,94.4999999999987,-130.100505063387));
#1354=CARTESIAN_POINT('',(70.8492424049186,94.4999999999987,-118.150757595082));
#1355=CARTESIAN_POINT('',(70.8492424049186,94.4999999999987,-135.050252531693));
#1356=CARTESIAN_POINT('',(58.8994949365264,93.4495134283738,-130.10050506356));
#1357=CARTESIAN_POINT('',(70.8492424038399,94.4923256183568,-118.150757595394));
#1358=CARTESIAN_POINT('',(70.8492424048754,93.7549460473421,-135.050252531521));
#1359=CARTESIAN_POINT('',(58.9683471275298,92.3990319927594,-130.03165287247));
#1360=CARTESIAN_POINT('',(70.771661347712,94.4709927789096,-118.269239119898));
#1361=CARTESIAN_POINT('',(70.8980755821758,93.0098957375716,-134.981400340776));
#1362=CARTESIAN_POINT('',(59.2425791518776,90.3160329658414,-129.757420848123));
#1363=CARTESIAN_POINT('',(70.6548042133422,94.3568396382255,-118.304295319048));
#1364=CARTESIAN_POINT('',(71.0925736930766,91.5325359121099,-134.707168316428));
#1365=CARTESIAN_POINT('',(59.4479576445294,89.2835255588908,-129.552042355471));
#1366=CARTESIAN_POINT('',(70.4632176154061,94.1689370416344,-118.61183313496));
#1367=CARTESIAN_POINT('',(71.2382376756857,90.8002336196713,-134.501789823863));
#1368=CARTESIAN_POINT('',(59.9917295073038,87.2541413393848,-129.008270492696));
#1369=CARTESIAN_POINT('',(70.3069166060269,93.7996819896293,-118.618032643607));
#1370=CARTESIAN_POINT('',(71.6239059808062,89.3608999100395,-133.958017960916));
#1371=CARTESIAN_POINT('',(60.3301202187442,86.2572744490533,-128.669879781299));
#1372=CARTESIAN_POINT('',(70.0990146793048,93.3558377309578,-118.99936148054));
#1373=CARTESIAN_POINT('',(71.8639084176491,88.6538755302272,-133.619627249691));
#1374=CARTESIAN_POINT('',(61.1341278325545,84.316228363479,-127.865872167402));
#1375=CARTESIAN_POINT('',(70.0177033152125,92.6698771260498,-118.883920524943));
#1376=CARTESIAN_POINT('',(72.4341480254193,87.2771953354164,-132.815619635622));
#1377=CARTESIAN_POINT('',(61.5997408039137,83.3720586586562,-127.40025919613));
#1378=CARTESIAN_POINT('',(69.8955557541615,91.9777280238218,-119.214709937985));
#1379=CARTESIAN_POINT('',(72.7643824082602,86.6075462513567,-132.350006664435));
#1380=CARTESIAN_POINT('',(62.6502273755861,81.5525625438005,-126.349772624371));
#1381=CARTESIAN_POINT('',(69.9935939096913,91.005464458428,-118.896140398163));
#1382=CARTESIAN_POINT('',(73.5094363608335,85.3170749511001,-131.299520092677));
#1383=CARTESIAN_POINT('',(63.2350958397461,80.6772450298943,-125.764904160254));
#1384=CARTESIAN_POINT('',(70.0267570417836,90.1367924729742,-119.085792546436));
#1385=CARTESIAN_POINT('',(73.9242522877568,84.6962590443835,-130.714651628646));
#1386=CARTESIAN_POINT('',(64.5140872529493,79.010430968669,-124.485912747051));
#1387=CARTESIAN_POINT('',(70.3722900554406,88.9640476154661,-118.51516035634));
#1388=CARTESIAN_POINT('',(74.8313725056276,83.5140769603018,-129.43566021527));
#1389=CARTESIAN_POINT('',(65.2082039483686,78.2189425710318,-123.791796051632));
#1390=CARTESIAN_POINT('',(70.5898983689379,88.0104507694374,-118.518088369053));
#1391=CARTESIAN_POINT('',(75.3236723611768,82.9527165631843,-128.741543519851));
#1392=CARTESIAN_POINT('',(66.6938163051865,76.7333302142139,-122.306183694814));
#1393=CARTESIAN_POINT('',(71.2116168212289,86.7408118890318,-117.680396440781));
#1394=CARTESIAN_POINT('',(76.3773377656017,81.8990511586731,-127.255931163206));
#1395=CARTESIAN_POINT('',(67.4853047028236,76.0392135187083,-121.514695297176));
#1396=CARTESIAN_POINT('',(71.6119518348357,85.7848903510304,-117.487256870099));
#1397=CARTESIAN_POINT('',(76.9386981628055,81.4067513031239,-126.464442765569));
#1398=CARTESIAN_POINT('',(69.1521187640489,74.7602221056778,-119.847881235951));
#1399=CARTESIAN_POINT('',(72.5075185898169,84.5161321456923,-116.393272705249));
#1400=CARTESIAN_POINT('',(78.1208802468009,80.4996310853395,-124.797628704171));
#1401=CARTESIAN_POINT('',(70.0274362779984,74.1753536414314,-118.972563722002));
#1402=CARTESIAN_POINT('',(73.0710241607012,83.6207963870032,-116.01725063096));
#1403=CARTESIAN_POINT('',(78.7416961535175,80.084815158373,-123.922311190308));
#1404=CARTESIAN_POINT('',(71.8469323927678,73.1248670697591,-117.153067607232));
#1405=CARTESIAN_POINT('',(74.2175580724381,82.4348102703047,-114.694167135901));
#1406=CARTESIAN_POINT('',(80.0321674538604,79.3397612057996,-122.102815075538));
#1407=CARTESIAN_POINT('',(72.7911020975905,72.6592540983998,-116.208897902366));
#1408=CARTESIAN_POINT('',(74.9166830607534,81.6432629868476,-114.159935405612));
#1409=CARTESIAN_POINT('',(80.7018165377906,79.009526823002,-121.158645370759));
#1410=CARTESIAN_POINT('',(74.7321481832512,71.8552464845895,-114.267851816792));
#1411=CARTESIAN_POINT('',(76.2791431253544,80.6040027148178,-112.64423840828));
#1412=CARTESIAN_POINT('',(82.0784967327741,78.4392872151454,-119.217599285012));
#1413=CARTESIAN_POINT('',(75.7290150734963,71.5168557731491,-113.270984926504));
#1414=CARTESIAN_POINT('',(77.0840879132442,79.9436347718957,-111.981068708705));
#1415=CARTESIAN_POINT('',(82.7855211125001,78.1992847783456,-118.22073239481));
#1416=CARTESIAN_POINT('',(77.7583992930887,70.9730839103747,-111.241600706911));
#1417=CARTESIAN_POINT('',(78.6209047681001,79.0985347925178,-110.31393860995));
#1418=CARTESIAN_POINT('',(84.2248548221318,77.8136164732251,-116.191348175217));
#1419=CARTESIAN_POINT('',(78.7909066999915,70.7677054177235,-110.209093300009));
#1420=CARTESIAN_POINT('',(79.5024146646266,78.58519612498,-109.552016323433));
#1421=CARTESIAN_POINT('',(84.957157114524,77.6679524905734,-115.158840768228));
#1422=CARTESIAN_POINT('',(80.8739057269186,70.4934733933745,-108.126094273081));
#1423=CARTESIAN_POINT('',(81.168985042817,77.9675616379769,-107.776583969123));
#1424=CARTESIAN_POINT('',(86.4345169400786,77.473454379758,-113.075841741474));
#1425=CARTESIAN_POINT('',(81.9243871624811,70.424621202458,-107.075612837519));
#1426=CARTESIAN_POINT('',(82.0994682577307,77.608966095313,-106.945261313804));
#1427=CARTESIAN_POINT('',(87.1795672498428,77.424621202458,-112.025360305911));
#1428=CARTESIAN_POINT('',(84.0253603058258,70.424621202458,-104.974639694174));
#1429=CARTESIAN_POINT('',(83.8502792105761,77.240276309603,-105.10499121789));
#1430=CARTESIAN_POINT('',(88.6696751550758,77.424621202458,-109.924387162394));
#1431=CARTESIAN_POINT('',(85.0758417414314,70.4934733933313,-103.924158258569));
#1432=CARTESIAN_POINT('',(84.8041218683246,77.0383800025433,-104.232054402376));
#1433=CARTESIAN_POINT('',(89.4147254648831,77.473454379758,-108.873905726831));
#1434=CARTESIAN_POINT('',(87.1588407682722,70.7677054177667,-101.841159231728));
#1435=CARTESIAN_POINT('',(86.5940809850902,76.9301863874867,-102.369742744209));
#1436=CARTESIAN_POINT('',(90.8920852903514,77.6679524905734,-106.790906700077));
#1437=CARTESIAN_POINT('',(88.1913481752614,70.9730839103747,-100.808651824739));
#1438=CARTESIAN_POINT('',(87.5476451032008,76.8827415659046,-101.481147044837));
#1439=CARTESIAN_POINT('',(91.6243875827867,77.8136164732251,-105.758399293088));
#1440=CARTESIAN_POINT('',(90.2207323947674,71.5168557731491,-98.7792676052326));
#1441=CARTESIAN_POINT('',(89.3329782704515,77.0381502506074,-99.6382295815106));
#1442=CARTESIAN_POINT('',(93.0637212924185,78.1992847783456,-103.729015073495));
#1443=CARTESIAN_POINT('',(91.217599285142,71.8552464845464,-97.782400714858));
#1444=CARTESIAN_POINT('',(90.2645183159829,77.1396901551958,-98.7580172141288));
#1445=CARTESIAN_POINT('',(93.7707456721877,78.4392872151886,-102.732148183207));
#1446=CARTESIAN_POINT('',(93.1586453706301,72.659254098443,-95.8413546293699));
#1447=CARTESIAN_POINT('',(92.003440382321,77.5545155315547,-96.9740240875674));
#1448=CARTESIAN_POINT('',(95.1474258670848,79.0095268229588,-100.791102097633));
#1449=CARTESIAN_POINT('',(94.1028150754959,73.1248670697159,-94.897184924504));
#1450=CARTESIAN_POINT('',(92.8930366729833,77.7969794183951,-96.1242908553865));
#1451=CARTESIAN_POINT('',(95.8170749511013,79.3397612057996,-99.8469323927667));
#1452=CARTESIAN_POINT('',(95.9223111903517,74.1753536414746,-93.0776888096483));
#1453=CARTESIAN_POINT('',(94.5463031552374,78.46066826778,-94.4363693163928));
#1454=CARTESIAN_POINT('',(97.1075462513579,80.0848151583729,-98.0274362779974));
#1455=CARTESIAN_POINT('',(96.7976287043011,74.7602221056778,-92.2023712956989));
#1456=CARTESIAN_POINT('',(95.3758426397998,78.8338139659387,-93.6372253037255));
#1457=CARTESIAN_POINT('',(97.7283621581177,80.4996310853826,-97.1521187640479));
#1458=CARTESIAN_POINT('',(98.4644427654401,76.0392135187083,-90.5355572345599));
#1459=CARTESIAN_POINT('',(96.9072346704734,79.7302232067764,-92.0796973860013));
#1460=CARTESIAN_POINT('',(98.9105442421131,81.4067513030807,-95.4853047028225));
#1461=CARTESIAN_POINT('',(99.2559311631635,76.7333302142139,-89.7440688368365));
#1462=CARTESIAN_POINT('',(97.66043943721,80.2219232876016,-91.3492055492372));
#1463=CARTESIAN_POINT('',(99.4719046392737,81.8990511587162,-94.6938163050991));
#1464=CARTESIAN_POINT('',(100.741543519895,78.2189425710318,-88.2584564801048));
#1465=CARTESIAN_POINT('',(99.0372036003115,81.3300127887185,-89.9531514132413));
#1466=CARTESIAN_POINT('',(100.525570043785,82.9527165631412,-93.2082039484538));
#1467=CARTESIAN_POINT('',(101.435660215401,79.0104309687121,-87.5643397845992));
#1468=CARTESIAN_POINT('',(99.6996958918691,81.9264938621991,-89.3072451917616));
#1469=CARTESIAN_POINT('',(101.017869899377,83.5140769603449,-92.5140872529482));
#1470=CARTESIAN_POINT('',(102.714651628518,80.6772450298511,-86.2853483714824));
#1471=CARTESIAN_POINT('',(100.892944668937,83.2209765161429,-88.1001142474318));
#1472=CARTESIAN_POINT('',(101.924990117075,84.6962590443403,-91.235095839745));
#1473=CARTESIAN_POINT('',(103.299520092721,81.5525625438005,-85.7004799072791));
#1474=CARTESIAN_POINT('',(101.452334215526,83.9070368386078,-87.5525020067889));
#1475=CARTESIAN_POINT('',(102.339806044085,85.3170749511001,-90.6502273755418));
#1476=CARTESIAN_POINT('',(104.350006664393,83.3720586586562,-84.6499933356068));
#1477=CARTESIAN_POINT('',(102.437404981169,85.3590130840561,-86.5577587965158));
#1478=CARTESIAN_POINT('',(103.084859996658,86.6075462513567,-89.5997408039558));
#1479=CARTESIAN_POINT('',(104.815619635752,84.3162283634789,-84.1843803642476));
#1480=CARTESIAN_POINT('',(102.883385148042,86.1182380251713,-86.1198246253726));
#1481=CARTESIAN_POINT('',(103.415094379499,87.2771953354164,-89.1341278325966));
#1482=CARTESIAN_POINT('',(105.619627249563,86.2572744490533,-83.3803727504373));
#1483=CARTESIAN_POINT('',(103.640152330088,87.6958309643983,-85.3566378964977));
#1484=CARTESIAN_POINT('',(103.985333987269,88.6538755302272,-88.3301202187));
#1485=CARTESIAN_POINT('',(105.95801796096,87.2541413393416,-83.04198203904));
#1486=CARTESIAN_POINT('',(103.964593593959,88.5108160234308,-85.0373477736627));
#1487=CARTESIAN_POINT('',(104.225336424112,89.3608999100395,-87.991729507389));
#1488=CARTESIAN_POINT('',(106.501789823821,89.283525558934,-82.4982101761793));
#1489=CARTESIAN_POINT('',(104.477727705769,90.1798153933902,-84.5203309266089));
#1490=CARTESIAN_POINT('',(104.611004729233,90.8002336196713,-87.4479576444419));
#1491=CARTESIAN_POINT('',(106.707168316429,90.3160329658368,-82.2928316835713));
#1492=CARTESIAN_POINT('',(104.674759324991,91.0324003018199,-84.326151875812));
#1493=CARTESIAN_POINT('',(104.756668711841,91.5325359120634,-87.2425791518771));
#1494=CARTESIAN_POINT('',(106.981400340778,92.399031992764,-82.0185996592222));
#1495=CARTESIAN_POINT('',(104.933926964787,92.7569180638503,-84.0651618344095));
#1496=CARTESIAN_POINT('',(104.951166822743,93.0098957376181,-86.968347127528));
#1497=CARTESIAN_POINT('',(107.050252531694,93.4495134282832,-81.9497474683058));
#1498=CARTESIAN_POINT('',(105.,93.6284317140803,-83.9999999999999));
#1499=CARTESIAN_POINT('',(105.,93.7549460473822,-86.8994949366116));
#1500=CARTESIAN_POINT('',(107.050252531694,95.5504865717143,-81.9497474683058));
#1501=CARTESIAN_POINT('',(105.,95.3715682859172,-83.9999999999999));
#1502=CARTESIAN_POINT('',(105.,95.2450539526152,-86.8994949366116));
#1503=CARTESIAN_POINT('',(106.981400340864,96.6009680072335,-82.018599659179));
#1504=CARTESIAN_POINT('',(104.93392696474,96.2430819361472,-84.0651618342997));
#1505=CARTESIAN_POINT('',(104.951166822743,95.9901042623794,-86.9683471274417));
#1506=CARTESIAN_POINT('',(106.707168316342,98.6839670341607,-82.2928316836145));
#1507=CARTESIAN_POINT('',(104.674759325038,97.9675996981776,-84.3261518759218));
#1508=CARTESIAN_POINT('',(104.756668711841,97.4674640879341,-87.2425791519635));
#1509=CARTESIAN_POINT('',(106.501789823778,99.7164744410635,-82.4982101762224));
#1510=CARTESIAN_POINT('',(104.477727705702,98.8201846066073,-84.5203309266757));
#1511=CARTESIAN_POINT('',(104.611004729233,98.1997663803262,-87.4479576444419));
#1512=CARTESIAN_POINT('',(105.958017961003,101.745858660656,-83.0419820389969));
#1513=CARTESIAN_POINT('',(103.964593594026,100.489183976567,-85.037347773596));
#1514=CARTESIAN_POINT('',(104.225336424112,99.6391000899579,-87.991729507389));
#1515=CARTESIAN_POINT('',(105.619627249563,102.742725550944,-83.3803727504373));
#1516=CARTESIAN_POINT('',(103.640152329997,101.304169035714,-85.3566378964977));
#1517=CARTESIAN_POINT('',(103.985333987269,100.346124469727,-88.3301202186999));
#1518=CARTESIAN_POINT('',(104.815619635752,104.683771636519,-84.1843803642476));
#1519=CARTESIAN_POINT('',(102.883385148133,102.881761974712,-86.1198246253726));
#1520=CARTESIAN_POINT('',(103.415094379499,101.722804664624,-89.1341278325966));
#1521=CARTESIAN_POINT('',(104.350006664436,105.627941341341,-84.6499933355636));
#1522=CARTESIAN_POINT('',(102.437404981145,103.640986915941,-86.5577587964054));
#1523=CARTESIAN_POINT('',(103.084859996658,102.392453748641,-89.5997408038695));
#1524=CARTESIAN_POINT('',(103.299520092678,107.447437456197,-85.7004799073223));
#1525=CARTESIAN_POINT('',(101.45233421555,105.09296316139,-87.5525020068993));
#1526=CARTESIAN_POINT('',(102.339806044085,103.682925048897,-90.6502273756281));
#1527=CARTESIAN_POINT('',(102.714651628518,108.322754970146,-86.2853483714824));
#1528=CARTESIAN_POINT('',(100.892944668937,105.779023483855,-88.1001142474318));
#1529=CARTESIAN_POINT('',(101.924990117075,104.303740955657,-91.235095839745));
#1530=CARTESIAN_POINT('',(101.435660215401,109.989569031285,-87.5643397845992));
#1531=CARTESIAN_POINT('',(99.6996958918691,107.073506137798,-89.3072451917616));
#1532=CARTESIAN_POINT('',(101.017869899377,105.485923039653,-92.5140872529482));
#1533=CARTESIAN_POINT('',(100.741543519938,110.781057428966,-88.2584564800617));
#1534=CARTESIAN_POINT('',(99.0372036004045,107.669987211186,-89.9531514132662));
#1535=CARTESIAN_POINT('',(100.525570043742,106.047283436856,-93.2082039484538));
#1536=CARTESIAN_POINT('',(99.2559311631203,112.266669785784,-89.7440688368796));
#1537=CARTESIAN_POINT('',(97.6604394371169,108.778076712489,-91.3492055492123));
#1538=CARTESIAN_POINT('',(99.4719046393169,107.100948841281,-94.6938163050991));
#1539=CARTESIAN_POINT('',(98.4644427654401,112.960786481289,-90.5355572345599));
#1540=CARTESIAN_POINT('',(96.9072346704734,109.269776793152,-92.0796973861387));
#1541=CARTESIAN_POINT('',(98.9105442421131,107.593248696874,-95.4853047029089));
#1542=CARTESIAN_POINT('',(96.7976287043011,114.23977789432,-92.2023712956989));
#1543=CARTESIAN_POINT('',(95.3758426397998,110.166186034128,-93.6372253035881));
#1544=CARTESIAN_POINT('',(97.7283621581177,108.500368914658,-97.1521187639615));
#1545=CARTESIAN_POINT('',(95.9223111903517,114.824646358609,-93.0776888096483));
#1546=CARTESIAN_POINT('',(94.5463031551417,110.539331732191,-94.4363693163496));
#1547=CARTESIAN_POINT('',(97.1075462513579,108.915184841581,-98.0274362779109));
#1548=CARTESIAN_POINT('',(94.102815075496,115.875132930195,-94.897184924504));
#1549=CARTESIAN_POINT('',(92.893036673079,111.203020581629,-96.1242908554297));
#1550=CARTESIAN_POINT('',(95.8170749511014,109.660238794241,-99.846932392853));
#1551=CARTESIAN_POINT('',(93.1586453706732,116.340745901641,-95.8413546293268));
#1552=CARTESIAN_POINT('',(92.0034403821534,111.445484468362,-96.974024087735));
#1553=CARTESIAN_POINT('',(95.1474258669985,109.990473177082,-100.791102097719));
#1554=CARTESIAN_POINT('',(91.2175992850988,117.144753515365,-97.7824007149012));
#1555=CARTESIAN_POINT('',(90.2645183161505,111.860309844883,-98.7580172139612));
#1556=CARTESIAN_POINT('',(93.770745672274,110.560712784766,-102.732148183121));
#1557=CARTESIAN_POINT('',(90.2207323948106,117.483144226848,-98.7792676051894));
#1558=CARTESIAN_POINT('',(89.3329782704515,111.96184974939,-99.6382295815386));
#1559=CARTESIAN_POINT('',(93.0637212923753,110.800715221652,-103.729015073495));
#1560=CARTESIAN_POINT('',(88.1913481752182,118.026916089623,-100.808651824782));
#1561=CARTESIAN_POINT('',(87.5476451032008,112.117258434093,-101.481147044809));
#1562=CARTESIAN_POINT('',(91.6243875828299,111.186383526772,-105.758399293088));
#1563=CARTESIAN_POINT('',(87.1588407683154,118.232294582274,-101.841159231685));
#1564=CARTESIAN_POINT('',(86.5940809851626,112.069813612482,-102.369742744137));
#1565=CARTESIAN_POINT('',(90.8920852903514,111.332047509424,-106.790906700077));
#1566=CARTESIAN_POINT('',(85.0758417413882,118.506526606623,-103.924158258612));
#1567=CARTESIAN_POINT('',(84.8041218682522,111.961619997483,-104.232054402448));
#1568=CARTESIAN_POINT('',(89.4147254648831,111.52654562024,-108.873905726831));
#1569=CARTESIAN_POINT('',(84.0253603058689,118.575378797539,-104.974639694131));
#1570=CARTESIAN_POINT('',(83.8502792105456,111.759723690394,-105.10499121792));
#1571=CARTESIAN_POINT('',(88.6696751550758,111.575378797539,-109.924387162394));
#1572=CARTESIAN_POINT('',(81.9243871624379,118.575378797539,-107.075612837562));
#1573=CARTESIAN_POINT('',(82.0994682577613,111.391033904684,-106.945261313773));
#1574=CARTESIAN_POINT('',(87.1795672498428,111.575378797539,-112.025360305911));
#1575=CARTESIAN_POINT('',(80.8739057269187,118.506526606623,-108.126094273081));
#1576=CARTESIAN_POINT('',(81.1689850428171,111.032438362021,-107.776583969123));
#1577=CARTESIAN_POINT('',(86.4345169400786,111.52654562024,-113.075841741474));
#1578=CARTESIAN_POINT('',(78.7909066999915,118.232294582274,-110.209093300009));
#1579=CARTESIAN_POINT('',(79.5024146646267,110.414803875017,-109.552016323433));
#1580=CARTESIAN_POINT('',(84.957157114524,111.332047509424,-115.158840768228));
#1581=CARTESIAN_POINT('',(77.7583992930887,118.026916089536,-111.241600706911));
#1582=CARTESIAN_POINT('',(78.6209047679894,109.901465207437,-110.31393860995));
#1583=CARTESIAN_POINT('',(84.2248548221318,111.186383526772,-116.191348175217));
#1584=CARTESIAN_POINT('',(75.7290150734963,117.483144226935,-113.270984926504));
#1585=CARTESIAN_POINT('',(77.0840879133549,109.056365228145,-111.981068708705));
#1586=CARTESIAN_POINT('',(82.7855211125001,110.800715221652,-118.22073239481));
#1587=CARTESIAN_POINT('',(74.732148183208,117.144753515451,-114.267851816792));
#1588=CARTESIAN_POINT('',(76.2791431251965,108.395997285259,-112.64423840828));
#1589=CARTESIAN_POINT('',(82.0784967327309,110.560712784852,-119.217599285012));
#1590=CARTESIAN_POINT('',(72.7911020976337,116.340745901554,-116.208897902366));
#1591=CARTESIAN_POINT('',(74.9166830609112,107.356737013071,-114.159935405612));
#1592=CARTESIAN_POINT('',(80.7018165378337,109.990473176996,-121.158645370759));
#1593=CARTESIAN_POINT('',(71.8469323928109,115.875132930282,-117.153067607232));
#1594=CARTESIAN_POINT('',(74.2175580725572,106.565189729736,-114.694167135901));
#1595=CARTESIAN_POINT('',(80.0321674538172,109.660238794241,-122.102815075538));
#1596=CARTESIAN_POINT('',(70.0274362779552,114.824646358523,-118.972563722002));
#1597=CARTESIAN_POINT('',(73.071024160582,105.379203612951,-116.01725063096));
#1598=CARTESIAN_POINT('',(78.7416961535606,108.915184841581,-123.922311190308));
#1599=CARTESIAN_POINT('',(69.152118764049,114.239777894406,-119.847881235951));
#1600=CARTESIAN_POINT('',(72.5075185898169,104.483867854224,-116.393272705249));
#1601=CARTESIAN_POINT('',(78.1208802468009,108.500368914658,-124.797628704171));
#1602=CARTESIAN_POINT('',(67.4853047028237,112.960786481203,-121.514695297176));
#1603=CARTESIAN_POINT('',(71.6119518348357,103.215109649048,-117.487256870099));
#1604=CARTESIAN_POINT('',(76.9386981628055,107.593248696874,-126.464442765569));
#1605=CARTESIAN_POINT('',(66.6938163051434,112.266669785784,-122.306183694814));
#1606=CARTESIAN_POINT('',(71.2116168212288,102.259188111138,-117.680396440695));
#1607=CARTESIAN_POINT('',(76.3773377656449,107.100948841281,-127.255931163033));
#1608=CARTESIAN_POINT('',(65.2082039484118,110.781057428966,-123.791796051632));
#1609=CARTESIAN_POINT('',(70.5898983689379,100.989549230387,-118.518088369139));
#1610=CARTESIAN_POINT('',(75.3236723611336,106.047283436856,-128.741543520024));
#1611=CARTESIAN_POINT('',(64.514087252863,109.989569031329,-124.485912747137));
#1612=CARTESIAN_POINT('',(70.3722900551728,100.035952384307,-118.515160356605));
#1613=CARTESIAN_POINT('',(74.8313725055844,105.485923039653,-129.435660215443));
#1614=CARTESIAN_POINT('',(63.2350958398325,108.322754970103,-125.764904160168));
#1615=CARTESIAN_POINT('',(70.0267570420514,98.8632075272479,-119.085792546171));
#1616=CARTESIAN_POINT('',(73.9242522878,104.303740955657,-130.714651628474));
#1617=CARTESIAN_POINT('',(62.6502273755429,107.447437456197,-126.349772624457));
#1618=CARTESIAN_POINT('',(69.9935939093165,97.994535541287,-118.896140398151));
#1619=CARTESIAN_POINT('',(73.5094363608335,103.682925048897,-131.299520092849));
#1620=CARTESIAN_POINT('',(61.5997408039569,105.627941341341,-127.400259196043));
#1621=CARTESIAN_POINT('',(69.8955557545361,97.0222719764582,-119.214709937997));
#1622=CARTESIAN_POINT('',(72.7643824082602,102.392453748641,-132.350006664263));
#1623=CARTESIAN_POINT('',(61.1341278325545,104.683771636519,-127.865872167402));
#1624=CARTESIAN_POINT('',(70.0177033150656,96.3301228739476,-118.883920524943));
#1625=CARTESIAN_POINT('',(72.4341480254193,101.722804664581,-132.815619635622));
#1626=CARTESIAN_POINT('',(60.3301202187442,102.742725550944,-128.669879781299));
#1627=CARTESIAN_POINT('',(70.0990146794517,95.6441622690396,-118.99936148054));
#1628=CARTESIAN_POINT('',(71.8639084176491,100.34612446977,-133.619627249691));
#1629=CARTESIAN_POINT('',(59.9917295073038,101.745858660613,-129.008270492696));
#1630=CARTESIAN_POINT('',(70.3069166060269,95.2003180103682,-118.618032643607));
#1631=CARTESIAN_POINT('',(71.6239059808062,99.6391000899579,-133.958017960916));
#1632=CARTESIAN_POINT('',(59.4479576445294,99.7164744411067,-129.552042355471));
#1633=CARTESIAN_POINT('',(70.4632176154061,94.8310629583631,-118.61183313496));
#1634=CARTESIAN_POINT('',(71.2382376756857,98.1997663803262,-134.501789823863));
#1635=CARTESIAN_POINT('',(59.2425791518782,98.6839670341607,-129.757420848122));
#1636=CARTESIAN_POINT('',(70.6548042133419,94.6431603617722,-118.304295319048));
#1637=CARTESIAN_POINT('',(71.0925736930771,97.4674640878909,-134.707168316428));
#1638=CARTESIAN_POINT('',(58.9683471275291,96.6009680072335,-130.031652872471));
#1639=CARTESIAN_POINT('',(70.7716613477123,94.5290072210877,-118.269239119898));
#1640=CARTESIAN_POINT('',(70.8980755821754,95.9901042624226,-134.981400340777));
#1641=CARTESIAN_POINT('',(58.8994949365264,95.5504865718438,-130.10050506356));
#1642=CARTESIAN_POINT('',(70.8492424038399,94.5076743810898,-118.150757595394));
#1643=CARTESIAN_POINT('',(70.8492424048754,95.2450539527448,-135.050252531521));
#1644=CARTESIAN_POINT('',(58.8994949366127,94.4999999999987,-130.100505063387));
#1645=CARTESIAN_POINT('',(70.8492424049186,94.4999999999987,-118.150757595082));
#1646=CARTESIAN_POINT('',(70.8492424049186,94.4999999999987,-135.050252531693));
#1647=FACE_BOUND('',#1648,.T.);
#1648=EDGE_LOOP('',(#6018,#6019,#6020,#6021));
#1649=(BOUNDED_SURFACE()B_SPLINE_SURFACE(3,2,(
(#1650,#1651,#1652),
(#1653,#1654,#1655),
(#1656,#1657,#1658),
(#1659,#1660,#1661),
(#1662,#1663,#1664),
(#1665,#1666,#1667),
(#1668,#1669,#1670),
(#1671,#1672,#1673),
(#1674,#1675,#1676),
(#1677,#1678,#1679),
(#1680,#1681,#1682),
(#1683,#1684,#1685),
(#1686,#1687,#1688),
(#1689,#1690,#1691),
(#1692,#1693,#1694),
(#1695,#1696,#1697),
(#1698,#1699,#1700),
(#1701,#1702,#1703),
(#1704,#1705,#1706),
(#1707,#1708,#1709),
(#1710,#1711,#1712),
(#1713,#1714,#1715),
(#1716,#1717,#1718),
(#1719,#1720,#1721),
(#1722,#1723,#1724),
(#1725,#1726,#1727)),
.UNSPECIFIED.,.F.,.F.,.F.)B_SPLINE_SURFACE_WITH_KNOTS((4,2,2,2,2,2,2,2,2,2,2,2,4),
(3,3),
(2.00929480380401,2.3313442205129,2.65339363722179,3.06614443882664,3.47889524043149,
3.81919070192135,4.15948616341121,4.49978162490107,4.84007708639093,5.09509201797486,
5.35010694955878,5.86009340311024,6.37007985666169),
(0.,1.),
.UNSPECIFIED.)GEOMETRIC_REPRESENTATION_ITEM()RATIONAL_B_SPLINE_SURFACE((
(1.,0.977634650041536,1.),
(1.,0.977634650041536,1.),
(1.,0.98430313031238,1.),
(1.,0.98430313031238,1.),
(1.,0.98659675017731,1.),
(1.,0.98659675017731,1.),
(1.,0.98305756340089,1.),
(1.,0.98305756340089,1.),
(1.,0.972830980318555,1.),
(1.,0.972830980318555,1.),
(1.,0.959925124766122,1.),
(1.,0.959925124766122,1.),
(1.,0.94350442924966,1.),
(1.,0.94350442924966,1.),
(1.,0.923849025026622,1.),
(1.,0.923849025026622,1.),
(1.,0.901102132969373,1.),
(1.,0.901102132969373,1.),
(1.,0.8821983691814,1.),
(1.,0.8821983691814,1.),
(1.,0.861862248943213,1.),
(1.,0.861862248943213,1.),
(1.,0.81721371788656,1.),
(1.,0.81721371788656,1.),
(1.,0.765972438857658,1.),
(1.,0.765972438857658,1.)))REPRESENTATION_ITEM('')SURFACE());
#1650=CARTESIAN_POINT('',(86.758259465615,111.535497098068,-106.325636045403));
#1651=CARTESIAN_POINT('',(85.587096510165,111.455311609439,-105.382482648172));
#1652=CARTESIAN_POINT('',(84.477238473292,112.,-104.522761526708));
#1653=CARTESIAN_POINT('',(87.0938136027483,111.558471329962,-105.735392236889));
#1654=CARTESIAN_POINT('',(86.0230086107625,111.507861813241,-104.828488382411));
#1655=CARTESIAN_POINT('',(85.008917150513,112.,-103.99108284964));
#1656=CARTESIAN_POINT('',(87.4431818515027,111.572658526255,-105.164435821325));
#1657=CARTESIAN_POINT('',(86.465116533074,111.546991243763,-104.281810658966));
#1658=CARTESIAN_POINT('',(85.5406907106532,112.,-103.459309289347));
#1659=CARTESIAN_POINT('',(88.1885307171645,111.577406262676,-104.087623039617));
#1660=CARTESIAN_POINT('',(87.3701833492873,111.591630715999,-103.216989924422));
#1661=CARTESIAN_POINT('',(86.6045482933055,112.,-102.395451706695));
#1662=CARTESIAN_POINT('',(88.5852660060774,111.567964492271,-103.582821688099));
#1663=CARTESIAN_POINT('',(87.8336921751154,111.598265249085,-102.699544835811));
#1664=CARTESIAN_POINT('',(87.1366368309747,112.,-101.863363169025));
#1665=CARTESIAN_POINT('',(89.560137815556,111.505726628376,-102.528327861649));
#1666=CARTESIAN_POINT('',(88.9208102131752,111.569203661711,-101.562923792159));
#1667=CARTESIAN_POINT('',(88.3511425260422,112.,-100.648857473958));
#1668=CARTESIAN_POINT('',(90.1389289063225,111.44190483637,-102.027562606209));
#1669=CARTESIAN_POINT('',(89.5312887497345,111.521206472176,-100.979025251583));
#1670=CARTESIAN_POINT('',(89.0095575301845,112.,-99.9904424698155));
#1671=CARTESIAN_POINT('',(91.3270787062835,111.243792320132,-101.134004970686));
#1672=CARTESIAN_POINT('',(90.7358273536134,111.364394283937,-99.8723883895685));
#1673=CARTESIAN_POINT('',(90.2939504596686,112.,-98.7060495403314));
#1674=CARTESIAN_POINT('',(91.935215742508,111.109658839357,-100.738045974707));
#1675=CARTESIAN_POINT('',(91.3289453948809,111.25370040648,-99.3472299542198));
#1676=CARTESIAN_POINT('',(90.9206504482183,112.,-98.0793495519778));
#1677=CARTESIAN_POINT('',(93.0420479484749,110.798785480909,-100.037407224988));
#1678=CARTESIAN_POINT('',(92.3809352742339,111.006104547927,-98.3942164749184));
#1679=CARTESIAN_POINT('',(92.0512571853083,112.,-96.94874281453));
#1680=CARTESIAN_POINT('',(93.5355377735966,110.635456063036,-99.7329030610976));
#1681=CARTESIAN_POINT('',(92.8379139312644,110.874733001491,-97.9696427316239));
#1682=CARTESIAN_POINT('',(92.5514065127108,112.,-96.4485934872892));
#1683=CARTESIAN_POINT('',(94.5005142776888,110.26683092334,-99.1195476306416));
#1684=CARTESIAN_POINT('',(93.7162016963897,110.593660017049,-97.115822645436));
#1685=CARTESIAN_POINT('',(93.5383670828038,112.,-95.4616329171962));
#1686=CARTESIAN_POINT('',(94.9721043297455,110.061548118803,-98.8109613669753));
#1687=CARTESIAN_POINT('',(94.1331857816299,110.436048084783,-96.684221678558));
#1688=CARTESIAN_POINT('',(94.0251186996519,112.,-94.9748813003481));
#1689=CARTESIAN_POINT('',(95.8885222200922,109.613076416332,-98.1710522204788));
#1690=CARTESIAN_POINT('',(94.9324706492059,110.116989353308,-95.8054023241404));
#1691=CARTESIAN_POINT('',(94.9911235924622,112.,-94.0088764075378));
#1692=CARTESIAN_POINT('',(96.3333973787988,109.369881812167,-97.8398661431498));
#1693=CARTESIAN_POINT('',(95.3056300572369,109.942708850675,-95.3531208434077));
#1694=CARTESIAN_POINT('',(95.4703418246066,112.,-93.5296581753934));
#1695=CARTESIAN_POINT('',(97.1930035068331,108.849842901854,-97.1398682144195));
#1696=CARTESIAN_POINT('',(96.0221431431602,109.607127300487,-94.4265856961753));
#1697=CARTESIAN_POINT('',(96.4263403218237,112.,-92.5736596781762));
#1698=CARTESIAN_POINT('',(97.6077558249665,108.572984477281,-96.771133268484));
#1699=CARTESIAN_POINT('',(96.3481966738302,109.427138616931,-93.9428978193981));
#1700=CARTESIAN_POINT('',(96.9030971840118,112.,-92.0969028159882));
#1701=CARTESIAN_POINT('',(98.3043885771707,108.063395459086,-96.0806062479552));
#1702=CARTESIAN_POINT('',(96.9011726810723,109.140224372038,-93.0750271059535));
#1703=CARTESIAN_POINT('',(97.7394683180358,112.,-91.2605316819642));
#1704=CARTESIAN_POINT('',(98.5907424180168,107.83904026306,-95.7729422088566));
#1705=CARTESIAN_POINT('',(97.1107375905606,109.01132208328,-92.6893404017119));
#1706=CARTESIAN_POINT('',(98.0951722041265,112.,-90.9048277958734));
#1707=CARTESIAN_POINT('',(99.1392125223536,107.381346142497,-95.1292952743528));
#1708=CARTESIAN_POINT('',(97.5297749452864,108.7871804531,-91.9162311810695));
#1709=CARTESIAN_POINT('',(98.8036525555002,112.,-90.1963474444997));
#1710=CARTESIAN_POINT('',(99.4013307930243,107.14800288485,-94.793321685671));
#1711=CARTESIAN_POINT('',(97.7071602107773,108.670703951632,-91.5121173353497));
#1712=CARTESIAN_POINT('',(99.1564257820288,112.,-89.84357421785));
#1713=CARTESIAN_POINT('',(100.151251269577,106.439477100938,-93.7359735763293));
#1714=CARTESIAN_POINT('',(98.2584546626747,108.383687127722,-90.3030275713333));
#1715=CARTESIAN_POINT('',(100.213773893188,112.,-88.786226107054));
#1716=CARTESIAN_POINT('',(100.593011453678,105.964947014289,-92.9787192224402));
#1717=CARTESIAN_POINT('',(98.5085406990611,108.212112158348,-89.4481695675191));
#1718=CARTESIAN_POINT('',(100.903830288928,112.,-88.0961697108297));
#1719=CARTESIAN_POINT('',(101.371163971486,105.04151835052,-91.3367730571453));
#1720=CARTESIAN_POINT('',(99.0391178088918,108.035405853536,-87.7602854290682));
#1721=CARTESIAN_POINT('',(102.273380268948,112.,-86.726619731294));
#1722=CARTESIAN_POINT('',(101.707616761826,104.592444018338,-90.4523314188845));
#1723=CARTESIAN_POINT('',(99.1504079050819,107.994552027732,-86.8491638679135));
#1724=CARTESIAN_POINT('',(102.952791388983,112.,-86.0472086119867));
#1725=CARTESIAN_POINT('',(101.996358077209,104.172372118942,-89.4910451441674));
#1726=CARTESIAN_POINT('',(99.3310133068919,108.050017625875,-85.9731162990853));
#1727=CARTESIAN_POINT('',(103.636989496294,112.,-85.3630105037064));
#1728=FACE_BOUND('',#1729,.T.);
#1729=EDGE_LOOP('',(#6022,#6023,#6024,#6025));
#1730=(BOUNDED_SURFACE()B_SPLINE_SURFACE(3,2,(
(#1731,#1732,#1733),
(#1734,#1735,#1736),
(#1737,#1738,#1739),
(#1740,#1741,#1742),
(#1743,#1744,#1745),
(#1746,#1747,#1748),
(#1749,#1750,#1751),
(#1752,#1753,#1754),
(#1755,#1756,#1757),
(#1758,#1759,#1760),
(#1761,#1762,#1763),
(#1764,#1765,#1766),
(#1767,#1768,#1769),
(#1770,#1771,#1772),
(#1773,#1774,#1775),
(#1776,#1777,#1778),
(#1779,#1780,#1781),
(#1782,#1783,#1784),
(#1785,#1786,#1787),
(#1788,#1789,#1790),
(#1791,#1792,#1793),
(#1794,#1795,#1796)),
.UNSPECIFIED.,.F.,.F.,.F.)B_SPLINE_SURFACE_WITH_KNOTS((4,2,2,2,2,2,2,2,2,2,4),
(3,3),
(1.56153908254027,1.83612681007427,2.11071453760828,2.2036634562293,2.29661237485031,
2.70860076406625,3.1205891532822,3.33281274685427,3.54503634042634,3.75725993399842,
3.96948352757049),
(0.,1.),
.UNSPECIFIED.)GEOMETRIC_REPRESENTATION_ITEM()RATIONAL_B_SPLINE_SURFACE((
(1.,0.866892623165532,1.),
(1.,0.866892623165532,1.),
(1.,0.888702014865013,1.),
(1.,0.888702014865013,1.),
(1.,0.910445410587404,1.),
(1.,0.910445410587404,1.),
(1.,0.917619312800986,1.),
(1.,0.917619312800986,1.),
(1.,0.924598718194656,1.),
(1.,0.924598718194656,1.),
(1.,0.951913758016626,1.),
(1.,0.951913758016626,1.),
(1.,0.971794651617156,1.),
(1.,0.971794651617156,1.),
(1.,0.978682768898561,1.),
(1.,0.978682768898561,1.),
(1.,0.983285665458403,1.),
(1.,0.983285665458403,1.),
(1.,0.985891886097242,1.),
(1.,0.985891886097242,1.),
(1.,0.986967510802679,1.),
(1.,0.986967510802679,1.)))REPRESENTATION_ITEM('')SURFACE());
#1731=CARTESIAN_POINT('',(79.2181332717599,109.188962829011,-110.734303328863));
#1732=CARTESIAN_POINT('',(79.0141612653793,109.068063904258,-106.716037326261));
#1733=CARTESIAN_POINT('',(77.1376906977154,112.,-104.694826863138));
#1734=CARTESIAN_POINT('',(79.6131417882514,109.423093510347,-110.696100151952));
#1735=CARTESIAN_POINT('',(79.2562647988246,109.209975770968,-106.818751010306));
#1736=CARTESIAN_POINT('',(77.4618289839912,112.,-104.774728288819));
#1737=CARTESIAN_POINT('',(80.0111313411891,109.637520319511,-110.613674464764));
#1738=CARTESIAN_POINT('',(79.510277219941,109.379291431659,-106.904007563727));
#1739=CARTESIAN_POINT('',(77.795733995861,112.,-104.840835449542));
#1740=CARTESIAN_POINT('',(80.8128965820517,110.030332131388,-110.370133793877));
#1741=CARTESIAN_POINT('',(80.081765270291,109.684969835891,-106.988628402875));
#1742=CARTESIAN_POINT('',(78.4926925415759,112.,-104.941880849604));
#1743=CARTESIAN_POINT('',(81.2166670142954,110.208697183407,-110.208919172316));
#1744=CARTESIAN_POINT('',(80.3853052866624,109.857030611027,-107.007497496767));
#1745=CARTESIAN_POINT('',(78.8557359654209,112.,-104.976827758582));
#1746=CARTESIAN_POINT('',(81.7607129031734,110.424720107844,-109.943203019423));
#1747=CARTESIAN_POINT('',(80.8297023379628,110.062344194703,-106.974994506104));
#1748=CARTESIAN_POINT('',(79.3667449276702,112.,-104.996954977006));
#1749=CARTESIAN_POINT('',(81.8980044320458,110.47716354818,-109.872008255873));
#1750=CARTESIAN_POINT('',(80.9432161680439,110.118428124369,-106.964759059549));
#1751=CARTESIAN_POINT('',(79.4975525199895,112.,-104.999718146435));
#1752=CARTESIAN_POINT('',(82.1720057984343,110.57785062587,-109.721900350522));
#1753=CARTESIAN_POINT('',(81.176582818755,110.219943377062,-106.932200424419));
#1754=CARTESIAN_POINT('',(79.7625271046864,112.,-105.000240974809));
#1755=CARTESIAN_POINT('',(82.3087155719605,110.626094148168,-109.642986741033));
#1756=CARTESIAN_POINT('',(81.2945888697516,110.274186363194,-106.913511451441));
#1757=CARTESIAN_POINT('',(79.8966942837972,112.,-104.998000614432));
#1758=CARTESIAN_POINT('',(83.0498168732212,110.877193148496,-109.193962367242));
#1759=CARTESIAN_POINT('',(81.9510463879995,110.541710037513,-106.780583886286));
#1760=CARTESIAN_POINT('',(80.6351291605947,112.,-104.971127165128));
#1761=CARTESIAN_POINT('',(83.6366879104691,111.03863306716,-108.76178782424));
#1762=CARTESIAN_POINT('',(82.5146803994025,110.751324193381,-106.597528254625));
#1763=CARTESIAN_POINT('',(81.2611342281628,112.,-104.897022809231));
#1764=CARTESIAN_POINT('',(84.7819383388359,111.293936408741,-107.7931899939));
#1765=CARTESIAN_POINT('',(83.6819377747975,111.085907258468,-106.069071479606));
#1766=CARTESIAN_POINT('',(82.5587659969123,112.,-104.611126709346));
#1767=CARTESIAN_POINT('',(85.3400478587047,111.387697916241,-107.256069495806));
#1768=CARTESIAN_POINT('',(84.2841367621287,111.229152403168,-105.728608104763));
#1769=CARTESIAN_POINT('',(83.231131767804,112.,-104.398469786651));
#1770=CARTESIAN_POINT('',(86.1719211102697,111.487576246571,-106.386840740168));
#1771=CARTESIAN_POINT('',(85.2013559795712,111.387410397338,-105.100630133846));
#1772=CARTESIAN_POINT('',(84.2571217564158,112.,-103.943358952154));
#1773=CARTESIAN_POINT('',(86.4505322987694,111.513880885463,-106.083770613887));
#1774=CARTESIAN_POINT('',(85.5118514571701,111.433360779945,-104.869642536037));
#1775=CARTESIAN_POINT('',(84.6044536674243,112.,-103.766441916578));
#1776=CARTESIAN_POINT('',(87.0024130060832,111.552701044196,-105.467901918079));
#1777=CARTESIAN_POINT('',(86.1250381833082,111.505476930249,-104.376171872197));
#1778=CARTESIAN_POINT('',(85.2867113796802,112.,-103.368036733425));
#1779=CARTESIAN_POINT('',(87.275744204902,111.56521049851,-105.155208921198));
#1780=CARTESIAN_POINT('',(86.4278229777305,111.533498827528,-104.114038689574));
#1781=CARTESIAN_POINT('',(85.6215623407305,112.,-103.14650185101));
#1782=CARTESIAN_POINT('',(87.8192643928316,111.577217295659,-104.523900604797));
#1783=CARTESIAN_POINT('',(87.019556815588,111.572531515545,-103.564065698755));
#1784=CARTESIAN_POINT('',(86.2669248780102,112.,-102.663261239285));
#1785=CARTESIAN_POINT('',(88.0895228346738,111.576690474637,-104.205403492225));
#1786=CARTESIAN_POINT('',(87.3085429992916,111.584451780122,-103.276458899111));
#1787=CARTESIAN_POINT('',(86.5772797658706,112.,-102.401635154577));
#1788=CARTESIAN_POINT('',(88.6259657139412,111.563079031562,-103.560906374278));
#1789=CARTESIAN_POINT('',(87.8661199078705,111.59441389718,-102.680435493801));
#1790=CARTESIAN_POINT('',(87.1627953536871,112.,-101.847233235088));
#1791=CARTESIAN_POINT('',(88.8921334404934,111.549963162676,-103.234876418842));
#1792=CARTESIAN_POINT('',(88.1347052755083,111.592855132893,-102.372144038978));
#1793=CARTESIAN_POINT('',(87.4378659668162,112.,-101.55464065879));
#1794=CARTESIAN_POINT('',(89.1536801121509,111.531088493575,-102.90068164653));
#1795=CARTESIAN_POINT('',(88.3903460964702,111.586174959328,-102.053994596612));
#1796=CARTESIAN_POINT('',(87.6926398247819,112.,-101.251157693584));
#1797=FACE_BOUND('',#1798,.T.);
#1798=EDGE_LOOP('',(#6026,#6027,#6028));
#1799=(BOUNDED_SURFACE()B_SPLINE_SURFACE(3,2,(
(#1800,#1801,#1802),
(#1803,#1804,#1805),
(#1806,#1807,#1808),
(#1809,#1810,#1811),
(#1812,#1813,#1814),
(#1815,#1816,#1817),
(#1818,#1819,#1820),
(#1821,#1822,#1823),
(#1824,#1825,#1826),
(#1827,#1828,#1829),
(#1830,#1831,#1832),
(#1833,#1834,#1835),
(#1836,#1837,#1838),
(#1839,#1840,#1841),
(#1842,#1843,#1844),
(#1845,#1846,#1847),
(#1848,#1849,#1850),
(#1851,#1852,#1853)),
.UNSPECIFIED.,.F.,.F.,.F.)B_SPLINE_SURFACE_WITH_KNOTS((4,2,2,2,2,2,2,2,4),
(3,3),
(3.2377742814567,3.65993112236799,4.08208796327928,4.3020156251262,4.52194328697313,
4.91559016008833,5.30923703320352,5.70053942144957,6.09184180969561),
(0.,1.),
.UNSPECIFIED.)GEOMETRIC_REPRESENTATION_ITEM()RATIONAL_B_SPLINE_SURFACE((
(1.,0.720427702521513,1.),
(1.,0.720427702521513,1.),
(1.,0.700199576633405,1.),
(1.,0.700199576633405,1.),
(1.,0.69261316749348,1.),
(1.,0.69261316749348,1.),
(1.,0.694148001980811,1.),
(1.,0.694148001980811,1.),
(1.,0.699281622749072,1.),
(1.,0.699281622749072,1.),
(1.,0.715804339766242,1.),
(1.,0.715804339766242,1.),
(1.,0.738682312507841,1.),
(1.,0.738682312507841,1.),
(1.,0.76393234290466,1.),
(1.,0.76393234290466,1.),
(1.,0.788239953653507,1.),
(1.,0.788239953653507,1.)))REPRESENTATION_ITEM('')SURFACE());
#1800=CARTESIAN_POINT('',(78.6789862194262,72.5513584259646,-104.954934738842));
#1801=CARTESIAN_POINT('',(81.4264207600653,78.6991870567437,-105.210304887942));
#1802=CARTESIAN_POINT('',(80.9077030523573,78.9330021919989,-111.924891231404));
#1803=CARTESIAN_POINT('',(79.2245949663231,72.1414643665132,-105.005648307241));
#1804=CARTESIAN_POINT('',(81.8005644905268,78.5307030996566,-105.123987761724));
#1805=CARTESIAN_POINT('',(81.5526548977542,78.6422862530261,-112.009413839373));
#1806=CARTESIAN_POINT('',(79.778728973399,71.7929073470805,-105.014309060953));
#1807=CARTESIAN_POINT('',(82.1482252052006,78.447467602807,-104.957341023714));
#1808=CARTESIAN_POINT('',(82.2076842670949,78.3950733983808,-112.023848435208));
#1809=CARTESIAN_POINT('',(80.9024782080478,71.2127114975042,-104.940319307279));
#1810=CARTESIAN_POINT('',(82.7396070215783,78.1963183519448,-104.720315270228));
#1811=CARTESIAN_POINT('',(83.5360430033195,77.9835715071442,-111.900532177857));
#1812=CARTESIAN_POINT('',(81.472106940273,70.9811019256409,-104.857784566024));
#1813=CARTESIAN_POINT('',(83.0084238859481,78.104443278283,-104.569768297634));
#1814=CARTESIAN_POINT('',(84.2093883359151,77.8193032224668,-111.762974274765));
#1815=CARTESIAN_POINT('',(82.3494053522265,70.717153266864,-104.651973505759));
#1816=CARTESIAN_POINT('',(83.4175630936026,77.9266388050055,-104.363670845904));
#1817=CARTESIAN_POINT('',(85.2464230902227,77.632098553285,-111.419955843942));
#1818=CARTESIAN_POINT('',(82.6467557368746,70.6440687753244,-104.568261462863));
#1819=CARTESIAN_POINT('',(83.5573076799305,77.8615270312866,-104.296312945725));
#1820=CARTESIAN_POINT('',(85.5979143022554,77.5802636314138,-111.280435771331));
#1821=CARTESIAN_POINT('',(83.2349009785051,70.5296847385069,-104.374199205476));
#1822=CARTESIAN_POINT('',(83.8428254032935,77.7419183520194,-104.145116803247));
#1823=CARTESIAN_POINT('',(86.2931475859223,77.4991371504532,-110.956998675899));
#1824=CARTESIAN_POINT('',(83.5256968736244,70.4883914650687,-104.263850588399));
#1825=CARTESIAN_POINT('',(83.9938484761547,77.6664903149548,-104.081019441346));
#1826=CARTESIAN_POINT('',(86.6368908840309,77.4698500400269,-110.773084314797));
#1827=CARTESIAN_POINT('',(84.3272459895024,70.4140998849294,-103.917760084415));
#1828=CARTESIAN_POINT('',(84.4238469533825,77.5040370515196,-103.841494397678));
#1829=CARTESIAN_POINT('',(87.5843840936557,77.4171589940253,-110.196266805929));
#1830=CARTESIAN_POINT('',(84.8163883989235,70.4144398996396,-103.658072122994));
#1831=CARTESIAN_POINT('',(84.7400076196546,77.3586396040651,-103.712269907729));
#1832=CARTESIAN_POINT('',(88.1625883529164,77.4174001489448,-109.7634535388));
#1833=CARTESIAN_POINT('',(85.7471670370732,70.4861145472157,-103.066669045815));
#1834=CARTESIAN_POINT('',(85.3743496736883,77.1892020523684,-103.297885164321));
#1835=CARTESIAN_POINT('',(89.2628408806026,77.4682351435081,-108.777781742549));
#1836=CARTESIAN_POINT('',(86.1887958128493,70.5576198408645,-102.734948660463));
#1837=CARTESIAN_POINT('',(85.7540055010479,77.0611114293939,-103.100038806005));
#1838=CARTESIAN_POINT('',(89.7848803395217,77.5189500249154,-108.224914434963));
#1839=CARTESIAN_POINT('',(87.0209488195173,70.7506265782744,-101.999127886659));
#1840=CARTESIAN_POINT('',(86.4637642684903,76.9542852393094,-102.511063620869));
#1841=CARTESIAN_POINT('',(90.7685497226966,77.655839382952,-106.998546476912));
#1842=CARTESIAN_POINT('',(87.4004709756497,70.869027239331,-101.605510021388));
#1843=CARTESIAN_POINT('',(86.8691955073477,76.8691753037943,-102.209986305534));
#1844=CARTESIAN_POINT('',(91.2171743413553,77.7398146405112,-106.342516701934));
#1845=CARTESIAN_POINT('',(88.0937046206439,71.1256430725401,-100.766017526794));
#1846=CARTESIAN_POINT('',(87.5705671026992,76.834829810597,-101.438414909668));
#1847=CARTESIAN_POINT('',(92.0366302662937,77.9218185293023,-104.943362545036));
#1848=CARTESIAN_POINT('',(88.4073997512986,71.264002072571,-100.320144657572));
#1849=CARTESIAN_POINT('',(87.9562638074917,76.7949388339124,-101.027803306353));
#1850=CARTESIAN_POINT('',(92.4074422298523,78.0199491684372,-104.200241095007));
#1851=CARTESIAN_POINT('',(88.6876236092528,71.4012419080958,-99.846499101462));
#1852=CARTESIAN_POINT('',(88.2758548721526,76.8058804939903,-100.542487043362));
#1853=CARTESIAN_POINT('',(92.7386885663475,78.1172860460945,-103.41083183577));
#1854=FACE_BOUND('',#1855,.T.);
#1855=EDGE_LOOP('',(#6029,#6030,#6031,#6032,#6033));
#1856=(BOUNDED_SURFACE()B_SPLINE_SURFACE(3,2,(
(#1857,#1858,#1859),
(#1860,#1861,#1862),
(#1863,#1864,#1865),
(#1866,#1867,#1868),
(#1869,#1870,#1871),
(#1872,#1873,#1874),
(#1875,#1876,#1877),
(#1878,#1879,#1880),
(#1881,#1882,#1883),
(#1884,#1885,#1886),
(#1887,#1888,#1889),
(#1890,#1891,#1892),
(#1893,#1894,#1895),
(#1896,#1897,#1898),
(#1899,#1900,#1901),
(#1902,#1903,#1904),
(#1905,#1906,#1907),
(#1908,#1909,#1910),
(#1911,#1912,#1913),
(#1914,#1915,#1916),
(#1917,#1918,#1919),
(#1920,#1921,#1922),
(#1923,#1924,#1925),
(#1926,#1927,#1928),
(#1929,#1930,#1931),
(#1932,#1933,#1934),
(#1935,#1936,#1937),
(#1938,#1939,#1940),
(#1941,#1942,#1943),
(#1944,#1945,#1946),
(#1947,#1948,#1949),
(#1950,#1951,#1952),
(#1953,#1954,#1955),
(#1956,#1957,#1958),
(#1959,#1960,#1961),
(#1962,#1963,#1964),
(#1965,#1966,#1967),
(#1968,#1969,#1970),
(#1971,#1972,#1973),
(#1974,#1975,#1976),
(#1977,#1978,#1979),
(#1980,#1981,#1982),
(#1983,#1984,#1985),
(#1986,#1987,#1988),
(#1989,#1990,#1991),
(#1992,#1993,#1994),
(#1995,#1996,#1997),
(#1998,#1999,#2000),
(#2001,#2002,#2003),
(#2004,#2005,#2006),
(#2007,#2008,#2009),
(#2010,#2011,#2012),
(#2013,#2014,#2015),
(#2016,#2017,#2018),
(#2019,#2020,#2021),
(#2022,#2023,#2024),
(#2025,#2026,#2027),
(#2028,#2029,#2030),
(#2031,#2032,#2033),
(#2034,#2035,#2036),
(#2037,#2038,#2039),
(#2040,#2041,#2042),
(#2043,#2044,#2045),
(#2046,#2047,#2048),
(#2049,#2050,#2051),
(#2052,#2053,#2054),
(#2055,#2056,#2057),
(#2058,#2059,#2060),
(#2061,#2062,#2063),
(#2064,#2065,#2066),
(#2067,#2068,#2069),
(#2070,#2071,#2072),
(#2073,#2074,#2075),
(#2076,#2077,#2078),
(#2079,#2080,#2081),
(#2082,#2083,#2084),
(#2085,#2086,#2087),
(#2088,#2089,#2090),
(#2091,#2092,#2093),
(#2094,#2095,#2096),
(#2097,#2098,#2099),
(#2100,#2101,#2102),
(#2103,#2104,#2105),
(#2106,#2107,#2108),
(#2109,#2110,#2111),
(#2112,#2113,#2114),
(#2115,#2116,#2117),
(#2118,#2119,#2120),
(#2121,#2122,#2123),
(#2124,#2125,#2126),
(#2127,#2128,#2129),
(#2130,#2131,#2132),
(#2133,#2134,#2135),
(#2136,#2137,#2138),
(#2139,#2140,#2141),
(#2142,#2143,#2144),
(#2145,#2146,#2147),
(#2148,#2149,#2150)),
.UNSPECIFIED.,.T.,.F.,.F.)B_SPLINE_SURFACE_WITH_KNOTS((4,2,2,2,2,2,2,2,2,2,2,2,2,
2,2,2,2,2,2,2,2,2,2,2,2,2,2,2,2,2,2,2,2,2,2,2,2,2,2,2,2,2,2,2,2,2,2,2,4),
(3,3),
(0.,0.130899693899575,0.261799387799149,0.392699081698724,0.523598775598299,0.654498469497874,
0.785398163397448,0.916297857297023,1.0471975511966,1.17809724509617,1.30899693899575,
1.43989663289532,1.5707963267949,1.70169602069447,1.83259571459405,1.96349540849362,
2.0943951023932,2.22529479629277,2.35619449019234,2.48709418409192,2.61799387799149,
2.74889357189107,2.87979326579064,3.01069295969022,3.14159265358979,3.27249234748937,
3.40339204138894,3.53429173528852,3.66519142918809,3.79609112308767,3.92699081698724,
4.05789051088682,4.18879020478639,4.31968989868597,4.45058959258554,4.58148928648512,
4.71238898038469,4.84328867428426,4.97418836818384,5.10508806208341,5.23598775598299,
5.36688744988256,5.49778714378214,5.62868683768171,5.75958653158129,5.89048622548086,
6.02138591938044,6.15228561328001,6.28318530717959),
(0.,1.),
.UNSPECIFIED.)GEOMETRIC_REPRESENTATION_ITEM()RATIONAL_B_SPLINE_SURFACE((
(1.,0.382683432365088,1.),
(1.,0.382683432365088,1.),
(1.,0.386615193280101,1.),
(1.,0.386615193280101,1.),
(1.,0.398112608509062,1.),
(1.,0.398112608509062,1.),
(1.,0.416364334184503,1.),
(1.,0.416364334184503,1.),
(1.,0.440242867235917,1.),
(1.,0.440242867235917,1.),
(1.,0.468515993965555,1.),
(1.,0.468515993965555,1.),
(1.,0.499999999999998,1.),
(1.,0.499999999999998,1.),
(1.,0.533638766125136,1.),
(1.,0.533638766125136,1.),
(1.,0.568527312187693,1.),
(1.,0.568527312187693,1.),
(1.,0.603904773092123,1.),
(1.,0.603904773092123,1.),
(1.,0.639135078879175,1.),
(1.,0.639135078879175,1.),
(1.,0.673685402973354,1.),
(1.,0.673685402973354,1.),
(1.,0.707106781186548,1.),
(1.,0.707106781186548,1.),
(1.,0.739018252697881,1.),
(1.,0.739018252697881,1.),
(1.,0.769094500660426,1.),
(1.,0.769094500660426,1.),
(1.,0.797056475437311,1.),
(1.,0.797056475437311,1.),
(1.,0.822664388008036,1.),
(1.,0.822664388008036,1.),
(1.,0.845712520475156,1.),
(1.,0.845712520475156,1.),
(1.,0.866025403784439,1.),
(1.,0.866025403784439,1.),
(1.,0.883455014926321,1.),
(1.,0.883455014926321,1.),
(1.,0.897878732261712,1.),
(1.,0.897878732261712,1.),
(1.,0.909197855925262,1.),
(1.,0.909197855925262,1.),
(1.,0.917336552714493,1.),
(1.,0.917336552714493,1.),
(1.,0.922241124828528,1.),
(1.,0.922241124828528,1.),
(1.,0.923879532511287,1.),
(1.,0.923879532511287,1.),
(1.,0.922241124828528,1.),
(1.,0.922241124828528,1.),
(1.,0.917336552714493,1.),
(1.,0.917336552714493,1.),
(1.,0.909197855925263,1.),
(1.,0.909197855925263,1.),
(1.,0.897878732261712,1.),
(1.,0.897878732261712,1.),
(1.,0.883455014926322,1.),
(1.,0.883455014926322,1.),
(1.,0.866025403784439,1.),
(1.,0.866025403784439,1.),
(1.,0.845712520475156,1.),
(1.,0.845712520475156,1.),
(1.,0.822664388008037,1.),
(1.,0.822664388008037,1.),
(1.,0.797056475437312,1.),
(1.,0.797056475437312,1.),
(1.,0.769094500660426,1.),
(1.,0.769094500660426,1.),
(1.,0.739018252697881,1.),
(1.,0.739018252697881,1.),
(1.,0.707106781186548,1.),
(1.,0.707106781186548,1.),
(1.,0.673685402973355,1.),
(1.,0.673685402973355,1.),
(1.,0.639135078879174,1.),
(1.,0.639135078879174,1.),
(1.,0.603904773092125,1.),
(1.,0.603904773092125,1.),
(1.,0.568527312187693,1.),
(1.,0.568527312187693,1.),
(1.,0.533638766125138,1.),
(1.,0.533638766125138,1.),
(1.,0.5,1.),
(1.,0.5,1.),
(1.,0.468515993965555,1.),
(1.,0.468515993965555,1.),
(1.,0.440242867235917,1.),
(1.,0.440242867235917,1.),
(1.,0.416364334184504,1.),
(1.,0.416364334184504,1.),
(1.,0.398112608509062,1.),
(1.,0.398112608509062,1.),
(1.,0.386615193280101,1.),
(1.,0.386615193280101,1.),
(1.,0.382683432365088,1.),
(1.,0.382683432365088,1.)))REPRESENTATION_ITEM('')SURFACE());
#1857=CARTESIAN_POINT('',(58.8994949366127,94.4999999999987,-130.100505063387));
#1858=CARTESIAN_POINT('',(70.8492424049186,94.4999999999987,-118.150757595082));
#1859=CARTESIAN_POINT('',(70.8492424049186,94.4999999999987,-135.050252531693));
#1860=CARTESIAN_POINT('',(58.8994949365264,93.4495134283738,-130.10050506356));
#1861=CARTESIAN_POINT('',(70.8492424038399,94.4923256183568,-118.150757595394));
#1862=CARTESIAN_POINT('',(70.8492424048754,93.7549460473421,-135.050252531521));
#1863=CARTESIAN_POINT('',(58.9683471275298,92.3990319927594,-130.03165287247));
#1864=CARTESIAN_POINT('',(70.771661347712,94.4709927789096,-118.269239119898));
#1865=CARTESIAN_POINT('',(70.8980755821758,93.0098957375716,-134.981400340776));
#1866=CARTESIAN_POINT('',(59.2425791518776,90.3160329658414,-129.757420848123));
#1867=CARTESIAN_POINT('',(70.6548042133422,94.3568396382255,-118.304295319048));
#1868=CARTESIAN_POINT('',(71.0925736930766,91.5325359121099,-134.707168316428));
#1869=CARTESIAN_POINT('',(59.4479576445294,89.2835255588908,-129.552042355471));
#1870=CARTESIAN_POINT('',(70.4632176154061,94.1689370416344,-118.61183313496));
#1871=CARTESIAN_POINT('',(71.2382376756857,90.8002336196713,-134.501789823863));
#1872=CARTESIAN_POINT('',(59.9917295073038,87.2541413393848,-129.008270492696));
#1873=CARTESIAN_POINT('',(70.3069166060269,93.7996819896293,-118.618032643607));
#1874=CARTESIAN_POINT('',(71.6239059808062,89.3608999100395,-133.958017960916));
#1875=CARTESIAN_POINT('',(60.3301202187442,86.2572744490533,-128.669879781299));
#1876=CARTESIAN_POINT('',(70.0990146793048,93.3558377309578,-118.99936148054));
#1877=CARTESIAN_POINT('',(71.8639084176491,88.6538755302272,-133.619627249691));
#1878=CARTESIAN_POINT('',(61.1341278325545,84.316228363479,-127.865872167402));
#1879=CARTESIAN_POINT('',(70.0177033152125,92.6698771260498,-118.883920524943));
#1880=CARTESIAN_POINT('',(72.4341480254193,87.2771953354164,-132.815619635622));
#1881=CARTESIAN_POINT('',(61.5997408039137,83.3720586586562,-127.40025919613));
#1882=CARTESIAN_POINT('',(69.8955557541615,91.9777280238218,-119.214709937985));
#1883=CARTESIAN_POINT('',(72.7643824082602,86.6075462513567,-132.350006664435));
#1884=CARTESIAN_POINT('',(62.6502273755861,81.5525625438005,-126.349772624371));
#1885=CARTESIAN_POINT('',(69.9935939096913,91.005464458428,-118.896140398163));
#1886=CARTESIAN_POINT('',(73.5094363608335,85.3170749511001,-131.299520092677));
#1887=CARTESIAN_POINT('',(63.2350958397461,80.6772450298943,-125.764904160254));
#1888=CARTESIAN_POINT('',(70.0267570417836,90.1367924729742,-119.085792546436));
#1889=CARTESIAN_POINT('',(73.9242522877568,84.6962590443835,-130.714651628646));
#1890=CARTESIAN_POINT('',(64.5140872529493,79.010430968669,-124.485912747051));
#1891=CARTESIAN_POINT('',(70.3722900554406,88.9640476154661,-118.51516035634));
#1892=CARTESIAN_POINT('',(74.8313725056276,83.5140769603018,-129.43566021527));
#1893=CARTESIAN_POINT('',(65.2082039483686,78.2189425710318,-123.791796051632));
#1894=CARTESIAN_POINT('',(70.5898983689379,88.0104507694374,-118.518088369053));
#1895=CARTESIAN_POINT('',(75.3236723611768,82.9527165631843,-128.741543519851));
#1896=CARTESIAN_POINT('',(66.6938163051865,76.7333302142139,-122.306183694814));
#1897=CARTESIAN_POINT('',(71.2116168212289,86.7408118890318,-117.680396440781));
#1898=CARTESIAN_POINT('',(76.3773377656017,81.8990511586731,-127.255931163206));
#1899=CARTESIAN_POINT('',(67.4853047028236,76.0392135187083,-121.514695297176));
#1900=CARTESIAN_POINT('',(71.6119518348357,85.7848903510304,-117.487256870099));
#1901=CARTESIAN_POINT('',(76.9386981628055,81.4067513031239,-126.464442765569));
#1902=CARTESIAN_POINT('',(69.1521187640489,74.7602221056778,-119.847881235951));
#1903=CARTESIAN_POINT('',(72.5075185898169,84.5161321456923,-116.393272705249));
#1904=CARTESIAN_POINT('',(78.1208802468009,80.4996310853395,-124.797628704171));
#1905=CARTESIAN_POINT('',(70.0274362779984,74.1753536414314,-118.972563722002));
#1906=CARTESIAN_POINT('',(73.0710241607012,83.6207963870032,-116.01725063096));
#1907=CARTESIAN_POINT('',(78.7416961535175,80.084815158373,-123.922311190308));
#1908=CARTESIAN_POINT('',(71.8469323927678,73.1248670697591,-117.153067607232));
#1909=CARTESIAN_POINT('',(74.2175580724381,82.4348102703047,-114.694167135901));
#1910=CARTESIAN_POINT('',(80.0321674538604,79.3397612057996,-122.102815075538));
#1911=CARTESIAN_POINT('',(72.7911020975905,72.6592540983998,-116.208897902366));
#1912=CARTESIAN_POINT('',(74.9166830607534,81.6432629868476,-114.159935405612));
#1913=CARTESIAN_POINT('',(80.7018165377906,79.009526823002,-121.158645370759));
#1914=CARTESIAN_POINT('',(74.7321481832512,71.8552464845895,-114.267851816792));
#1915=CARTESIAN_POINT('',(76.2791431253544,80.6040027148178,-112.64423840828));
#1916=CARTESIAN_POINT('',(82.0784967327741,78.4392872151454,-119.217599285012));
#1917=CARTESIAN_POINT('',(75.7290150734963,71.5168557731491,-113.270984926504));
#1918=CARTESIAN_POINT('',(77.0840879132442,79.9436347718957,-111.981068708705));
#1919=CARTESIAN_POINT('',(82.7855211125001,78.1992847783456,-118.22073239481));
#1920=CARTESIAN_POINT('',(77.7583992930887,70.9730839103747,-111.241600706911));
#1921=CARTESIAN_POINT('',(78.6209047681001,79.0985347925178,-110.31393860995));
#1922=CARTESIAN_POINT('',(84.2248548221318,77.8136164732251,-116.191348175217));
#1923=CARTESIAN_POINT('',(78.7909066999915,70.7677054177235,-110.209093300009));
#1924=CARTESIAN_POINT('',(79.5024146646266,78.58519612498,-109.552016323433));
#1925=CARTESIAN_POINT('',(84.957157114524,77.6679524905734,-115.158840768228));
#1926=CARTESIAN_POINT('',(80.8739057269186,70.4934733933745,-108.126094273081));
#1927=CARTESIAN_POINT('',(81.168985042817,77.9675616379769,-107.776583969123));
#1928=CARTESIAN_POINT('',(86.4345169400786,77.473454379758,-113.075841741474));
#1929=CARTESIAN_POINT('',(81.9243871624811,70.424621202458,-107.075612837519));
#1930=CARTESIAN_POINT('',(82.0994682577307,77.608966095313,-106.945261313804));
#1931=CARTESIAN_POINT('',(87.1795672498428,77.424621202458,-112.025360305911));
#1932=CARTESIAN_POINT('',(84.0253603058258,70.424621202458,-104.974639694174));
#1933=CARTESIAN_POINT('',(83.8502792105761,77.240276309603,-105.10499121789));
#1934=CARTESIAN_POINT('',(88.6696751550758,77.424621202458,-109.924387162394));
#1935=CARTESIAN_POINT('',(85.0758417414314,70.4934733933313,-103.924158258569));
#1936=CARTESIAN_POINT('',(84.8041218683246,77.0383800025433,-104.232054402376));
#1937=CARTESIAN_POINT('',(89.4147254648831,77.473454379758,-108.873905726831));
#1938=CARTESIAN_POINT('',(87.1588407682722,70.7677054177667,-101.841159231728));
#1939=CARTESIAN_POINT('',(86.5940809850902,76.9301863874867,-102.369742744209));
#1940=CARTESIAN_POINT('',(90.8920852903514,77.6679524905734,-106.790906700077));
#1941=CARTESIAN_POINT('',(88.1913481752614,70.9730839103747,-100.808651824739));
#1942=CARTESIAN_POINT('',(87.5476451032008,76.8827415659046,-101.481147044837));
#1943=CARTESIAN_POINT('',(91.6243875827867,77.8136164732251,-105.758399293088));
#1944=CARTESIAN_POINT('',(90.2207323947674,71.5168557731491,-98.7792676052326));
#1945=CARTESIAN_POINT('',(89.3329782704515,77.0381502506074,-99.6382295815106));
#1946=CARTESIAN_POINT('',(93.0637212924185,78.1992847783456,-103.729015073495));
#1947=CARTESIAN_POINT('',(91.217599285142,71.8552464845464,-97.782400714858));
#1948=CARTESIAN_POINT('',(90.2645183159829,77.1396901551958,-98.7580172141288));
#1949=CARTESIAN_POINT('',(93.7707456721877,78.4392872151886,-102.732148183207));
#1950=CARTESIAN_POINT('',(93.1586453706301,72.659254098443,-95.8413546293699));
#1951=CARTESIAN_POINT('',(92.003440382321,77.5545155315547,-96.9740240875674));
#1952=CARTESIAN_POINT('',(95.1474258670848,79.0095268229588,-100.791102097633));
#1953=CARTESIAN_POINT('',(94.1028150754959,73.1248670697159,-94.897184924504));
#1954=CARTESIAN_POINT('',(92.8930366729833,77.7969794183951,-96.1242908553865));
#1955=CARTESIAN_POINT('',(95.8170749511013,79.3397612057996,-99.8469323927667));
#1956=CARTESIAN_POINT('',(95.9223111903517,74.1753536414746,-93.0776888096483));
#1957=CARTESIAN_POINT('',(94.5463031552374,78.46066826778,-94.4363693163928));
#1958=CARTESIAN_POINT('',(97.1075462513579,80.0848151583729,-98.0274362779974));
#1959=CARTESIAN_POINT('',(96.7976287043011,74.7602221056778,-92.2023712956989));
#1960=CARTESIAN_POINT('',(95.3758426397998,78.8338139659387,-93.6372253037255));
#1961=CARTESIAN_POINT('',(97.7283621581177,80.4996310853826,-97.1521187640479));
#1962=CARTESIAN_POINT('',(98.4644427654401,76.0392135187083,-90.5355572345599));
#1963=CARTESIAN_POINT('',(96.9072346704734,79.7302232067764,-92.0796973860013));
#1964=CARTESIAN_POINT('',(98.9105442421131,81.4067513030807,-95.4853047028225));
#1965=CARTESIAN_POINT('',(99.2559311631635,76.7333302142139,-89.7440688368365));
#1966=CARTESIAN_POINT('',(97.66043943721,80.2219232876016,-91.3492055492372));
#1967=CARTESIAN_POINT('',(99.4719046392737,81.8990511587162,-94.6938163050991));
#1968=CARTESIAN_POINT('',(100.741543519895,78.2189425710318,-88.2584564801048));
#1969=CARTESIAN_POINT('',(99.0372036003115,81.3300127887185,-89.9531514132413));
#1970=CARTESIAN_POINT('',(100.525570043785,82.9527165631412,-93.2082039484538));
#1971=CARTESIAN_POINT('',(101.435660215401,79.0104309687121,-87.5643397845992));
#1972=CARTESIAN_POINT('',(99.6996958918691,81.9264938621991,-89.3072451917616));
#1973=CARTESIAN_POINT('',(101.017869899377,83.5140769603449,-92.5140872529482));
#1974=CARTESIAN_POINT('',(102.714651628518,80.6772450298511,-86.2853483714824));
#1975=CARTESIAN_POINT('',(100.892944668937,83.2209765161429,-88.1001142474318));
#1976=CARTESIAN_POINT('',(101.924990117075,84.6962590443403,-91.235095839745));
#1977=CARTESIAN_POINT('',(103.299520092721,81.5525625438005,-85.7004799072791));
#1978=CARTESIAN_POINT('',(101.452334215526,83.9070368386078,-87.5525020067889));
#1979=CARTESIAN_POINT('',(102.339806044085,85.3170749511001,-90.6502273755418));
#1980=CARTESIAN_POINT('',(104.350006664393,83.3720586586562,-84.6499933356068));
#1981=CARTESIAN_POINT('',(102.437404981169,85.3590130840561,-86.5577587965158));
#1982=CARTESIAN_POINT('',(103.084859996658,86.6075462513567,-89.5997408039558));
#1983=CARTESIAN_POINT('',(104.815619635752,84.3162283634789,-84.1843803642476));
#1984=CARTESIAN_POINT('',(102.883385148042,86.1182380251713,-86.1198246253726));
#1985=CARTESIAN_POINT('',(103.415094379499,87.2771953354164,-89.1341278325966));
#1986=CARTESIAN_POINT('',(105.619627249563,86.2572744490533,-83.3803727504373));
#1987=CARTESIAN_POINT('',(103.640152330088,87.6958309643983,-85.3566378964977));
#1988=CARTESIAN_POINT('',(103.985333987269,88.6538755302272,-88.3301202187));
#1989=CARTESIAN_POINT('',(105.95801796096,87.2541413393416,-83.04198203904));
#1990=CARTESIAN_POINT('',(103.964593593959,88.5108160234308,-85.0373477736627));
#1991=CARTESIAN_POINT('',(104.225336424112,89.3608999100395,-87.991729507389));
#1992=CARTESIAN_POINT('',(106.501789823821,89.283525558934,-82.4982101761793));
#1993=CARTESIAN_POINT('',(104.477727705769,90.1798153933902,-84.5203309266089));
#1994=CARTESIAN_POINT('',(104.611004729233,90.8002336196713,-87.4479576444419));
#1995=CARTESIAN_POINT('',(106.707168316429,90.3160329658368,-82.2928316835713));
#1996=CARTESIAN_POINT('',(104.674759324991,91.0324003018199,-84.326151875812));
#1997=CARTESIAN_POINT('',(104.756668711841,91.5325359120634,-87.2425791518771));
#1998=CARTESIAN_POINT('',(106.981400340778,92.399031992764,-82.0185996592222));
#1999=CARTESIAN_POINT('',(104.933926964787,92.7569180638503,-84.0651618344095));
#2000=CARTESIAN_POINT('',(104.951166822743,93.0098957376181,-86.968347127528));
#2001=CARTESIAN_POINT('',(107.050252531694,93.4495134282832,-81.9497474683058));
#2002=CARTESIAN_POINT('',(105.,93.6284317140803,-83.9999999999999));
#2003=CARTESIAN_POINT('',(105.,93.7549460473822,-86.8994949366116));
#2004=CARTESIAN_POINT('',(107.050252531694,95.5504865717143,-81.9497474683058));
#2005=CARTESIAN_POINT('',(105.,95.3715682859172,-83.9999999999999));
#2006=CARTESIAN_POINT('',(105.,95.2450539526152,-86.8994949366116));
#2007=CARTESIAN_POINT('',(106.981400340864,96.6009680072335,-82.018599659179));
#2008=CARTESIAN_POINT('',(104.93392696474,96.2430819361472,-84.0651618342997));
#2009=CARTESIAN_POINT('',(104.951166822743,95.9901042623794,-86.9683471274417));
#2010=CARTESIAN_POINT('',(106.707168316342,98.6839670341607,-82.2928316836145));
#2011=CARTESIAN_POINT('',(104.674759325038,97.9675996981776,-84.3261518759218));
#2012=CARTESIAN_POINT('',(104.756668711841,97.4674640879341,-87.2425791519635));
#2013=CARTESIAN_POINT('',(106.501789823778,99.7164744410635,-82.4982101762224));
#2014=CARTESIAN_POINT('',(104.477727705702,98.8201846066073,-84.5203309266757));
#2015=CARTESIAN_POINT('',(104.611004729233,98.1997663803262,-87.4479576444419));
#2016=CARTESIAN_POINT('',(105.958017961003,101.745858660656,-83.0419820389969));
#2017=CARTESIAN_POINT('',(103.964593594026,100.489183976567,-85.037347773596));
#2018=CARTESIAN_POINT('',(104.225336424112,99.6391000899579,-87.991729507389));
#2019=CARTESIAN_POINT('',(105.619627249563,102.742725550944,-83.3803727504373));
#2020=CARTESIAN_POINT('',(103.640152329997,101.304169035714,-85.3566378964977));
#2021=CARTESIAN_POINT('',(103.985333987269,100.346124469727,-88.3301202186999));
#2022=CARTESIAN_POINT('',(104.815619635752,104.683771636519,-84.1843803642476));
#2023=CARTESIAN_POINT('',(102.883385148133,102.881761974712,-86.1198246253726));
#2024=CARTESIAN_POINT('',(103.415094379499,101.722804664624,-89.1341278325966));
#2025=CARTESIAN_POINT('',(104.350006664436,105.627941341341,-84.6499933355636));
#2026=CARTESIAN_POINT('',(102.437404981145,103.640986915941,-86.5577587964054));
#2027=CARTESIAN_POINT('',(103.084859996658,102.392453748641,-89.5997408038695));
#2028=CARTESIAN_POINT('',(103.299520092678,107.447437456197,-85.7004799073223));
#2029=CARTESIAN_POINT('',(101.45233421555,105.09296316139,-87.5525020068993));
#2030=CARTESIAN_POINT('',(102.339806044085,103.682925048897,-90.6502273756281));
#2031=CARTESIAN_POINT('',(102.714651628518,108.322754970146,-86.2853483714824));
#2032=CARTESIAN_POINT('',(100.892944668937,105.779023483855,-88.1001142474318));
#2033=CARTESIAN_POINT('',(101.924990117075,104.303740955657,-91.235095839745));
#2034=CARTESIAN_POINT('',(101.435660215401,109.989569031285,-87.5643397845992));
#2035=CARTESIAN_POINT('',(99.6996958918691,107.073506137798,-89.3072451917616));
#2036=CARTESIAN_POINT('',(101.017869899377,105.485923039653,-92.5140872529482));
#2037=CARTESIAN_POINT('',(100.741543519938,110.781057428966,-88.2584564800617));
#2038=CARTESIAN_POINT('',(99.0372036004045,107.669987211186,-89.9531514132662));
#2039=CARTESIAN_POINT('',(100.525570043742,106.047283436856,-93.2082039484538));
#2040=CARTESIAN_POINT('',(99.2559311631203,112.266669785784,-89.7440688368796));
#2041=CARTESIAN_POINT('',(97.6604394371169,108.778076712489,-91.3492055492123));
#2042=CARTESIAN_POINT('',(99.4719046393169,107.100948841281,-94.6938163050991));
#2043=CARTESIAN_POINT('',(98.4644427654401,112.960786481289,-90.5355572345599));
#2044=CARTESIAN_POINT('',(96.9072346704734,109.269776793152,-92.0796973861387));
#2045=CARTESIAN_POINT('',(98.9105442421131,107.593248696874,-95.4853047029089));
#2046=CARTESIAN_POINT('',(96.7976287043011,114.23977789432,-92.2023712956989));
#2047=CARTESIAN_POINT('',(95.3758426397998,110.166186034128,-93.6372253035881));
#2048=CARTESIAN_POINT('',(97.7283621581177,108.500368914658,-97.1521187639615));
#2049=CARTESIAN_POINT('',(95.9223111903517,114.824646358609,-93.0776888096483));
#2050=CARTESIAN_POINT('',(94.5463031551417,110.539331732191,-94.4363693163496));
#2051=CARTESIAN_POINT('',(97.1075462513579,108.915184841581,-98.0274362779109));
#2052=CARTESIAN_POINT('',(94.102815075496,115.875132930195,-94.897184924504));
#2053=CARTESIAN_POINT('',(92.893036673079,111.203020581629,-96.1242908554297));
#2054=CARTESIAN_POINT('',(95.8170749511014,109.660238794241,-99.846932392853));
#2055=CARTESIAN_POINT('',(93.1586453706732,116.340745901641,-95.8413546293268));
#2056=CARTESIAN_POINT('',(92.0034403821534,111.445484468362,-96.974024087735));
#2057=CARTESIAN_POINT('',(95.1474258669985,109.990473177082,-100.791102097719));
#2058=CARTESIAN_POINT('',(91.2175992850988,117.144753515365,-97.7824007149012));
#2059=CARTESIAN_POINT('',(90.2645183161505,111.860309844883,-98.7580172139612));
#2060=CARTESIAN_POINT('',(93.770745672274,110.560712784766,-102.732148183121));
#2061=CARTESIAN_POINT('',(90.2207323948106,117.483144226848,-98.7792676051894));
#2062=CARTESIAN_POINT('',(89.3329782704515,111.96184974939,-99.6382295815386));
#2063=CARTESIAN_POINT('',(93.0637212923753,110.800715221652,-103.729015073495));
#2064=CARTESIAN_POINT('',(88.1913481752182,118.026916089623,-100.808651824782));
#2065=CARTESIAN_POINT('',(87.5476451032008,112.117258434093,-101.481147044809));
#2066=CARTESIAN_POINT('',(91.6243875828299,111.186383526772,-105.758399293088));
#2067=CARTESIAN_POINT('',(87.1588407683154,118.232294582274,-101.841159231685));
#2068=CARTESIAN_POINT('',(86.5940809851626,112.069813612482,-102.369742744137));
#2069=CARTESIAN_POINT('',(90.8920852903514,111.332047509424,-106.790906700077));
#2070=CARTESIAN_POINT('',(85.0758417413882,118.506526606623,-103.924158258612));
#2071=CARTESIAN_POINT('',(84.8041218682522,111.961619997483,-104.232054402448));
#2072=CARTESIAN_POINT('',(89.4147254648831,111.52654562024,-108.873905726831));
#2073=CARTESIAN_POINT('',(84.0253603058689,118.575378797539,-104.974639694131));
#2074=CARTESIAN_POINT('',(83.8502792105456,111.759723690394,-105.10499121792));
#2075=CARTESIAN_POINT('',(88.6696751550758,111.575378797539,-109.924387162394));
#2076=CARTESIAN_POINT('',(81.9243871624379,118.575378797539,-107.075612837562));
#2077=CARTESIAN_POINT('',(82.0994682577613,111.391033904684,-106.945261313773));
#2078=CARTESIAN_POINT('',(87.1795672498428,111.575378797539,-112.025360305911));
#2079=CARTESIAN_POINT('',(80.8739057269187,118.506526606623,-108.126094273081));
#2080=CARTESIAN_POINT('',(81.1689850428171,111.032438362021,-107.776583969123));
#2081=CARTESIAN_POINT('',(86.4345169400786,111.52654562024,-113.075841741474));
#2082=CARTESIAN_POINT('',(78.7909066999915,118.232294582274,-110.209093300009));
#2083=CARTESIAN_POINT('',(79.5024146646267,110.414803875017,-109.552016323433));
#2084=CARTESIAN_POINT('',(84.957157114524,111.332047509424,-115.158840768228));
#2085=CARTESIAN_POINT('',(77.7583992930887,118.026916089536,-111.241600706911));
#2086=CARTESIAN_POINT('',(78.6209047679894,109.901465207437,-110.31393860995));
#2087=CARTESIAN_POINT('',(84.2248548221318,111.186383526772,-116.191348175217));
#2088=CARTESIAN_POINT('',(75.7290150734963,117.483144226935,-113.270984926504));
#2089=CARTESIAN_POINT('',(77.0840879133549,109.056365228145,-111.981068708705));
#2090=CARTESIAN_POINT('',(82.7855211125001,110.800715221652,-118.22073239481));
#2091=CARTESIAN_POINT('',(74.732148183208,117.144753515451,-114.267851816792));
#2092=CARTESIAN_POINT('',(76.2791431251965,108.395997285259,-112.64423840828));
#2093=CARTESIAN_POINT('',(82.0784967327309,110.560712784852,-119.217599285012));
#2094=CARTESIAN_POINT('',(72.7911020976337,116.340745901554,-116.208897902366));
#2095=CARTESIAN_POINT('',(74.9166830609112,107.356737013071,-114.159935405612));
#2096=CARTESIAN_POINT('',(80.7018165378337,109.990473176996,-121.158645370759));
#2097=CARTESIAN_POINT('',(71.8469323928109,115.875132930282,-117.153067607232));
#2098=CARTESIAN_POINT('',(74.2175580725572,106.565189729736,-114.694167135901));
#2099=CARTESIAN_POINT('',(80.0321674538172,109.660238794241,-122.102815075538));
#2100=CARTESIAN_POINT('',(70.0274362779552,114.824646358523,-118.972563722002));
#2101=CARTESIAN_POINT('',(73.071024160582,105.379203612951,-116.01725063096));
#2102=CARTESIAN_POINT('',(78.7416961535606,108.915184841581,-123.922311190308));
#2103=CARTESIAN_POINT('',(69.152118764049,114.239777894406,-119.847881235951));
#2104=CARTESIAN_POINT('',(72.5075185898169,104.483867854224,-116.393272705249));
#2105=CARTESIAN_POINT('',(78.1208802468009,108.500368914658,-124.797628704171));
#2106=CARTESIAN_POINT('',(67.4853047028237,112.960786481203,-121.514695297176));
#2107=CARTESIAN_POINT('',(71.6119518348357,103.215109649048,-117.487256870099));
#2108=CARTESIAN_POINT('',(76.9386981628055,107.593248696874,-126.464442765569));
#2109=CARTESIAN_POINT('',(66.6938163051434,112.266669785784,-122.306183694814));
#2110=CARTESIAN_POINT('',(71.2116168212288,102.259188111138,-117.680396440695));
#2111=CARTESIAN_POINT('',(76.3773377656449,107.100948841281,-127.255931163033));
#2112=CARTESIAN_POINT('',(65.2082039484118,110.781057428966,-123.791796051632));
#2113=CARTESIAN_POINT('',(70.5898983689379,100.989549230387,-118.518088369139));
#2114=CARTESIAN_POINT('',(75.3236723611336,106.047283436856,-128.741543520024));
#2115=CARTESIAN_POINT('',(64.514087252863,109.989569031329,-124.485912747137));
#2116=CARTESIAN_POINT('',(70.3722900551728,100.035952384307,-118.515160356605));
#2117=CARTESIAN_POINT('',(74.8313725055844,105.485923039653,-129.435660215443));
#2118=CARTESIAN_POINT('',(63.2350958398325,108.322754970103,-125.764904160168));
#2119=CARTESIAN_POINT('',(70.0267570420514,98.8632075272479,-119.085792546171));
#2120=CARTESIAN_POINT('',(73.9242522878,104.303740955657,-130.714651628474));
#2121=CARTESIAN_POINT('',(62.6502273755429,107.447437456197,-126.349772624457));
#2122=CARTESIAN_POINT('',(69.9935939093165,97.994535541287,-118.896140398151));
#2123=CARTESIAN_POINT('',(73.5094363608335,103.682925048897,-131.299520092849));
#2124=CARTESIAN_POINT('',(61.5997408039569,105.627941341341,-127.400259196043));
#2125=CARTESIAN_POINT('',(69.8955557545361,97.0222719764582,-119.214709937997));
#2126=CARTESIAN_POINT('',(72.7643824082602,102.392453748641,-132.350006664263));
#2127=CARTESIAN_POINT('',(61.1341278325545,104.683771636519,-127.865872167402));
#2128=CARTESIAN_POINT('',(70.0177033150656,96.3301228739476,-118.883920524943));
#2129=CARTESIAN_POINT('',(72.4341480254193,101.722804664581,-132.815619635622));
#2130=CARTESIAN_POINT('',(60.3301202187442,102.742725550944,-128.669879781299));
#2131=CARTESIAN_POINT('',(70.0990146794517,95.6441622690396,-118.99936148054));
#2132=CARTESIAN_POINT('',(71.8639084176491,100.34612446977,-133.619627249691));
#2133=CARTESIAN_POINT('',(59.9917295073038,101.745858660613,-129.008270492696));
#2134=CARTESIAN_POINT('',(70.3069166060269,95.2003180103682,-118.618032643607));
#2135=CARTESIAN_POINT('',(71.6239059808062,99.6391000899579,-133.958017960916));
#2136=CARTESIAN_POINT('',(59.4479576445294,99.7164744411067,-129.552042355471));
#2137=CARTESIAN_POINT('',(70.4632176154061,94.8310629583631,-118.61183313496));
#2138=CARTESIAN_POINT('',(71.2382376756857,98.1997663803262,-134.501789823863));
#2139=CARTESIAN_POINT('',(59.2425791518782,98.6839670341607,-129.757420848122));
#2140=CARTESIAN_POINT('',(70.6548042133419,94.6431603617722,-118.304295319048));
#2141=CARTESIAN_POINT('',(71.0925736930771,97.4674640878909,-134.707168316428));
#2142=CARTESIAN_POINT('',(58.9683471275291,96.6009680072335,-130.031652872471));
#2143=CARTESIAN_POINT('',(70.7716613477123,94.5290072210877,-118.269239119898));
#2144=CARTESIAN_POINT('',(70.8980755821754,95.9901042624226,-134.981400340777));
#2145=CARTESIAN_POINT('',(58.8994949365264,95.5504865718438,-130.10050506356));
#2146=CARTESIAN_POINT('',(70.8492424038399,94.5076743810898,-118.150757595394));
#2147=CARTESIAN_POINT('',(70.8492424048754,95.2450539527448,-135.050252531521));
#2148=CARTESIAN_POINT('',(58.8994949366127,94.4999999999987,-130.100505063387));
#2149=CARTESIAN_POINT('',(70.8492424049186,94.4999999999987,-118.150757595082));
#2150=CARTESIAN_POINT('',(70.8492424049186,94.4999999999987,-135.050252531693));
#2151=FACE_BOUND('',#2152,.T.);
#2152=EDGE_LOOP('',(#6034,#6035,#6036));
#2153=(BOUNDED_SURFACE()B_SPLINE_SURFACE(3,2,(
(#2154,#2155,#2156),
(#2157,#2158,#2159),
(#2160,#2161,#2162),
(#2163,#2164,#2165),
(#2166,#2167,#2168),
(#2169,#2170,#2171),
(#2172,#2173,#2174),
(#2175,#2176,#2177),
(#2178,#2179,#2180),
(#2181,#2182,#2183),
(#2184,#2185,#2186),
(#2187,#2188,#2189),
(#2190,#2191,#2192),
(#2193,#2194,#2195),
(#2196,#2197,#2198),
(#2199,#2200,#2201)),
.UNSPECIFIED.,.F.,.F.,.F.)B_SPLINE_SURFACE_WITH_KNOTS((4,2,2,2,2,2,2,4),
(3,3),
(-1.27089277199323,-0.635446385996617,-2.22044604925031E-16,0.78821448750754,1.57642897501508,
2.22014045845932,2.86385194190356,2.87558112462283),
(0.,1.),
.UNSPECIFIED.)GEOMETRIC_REPRESENTATION_ITEM()RATIONAL_B_SPLINE_SURFACE((
(1.,0.77466132900794,1.),
(1.,0.77466132900794,1.),
(1.,0.829589956951087,1.),
(1.,0.829589956951087,1.),
(1.,0.882202992907307,1.),
(1.,0.882202992907307,1.),
(1.,0.936670584266794,1.),
(1.,0.936670584266794,1.),
(1.,0.975184076250739,1.),
(1.,0.975184076250739,1.),
(1.,0.993664067499847,1.),
(1.,0.993664067499847,1.),
(1.,0.999997999998,1.),
(1.,0.999997999998,1.),
(1.,1.,1.),
(1.,1.,1.)))REPRESENTATION_ITEM('')SURFACE());
#2154=CARTESIAN_POINT('',(98.3802975863731,74.2634988945223,-89.407462502027));
#2155=CARTESIAN_POINT('',(95.6521922871306,79.1658745535602,-90.4924456504348));
#2156=CARTESIAN_POINT('',(97.1749984226471,80.1473318730009,-95.9119324399898));
#2157=CARTESIAN_POINT('',(99.1035707380841,75.0404217431353,-89.1198126301154));
#2158=CARTESIAN_POINT('',(96.3832124029488,79.5522692380864,-90.3964639862548));
#2159=CARTESIAN_POINT('',(98.0299633791789,80.6983616974196,-95.4325159693359));
#2160=CARTESIAN_POINT('',(99.7499645309779,75.8848046074785,-88.7714111254635));
#2161=CARTESIAN_POINT('',(97.2180341975304,79.9673037849719,-90.2645399440305));
#2162=CARTESIAN_POINT('',(98.7940509616726,81.2972373186785,-94.8518468105844));
#2163=CARTESIAN_POINT('',(100.923712906469,77.6851742312821,-87.9864855650709));
#2164=CARTESIAN_POINT('',(98.6962987889999,81.0867711540076,-89.6760926378185));
#2165=CARTESIAN_POINT('',(100.181512560239,82.5741432223886,-93.5436375468628));
#2166=CARTESIAN_POINT('',(101.450551776098,78.6414865733035,-87.5494482251723));
#2167=CARTESIAN_POINT('',(99.4766501376807,81.7022463031222,-89.3193435487623));
#2168=CARTESIAN_POINT('',(100.804276956563,83.2524044303793,-92.8152419799419));
#2169=CARTESIAN_POINT('',(102.512661984776,80.9003345357121,-86.4873380136484));
#2170=CARTESIAN_POINT('',(100.99596699572,83.3184367159967,-88.2570846156077));
#2171=CARTESIAN_POINT('',(102.059773586791,84.8544845001879,-91.0450582909852));
#2172=CARTESIAN_POINT('',(103.000100153905,82.1878724649617,-85.8626788986791));
#2173=CARTESIAN_POINT('',(101.777198147306,84.2866188396569,-87.5758432719452));
#2174=CARTESIAN_POINT('',(102.635963299613,85.7676663063114,-90.0039597674809));
#2175=CARTESIAN_POINT('',(103.813420910035,84.8295585700257,-84.5599184018096));
#2176=CARTESIAN_POINT('',(103.045531738714,86.3733124976602,-86.0355624763173));
#2177=CARTESIAN_POINT('',(103.597371502637,87.6412730014676,-87.8326922732236));
#2178=CARTESIAN_POINT('',(104.138717331272,86.1838041270528,-83.881517181797));
#2179=CARTESIAN_POINT('',(103.582980840659,87.4766244547793,-85.1939380678578));
#2180=CARTESIAN_POINT('',(103.981897096629,88.6017669673218,-86.7020235862031));
#2181=CARTESIAN_POINT('',(104.593338355924,88.705452393007,-82.6078074657357));
#2182=CARTESIAN_POINT('',(104.323619794594,89.5736848609455,-83.5632209772103));
#2183=CARTESIAN_POINT('',(104.519294402817,90.3902372280509,-84.5791740353396));
#2184=CARTESIAN_POINT('',(104.74421790912,89.8436093819106,-82.0291053761712));
#2185=CARTESIAN_POINT('',(104.575175373725,90.5334923530521,-82.8067166853007));
#2186=CARTESIAN_POINT('',(104.697645734194,91.1974711256951,-83.614670563982));
#2187=CARTESIAN_POINT('',(104.946647141164,92.1313295229047,-80.8624102954489));
#2188=CARTESIAN_POINT('',(104.910716422908,92.4757925779818,-81.2661564686466));
#2189=CARTESIAN_POINT('',(104.936932783653,92.8200286907994,-81.6701787619203));
#2190=CARTESIAN_POINT('',(104.998160994797,93.2877102577469,-80.2708974020705));
#2191=CARTESIAN_POINT('',(104.996934996518,93.4639510259412,-80.4776082755965));
#2192=CARTESIAN_POINT('',(104.997826153578,93.6401877108017,-80.6843239399552));
#2193=CARTESIAN_POINT('',(104.999983979889,94.4584719046614,-79.6720010815934));
#2194=CARTESIAN_POINT('',(104.999973299775,94.4645091234263,-79.679082244021));
#2195=CARTESIAN_POINT('',(104.99998106298,94.4705463426061,-79.686163405936));
#2196=CARTESIAN_POINT('',(105.000000000006,94.4791736458786,-79.661411206479));
#2197=CARTESIAN_POINT('',(105.000000000006,94.4822013133076,-79.6649624104097));
#2198=CARTESIAN_POINT('',(105.000000000006,94.4852289807484,-79.6685136143287));
#2199=CARTESIAN_POINT('',(105.,94.4999999999987,-79.6507575950825));
#2200=CARTESIAN_POINT('',(105.,94.4999999999987,-79.6507575950825));
#2201=CARTESIAN_POINT('',(105.,94.4999999999987,-79.6507575950825));
#2202=FACE_BOUND('',#2203,.T.);
#2203=EDGE_LOOP('',(#6037,#6038,#6039));
#2204=(BOUNDED_SURFACE()B_SPLINE_SURFACE(3,2,(
(#2205,#2206,#2207),
(#2208,#2209,#2210),
(#2211,#2212,#2213),
(#2214,#2215,#2216),
(#2217,#2218,#2219),
(#2220,#2221,#2222),
(#2223,#2224,#2225),
(#2226,#2227,#2228),
(#2229,#2230,#2231),
(#2232,#2233,#2234),
(#2235,#2236,#2237),
(#2238,#2239,#2240),
(#2241,#2242,#2243),
(#2244,#2245,#2246),
(#2247,#2248,#2249),
(#2250,#2251,#2252),
(#2253,#2254,#2255),
(#2256,#2257,#2258)),
.UNSPECIFIED.,.F.,.F.,.F.)B_SPLINE_SURFACE_WITH_KNOTS((4,2,2,2,2,2,2,2,4),
(3,3),
(3.23777428145672,3.65993112236801,4.0820879632793,4.30201562512622,4.52194328697315,
4.91559016008835,5.30923703320355,5.70053942144959,6.09184180969563),
(0.,1.),
.UNSPECIFIED.)GEOMETRIC_REPRESENTATION_ITEM()RATIONAL_B_SPLINE_SURFACE((
(1.,0.720427702521514,1.),
(1.,0.720427702521514,1.),
(1.,0.700199576633406,1.),
(1.,0.700199576633406,1.),
(1.,0.692613167493479,1.),
(1.,0.692613167493479,1.),
(1.,0.694148001980811,1.),
(1.,0.694148001980811,1.),
(1.,0.699281622749071,1.),
(1.,0.699281622749071,1.),
(1.,0.715804339766241,1.),
(1.,0.715804339766241,1.),
(1.,0.73868231250784,1.),
(1.,0.73868231250784,1.),
(1.,0.763932342904658,1.),
(1.,0.763932342904658,1.),
(1.,0.788239953653505,1.),
(1.,0.788239953653505,1.)))REPRESENTATION_ITEM('')SURFACE());
#2205=CARTESIAN_POINT('',(-80.9077030523572,78.9330021919989,-111.924891231404));
#2206=CARTESIAN_POINT('',(-81.4264207600652,78.6991870567437,-105.210304887942));
#2207=CARTESIAN_POINT('',(-78.678986219426,72.5513584259647,-104.954934738842));
#2208=CARTESIAN_POINT('',(-81.5526548995933,78.6422862530261,-112.009413838147));
#2209=CARTESIAN_POINT('',(-81.8005644888499,78.5307031025849,-105.123987757689));
#2210=CARTESIAN_POINT('',(-79.2245949647902,72.1414643665132,-105.005648304789));
#2211=CARTESIAN_POINT('',(-82.2076842667882,78.3950733983808,-112.023848434901));
#2212=CARTESIAN_POINT('',(-82.1482252056383,78.447467602807,-104.957341022663));
#2213=CARTESIAN_POINT('',(-79.7787289730923,71.7929073470806,-105.014309060647));
#2214=CARTESIAN_POINT('',(-83.5360430036259,77.9835715071442,-111.900532178164));
#2215=CARTESIAN_POINT('',(-82.7396070211404,78.1963183519448,-104.720315271279));
#2216=CARTESIAN_POINT('',(-80.9024782083542,71.2127114975042,-104.940319307585));
#2217=CARTESIAN_POINT('',(-84.209388335915,77.8193032224668,-111.762974274459));
#2218=CARTESIAN_POINT('',(-83.0084238854201,78.104443278283,-104.569768297328));
#2219=CARTESIAN_POINT('',(-81.4721069399663,70.9811019256409,-104.857784565717));
#2220=CARTESIAN_POINT('',(-85.2464230902226,77.632098553285,-111.419955844102));
#2221=CARTESIAN_POINT('',(-83.4175630938775,77.9266388050055,-104.363670846064));
#2222=CARTESIAN_POINT('',(-82.349405352386,70.717153266864,-104.651973505918));
#2223=CARTESIAN_POINT('',(-85.597914302415,77.5802636314138,-111.280435771491));
#2224=CARTESIAN_POINT('',(-83.5573076802051,77.8615270311716,-104.296312946159));
#2225=CARTESIAN_POINT('',(-82.6467557368745,70.6440687754841,-104.568261463182));
#2226=CARTESIAN_POINT('',(-86.2931475857625,77.4991371504532,-110.956998675739));
#2227=CARTESIAN_POINT('',(-83.8428254030187,77.7419183521345,-104.145116802812));
#2228=CARTESIAN_POINT('',(-83.2349009785049,70.5296847383472,-104.374199205156));
#2229=CARTESIAN_POINT('',(-86.6368908840307,77.4698500397075,-110.773084314477));
#2230=CARTESIAN_POINT('',(-83.9938484765426,77.6664903150235,-104.081019440638));
#2231=CARTESIAN_POINT('',(-83.5256968736243,70.4883914647493,-104.26385058808));
#2232=CARTESIAN_POINT('',(-87.5843840936556,77.417158994597,-110.1962668065));
#2233=CARTESIAN_POINT('',(-84.4238469526878,77.5040370513967,-103.841494398944));
#2234=CARTESIAN_POINT('',(-84.3272459895023,70.4140998855011,-103.917760084986));
#2235=CARTESIAN_POINT('',(-88.1625883529163,77.4174001489448,-109.763453539085));
#2236=CARTESIAN_POINT('',(-84.7400076189694,77.3586396045505,-103.7122699085));
#2237=CARTESIAN_POINT('',(-84.8163883989233,70.4144398999254,-103.658072123566));
#2238=CARTESIAN_POINT('',(-89.2628408806024,77.4682351435081,-108.777781742263));
#2239=CARTESIAN_POINT('',(-85.3743496743733,77.1892020518829,-103.297885163549));
#2240=CARTESIAN_POINT('',(-85.747167037073,70.4861145469298,-103.066669045243));
#2241=CARTESIAN_POINT('',(-89.7848803395216,77.5189500249154,-108.224914434391));
#2242=CARTESIAN_POINT('',(-85.7540055012412,77.0611114287212,-103.100038805434));
#2243=CARTESIAN_POINT('',(-86.1887958125634,70.5576198408645,-102.734948659892));
#2244=CARTESIAN_POINT('',(-90.7685497226965,77.6558393829519,-106.99854647748));
#2245=CARTESIAN_POINT('',(-86.4637642682978,76.9542852399782,-102.511063621438));
#2246=CARTESIAN_POINT('',(-87.0209488198013,70.7506265782744,-101.999127887227));
#2247=CARTESIAN_POINT('',(-91.2171743413552,77.7398146405112,-106.34251670165));
#2248=CARTESIAN_POINT('',(-86.8691955073476,76.8691753037943,-102.209986305249));
#2249=CARTESIAN_POINT('',(-87.4004709756496,70.8690272393309,-101.605510021104));
#2250=CARTESIAN_POINT('',(-92.0366302662936,77.9218185293023,-104.94336254532));
#2251=CARTESIAN_POINT('',(-87.5705671026991,76.834829810597,-101.438414909953));
#2252=CARTESIAN_POINT('',(-88.0937046206438,71.12564307254,-100.766017527079));
#2253=CARTESIAN_POINT('',(-92.4074422309887,78.0199491698578,-104.200241096143));
#2254=CARTESIAN_POINT('',(-87.956263810458,76.7949388351528,-101.027803309424));
#2255=CARTESIAN_POINT('',(-88.4073997515827,71.2640020742758,-100.320144658709));
#2256=CARTESIAN_POINT('',(-92.7386885663474,78.1172860460944,-103.41083183577));
#2257=CARTESIAN_POINT('',(-88.2758548721524,76.8058804939903,-100.542487043362));
#2258=CARTESIAN_POINT('',(-88.6876236092527,71.4012419080958,-99.846499101462));
#2259=FACE_BOUND('',#2260,.T.);
#2260=EDGE_LOOP('',(#6040,#6041,#6042,#6043,#6044));
#2261=(BOUNDED_SURFACE()B_SPLINE_SURFACE(3,2,(
(#2262,#2263,#2264),
(#2265,#2266,#2267),
(#2268,#2269,#2270),
(#2271,#2272,#2273),
(#2274,#2275,#2276),
(#2277,#2278,#2279),
(#2280,#2281,#2282),
(#2283,#2284,#2285),
(#2286,#2287,#2288),
(#2289,#2290,#2291),
(#2292,#2293,#2294),
(#2295,#2296,#2297),
(#2298,#2299,#2300),
(#2301,#2302,#2303),
(#2304,#2305,#2306),
(#2307,#2308,#2309),
(#2310,#2311,#2312),
(#2313,#2314,#2315),
(#2316,#2317,#2318),
(#2319,#2320,#2321),
(#2322,#2323,#2324),
(#2325,#2326,#2327),
(#2328,#2329,#2330),
(#2331,#2332,#2333),
(#2334,#2335,#2336),
(#2337,#2338,#2339),
(#2340,#2341,#2342),
(#2343,#2344,#2345),
(#2346,#2347,#2348),
(#2349,#2350,#2351),
(#2352,#2353,#2354),
(#2355,#2356,#2357),
(#2358,#2359,#2360),
(#2361,#2362,#2363),
(#2364,#2365,#2366),
(#2367,#2368,#2369),
(#2370,#2371,#2372),
(#2373,#2374,#2375),
(#2376,#2377,#2378),
(#2379,#2380,#2381),
(#2382,#2383,#2384),
(#2385,#2386,#2387),
(#2388,#2389,#2390),
(#2391,#2392,#2393),
(#2394,#2395,#2396),
(#2397,#2398,#2399),
(#2400,#2401,#2402),
(#2403,#2404,#2405),
(#2406,#2407,#2408),
(#2409,#2410,#2411),
(#2412,#2413,#2414),
(#2415,#2416,#2417),
(#2418,#2419,#2420),
(#2421,#2422,#2423),
(#2424,#2425,#2426),
(#2427,#2428,#2429),
(#2430,#2431,#2432),
(#2433,#2434,#2435),
(#2436,#2437,#2438),
(#2439,#2440,#2441),
(#2442,#2443,#2444),
(#2445,#2446,#2447),
(#2448,#2449,#2450),
(#2451,#2452,#2453),
(#2454,#2455,#2456),
(#2457,#2458,#2459),
(#2460,#2461,#2462),
(#2463,#2464,#2465),
(#2466,#2467,#2468),
(#2469,#2470,#2471),
(#2472,#2473,#2474),
(#2475,#2476,#2477),
(#2478,#2479,#2480),
(#2481,#2482,#2483),
(#2484,#2485,#2486),
(#2487,#2488,#2489),
(#2490,#2491,#2492),
(#2493,#2494,#2495),
(#2496,#2497,#2498),
(#2499,#2500,#2501),
(#2502,#2503,#2504),
(#2505,#2506,#2507),
(#2508,#2509,#2510),
(#2511,#2512,#2513),
(#2514,#2515,#2516),
(#2517,#2518,#2519),
(#2520,#2521,#2522),
(#2523,#2524,#2525),
(#2526,#2527,#2528),
(#2529,#2530,#2531),
(#2532,#2533,#2534),
(#2535,#2536,#2537),
(#2538,#2539,#2540),
(#2541,#2542,#2543),
(#2544,#2545,#2546),
(#2547,#2548,#2549),
(#2550,#2551,#2552),
(#2553,#2554,#2555)),
.UNSPECIFIED.,.T.,.F.,.F.)B_SPLINE_SURFACE_WITH_KNOTS((4,2,2,2,2,2,2,2,2,2,2,2,2,
2,2,2,2,2,2,2,2,2,2,2,2,2,2,2,2,2,2,2,2,2,2,2,2,2,2,2,2,2,2,2,2,2,2,2,4),
(3,3),
(0.,0.130899693899575,0.261799387799149,0.392699081698724,0.523598775598299,0.654498469497874,
0.785398163397448,0.916297857297023,1.0471975511966,1.17809724509617,1.30899693899575,
1.43989663289532,1.5707963267949,1.70169602069447,1.83259571459405,1.96349540849362,
2.0943951023932,2.22529479629277,2.35619449019234,2.48709418409192,2.61799387799149,
2.74889357189107,2.87979326579064,3.01069295969022,3.14159265358979,3.27249234748937,
3.40339204138894,3.53429173528852,3.66519142918809,3.79609112308767,3.92699081698724,
4.05789051088682,4.18879020478639,4.31968989868597,4.45058959258554,4.58148928648512,
4.71238898038469,4.84328867428426,4.97418836818384,5.10508806208341,5.23598775598299,
5.36688744988256,5.49778714378214,5.62868683768171,5.75958653158129,5.89048622548086,
6.02138591938044,6.15228561328001,6.28318530717959),
(0.,1.),
.UNSPECIFIED.)GEOMETRIC_REPRESENTATION_ITEM()RATIONAL_B_SPLINE_SURFACE((
(1.,0.38268343236509,1.),
(1.,0.38268343236509,1.),
(1.,0.386615193280103,1.),
(1.,0.386615193280103,1.),
(1.,0.398112608509061,1.),
(1.,0.398112608509061,1.),
(1.,0.416364334184503,1.),
(1.,0.416364334184503,1.),
(1.,0.440242867235919,1.),
(1.,0.440242867235919,1.),
(1.,0.468515993965556,1.),
(1.,0.468515993965556,1.),
(1.,0.499999999999999,1.),
(1.,0.499999999999999,1.),
(1.,0.533638766125139,1.),
(1.,0.533638766125139,1.),
(1.,0.568527312187694,1.),
(1.,0.568527312187694,1.),
(1.,0.603904773092124,1.),
(1.,0.603904773092124,1.),
(1.,0.639135078879175,1.),
(1.,0.639135078879175,1.),
(1.,0.673685402973354,1.),
(1.,0.673685402973354,1.),
(1.,0.707106781186548,1.),
(1.,0.707106781186548,1.),
(1.,0.73901825269788,1.),
(1.,0.73901825269788,1.),
(1.,0.769094500660426,1.),
(1.,0.769094500660426,1.),
(1.,0.797056475437312,1.),
(1.,0.797056475437312,1.),
(1.,0.822664388008036,1.),
(1.,0.822664388008036,1.),
(1.,0.845712520475155,1.),
(1.,0.845712520475155,1.),
(1.,0.866025403784439,1.),
(1.,0.866025403784439,1.),
(1.,0.883455014926321,1.),
(1.,0.883455014926321,1.),
(1.,0.89787873226171,1.),
(1.,0.89787873226171,1.),
(1.,0.909197855925262,1.),
(1.,0.909197855925262,1.),
(1.,0.917336552714493,1.),
(1.,0.917336552714493,1.),
(1.,0.922241124828528,1.),
(1.,0.922241124828528,1.),
(1.,0.923879532511286,1.),
(1.,0.923879532511286,1.),
(1.,0.922241124828528,1.),
(1.,0.922241124828528,1.),
(1.,0.917336552714493,1.),
(1.,0.917336552714493,1.),
(1.,0.909197855925262,1.),
(1.,0.909197855925262,1.),
(1.,0.897878732261711,1.),
(1.,0.897878732261711,1.),
(1.,0.883455014926321,1.),
(1.,0.883455014926321,1.),
(1.,0.866025403784439,1.),
(1.,0.866025403784439,1.),
(1.,0.845712520475155,1.),
(1.,0.845712520475155,1.),
(1.,0.822664388008036,1.),
(1.,0.822664388008036,1.),
(1.,0.797056475437312,1.),
(1.,0.797056475437312,1.),
(1.,0.769094500660426,1.),
(1.,0.769094500660426,1.),
(1.,0.739018252697881,1.),
(1.,0.739018252697881,1.),
(1.,0.707106781186548,1.),
(1.,0.707106781186548,1.),
(1.,0.673685402973354,1.),
(1.,0.673685402973354,1.),
(1.,0.639135078879176,1.),
(1.,0.639135078879176,1.),
(1.,0.603904773092125,1.),
(1.,0.603904773092125,1.),
(1.,0.568527312187693,1.),
(1.,0.568527312187693,1.),
(1.,0.533638766125138,1.),
(1.,0.533638766125138,1.),
(1.,0.5,1.),
(1.,0.5,1.),
(1.,0.468515993965558,1.),
(1.,0.468515993965558,1.),
(1.,0.440242867235919,1.),
(1.,0.440242867235919,1.),
(1.,0.416364334184503,1.),
(1.,0.416364334184503,1.),
(1.,0.398112608509061,1.),
(1.,0.398112608509061,1.),
(1.,0.386615193280103,1.),
(1.,0.386615193280103,1.),
(1.,0.38268343236509,1.),
(1.,0.38268343236509,1.)))REPRESENTATION_ITEM('')SURFACE());
#2262=CARTESIAN_POINT('',(-58.8994949366127,94.4999999999987,-130.100505063387));
#2263=CARTESIAN_POINT('',(-70.8492424049185,94.4999999999988,-118.150757595081));
#2264=CARTESIAN_POINT('',(-70.8492424049186,94.4999999999987,-135.050252531693));
#2265=CARTESIAN_POINT('',(-58.8994949367422,95.55048657171,-130.100505063301));
#2266=CARTESIAN_POINT('',(-70.8492424051176,94.507674380562,-118.150757595732));
#2267=CARTESIAN_POINT('',(-70.8492424048754,95.2450539524396,-135.05025253152));
#2268=CARTESIAN_POINT('',(-58.9683471275298,96.6009680072381,-130.03165287247));
#2269=CARTESIAN_POINT('',(-70.771661347712,94.5290072209889,-118.269239119897));
#2270=CARTESIAN_POINT('',(-70.8980755821758,95.9901042623827,-134.981400340776));
#2271=CARTESIAN_POINT('',(-59.2425791518776,98.6839670341561,-129.757420848122));
#2272=CARTESIAN_POINT('',(-70.6548042133421,94.643160361871,-118.304295319048));
#2273=CARTESIAN_POINT('',(-71.0925736930766,97.4674640879308,-134.707168316428));
#2274=CARTESIAN_POINT('',(-59.4479576445294,99.7164744411067,-129.55204235547));
#2275=CARTESIAN_POINT('',(-70.4632176154061,94.8310629584604,-118.611833134657));
#2276=CARTESIAN_POINT('',(-71.2382376756857,98.1997663803694,-134.501789823863));
#2277=CARTESIAN_POINT('',(-59.9917295073038,101.745858660613,-129.008270492696));
#2278=CARTESIAN_POINT('',(-70.3069166060268,95.2003180102708,-118.61803264391));
#2279=CARTESIAN_POINT('',(-71.6239059808062,99.6391000899148,-133.958017960916));
#2280=CARTESIAN_POINT('',(-60.3301202187442,102.742725550944,-128.669879781212));
#2281=CARTESIAN_POINT('',(-70.0990146790111,95.6441622692384,-118.999361480851));
#2282=CARTESIAN_POINT('',(-71.8639084176491,100.346124469727,-133.619627249518));
#2283=CARTESIAN_POINT('',(-61.1341278325545,104.683771636519,-127.865872167489));
#2284=CARTESIAN_POINT('',(-70.0177033155062,96.3301228737488,-118.883920524631));
#2285=CARTESIAN_POINT('',(-72.4341480254193,101.722804664624,-132.815619635794));
#2286=CARTESIAN_POINT('',(-61.5997408038706,105.627941341341,-127.400259196129));
#2287=CARTESIAN_POINT('',(-69.8955557544929,97.0222719761758,-119.214709937985));
#2288=CARTESIAN_POINT('',(-72.7643824082602,102.392453748641,-132.350006664435));
#2289=CARTESIAN_POINT('',(-62.6502273756293,107.447437456197,-126.349772624371));
#2290=CARTESIAN_POINT('',(-69.9935939093596,97.9945355415696,-118.896140398163));
#2291=CARTESIAN_POINT('',(-73.5094363608335,103.682925048897,-131.299520092676));
#2292=CARTESIAN_POINT('',(-63.2350958397893,108.322754970103,-125.764904160167));
#2293=CARTESIAN_POINT('',(-70.0267570419621,98.8632075273832,-119.085792546171));
#2294=CARTESIAN_POINT('',(-73.9242522878,104.303740955657,-130.714651628473));
#2295=CARTESIAN_POINT('',(-64.5140872529062,109.989569031329,-124.485912747137));
#2296=CARTESIAN_POINT('',(-70.372290055262,100.035952384171,-118.515160356604));
#2297=CARTESIAN_POINT('',(-74.8313725055844,105.485923039653,-129.435660215443));
#2298=CARTESIAN_POINT('',(-65.2082039483686,110.781057428966,-123.791796051631));
#2299=CARTESIAN_POINT('',(-70.589898369197,100.989549230517,-118.518088369052));
#2300=CARTESIAN_POINT('',(-75.3236723611768,106.047283436856,-128.741543519851));
#2301=CARTESIAN_POINT('',(-66.6938163051865,112.266669785784,-122.306183694813));
#2302=CARTESIAN_POINT('',(-71.2116168209698,102.259188111009,-117.680396440781));
#2303=CARTESIAN_POINT('',(-76.3773377656017,107.100948841281,-127.255931163206));
#2304=CARTESIAN_POINT('',(-67.4853047028668,112.960786481289,-121.51469529709));
#2305=CARTESIAN_POINT('',(-71.6119518347953,103.215109649215,-117.487256869845));
#2306=CARTESIAN_POINT('',(-76.9386981628055,107.593248696874,-126.464442765396));
#2307=CARTESIAN_POINT('',(-69.1521187640058,114.23977789432,-119.847881236037));
#2308=CARTESIAN_POINT('',(-72.5075185898573,104.483867854057,-116.393272705502));
#2309=CARTESIAN_POINT('',(-78.1208802468009,108.500368914658,-124.797628704343));
#2310=CARTESIAN_POINT('',(-70.027436277912,114.824646358523,-118.972563722088));
#2311=CARTESIAN_POINT('',(-73.0710241607392,105.379203613151,-116.017250630645));
#2312=CARTESIAN_POINT('',(-78.7416961535606,108.915184841625,-123.922311190307));
#2313=CARTESIAN_POINT('',(-71.8469323928541,115.875132930282,-117.153067607146));
#2314=CARTESIAN_POINT('',(-74.2175580724002,106.565189729536,-114.694167136215));
#2315=CARTESIAN_POINT('',(-80.0321674538172,109.660238794198,-122.102815075538));
#2316=CARTESIAN_POINT('',(-72.7911020976336,116.340745901554,-116.208897902366));
#2317=CARTESIAN_POINT('',(-74.9166830610259,107.356737013265,-114.159935405526));
#2318=CARTESIAN_POINT('',(-80.7018165378337,109.990473177039,-121.158645370586));
#2319=CARTESIAN_POINT('',(-74.732148183208,117.144753515451,-114.267851816792));
#2320=CARTESIAN_POINT('',(-76.2791431250818,108.395997285065,-112.644238408366));
#2321=CARTESIAN_POINT('',(-82.0784967327309,110.560712784809,-119.217599285184));
#2322=CARTESIAN_POINT('',(-75.7290150734963,117.483144226848,-113.270984926504));
#2323=CARTESIAN_POINT('',(-77.0840879133549,109.056365228025,-111.981068708705));
#2324=CARTESIAN_POINT('',(-82.7855211125001,110.800715221609,-118.220732394809));
#2325=CARTESIAN_POINT('',(-77.7583992930887,118.026916089623,-111.241600706911));
#2326=CARTESIAN_POINT('',(-78.6209047679894,109.901465207557,-110.31393860995));
#2327=CARTESIAN_POINT('',(-84.2248548221318,111.186383526816,-116.191348175217));
#2328=CARTESIAN_POINT('',(-78.7909066999915,118.232294582274,-110.209093300008));
#2329=CARTESIAN_POINT('',(-79.5024146647018,110.414803875017,-109.552016323433));
#2330=CARTESIAN_POINT('',(-84.9571571145671,111.332047509424,-115.158840768228));
#2331=CARTESIAN_POINT('',(-80.8739057269186,118.506526606623,-108.126094273081));
#2332=CARTESIAN_POINT('',(-81.1689850427418,111.032438362021,-107.776583969123));
#2333=CARTESIAN_POINT('',(-86.4345169400354,111.52654562024,-113.075841741473));
#2334=CARTESIAN_POINT('',(-81.9243871624811,118.575378797539,-107.075612837519));
#2335=CARTESIAN_POINT('',(-82.0994682578045,111.391033904685,-106.945261313613));
#2336=CARTESIAN_POINT('',(-87.179567249886,111.575378797539,-112.025360305738));
#2337=CARTESIAN_POINT('',(-84.0253603058258,118.575378797539,-104.974639694174));
#2338=CARTESIAN_POINT('',(-83.8502792105024,111.759723690394,-105.10499121808));
#2339=CARTESIAN_POINT('',(-88.6696751550326,111.575378797539,-109.924387162566));
#2340=CARTESIAN_POINT('',(-85.0758417413882,118.506526606623,-103.924158258612));
#2341=CARTESIAN_POINT('',(-84.8041218681799,111.961619997483,-104.232054402448));
#2342=CARTESIAN_POINT('',(-89.4147254648399,111.52654562024,-108.873905726831));
#2343=CARTESIAN_POINT('',(-87.1588407683154,118.232294582274,-101.841159231685));
#2344=CARTESIAN_POINT('',(-86.594080985235,112.069813612482,-102.369742744137));
#2345=CARTESIAN_POINT('',(-90.8920852903946,111.332047509424,-106.790906700077));
#2346=CARTESIAN_POINT('',(-88.1913481752614,118.026916089623,-100.808651824739));
#2347=CARTESIAN_POINT('',(-87.5476451032721,112.117258434093,-101.481147044794));
#2348=CARTESIAN_POINT('',(-91.6243875828299,111.186383526772,-105.758399293001));
#2349=CARTESIAN_POINT('',(-90.2207323947674,117.483144226848,-98.7792676052325));
#2350=CARTESIAN_POINT('',(-89.3329782703802,111.96184974939,-99.6382295815536));
#2351=CARTESIAN_POINT('',(-93.0637212923753,110.800715221652,-103.729015073582));
#2352=CARTESIAN_POINT('',(-91.217599285142,117.144753515451,-97.7824007149011));
#2353=CARTESIAN_POINT('',(-90.2645183160802,111.860309844802,-98.7580172140585));
#2354=CARTESIAN_POINT('',(-93.7707456721877,110.560712784809,-102.732148183121));
#2355=CARTESIAN_POINT('',(-93.1586453706301,116.340745901554,-95.8413546293267));
#2356=CARTESIAN_POINT('',(-92.0034403822236,111.445484468443,-96.9740240876375));
#2357=CARTESIAN_POINT('',(-95.1474258670848,109.990473177039,-100.791102097719));
#2358=CARTESIAN_POINT('',(-94.1028150755391,115.875132930282,-94.8971849245472));
#2359=CARTESIAN_POINT('',(-92.893036673079,111.203020581602,-96.1242908553602));
#2360=CARTESIAN_POINT('',(-95.8170749510582,109.660238794198,-99.8469323927667));
#2361=CARTESIAN_POINT('',(-95.9223111903085,114.824646358523,-93.0776888096051));
#2362=CARTESIAN_POINT('',(-94.5463031551417,110.539331732217,-94.436369316419));
#2363=CARTESIAN_POINT('',(-97.1075462514011,108.915184841625,-98.0274362779973));
#2364=CARTESIAN_POINT('',(-96.7976287043011,114.23977789432,-92.2023712956988));
#2365=CARTESIAN_POINT('',(-95.3758426397056,110.166186034153,-93.6372253035881));
#2366=CARTESIAN_POINT('',(-97.7283621581177,108.500368914615,-97.1521187639615));
#2367=CARTESIAN_POINT('',(-98.4644427654401,112.960786481289,-90.5355572345598));
#2368=CARTESIAN_POINT('',(-96.9072346705676,109.269776793127,-92.0796973861386));
#2369=CARTESIAN_POINT('',(-98.9105442421131,107.593248696917,-95.4853047029089));
#2370=CARTESIAN_POINT('',(-99.2559311631635,112.266669785784,-89.7440688368796));
#2371=CARTESIAN_POINT('',(-97.6604394371169,108.778076712489,-91.3492055492123));
#2372=CARTESIAN_POINT('',(-99.4719046392737,107.100948841281,-94.6938163050991));
#2373=CARTESIAN_POINT('',(-100.741543519895,110.781057428966,-88.2584564800616));
#2374=CARTESIAN_POINT('',(-99.0372036004045,107.669987211186,-89.9531514132662));
#2375=CARTESIAN_POINT('',(-100.525570043785,106.047283436856,-93.2082039484538));
#2376=CARTESIAN_POINT('',(-101.435660215444,109.989569031285,-87.5643397845992));
#2377=CARTESIAN_POINT('',(-99.6996958918446,107.073506137798,-89.3072451916264));
#2378=CARTESIAN_POINT('',(-101.017869899377,105.485923039653,-92.5140872528619));
#2379=CARTESIAN_POINT('',(-102.714651628474,108.322754970146,-86.2853483714823));
#2380=CARTESIAN_POINT('',(-100.892944668962,105.779023483855,-88.100114247567));
#2381=CARTESIAN_POINT('',(-101.924990117075,104.303740955657,-91.2350958398314));
#2382=CARTESIAN_POINT('',(-103.299520092721,107.447437456197,-85.7004799072791));
#2383=CARTESIAN_POINT('',(-101.452334215526,105.09296316139,-87.5525020068321));
#2384=CARTESIAN_POINT('',(-102.339806044085,103.682925048897,-90.6502273756282));
#2385=CARTESIAN_POINT('',(-104.350006664393,105.627941341341,-84.6499933356068));
#2386=CARTESIAN_POINT('',(-102.437404981169,103.640986915941,-86.5577587964726));
#2387=CARTESIAN_POINT('',(-103.084859996658,102.392453748641,-89.5997408038695));
#2388=CARTESIAN_POINT('',(-104.815619635752,104.683771636519,-84.1843803642907));
#2389=CARTESIAN_POINT('',(-102.883385148223,102.881761974826,-86.1198246253057));
#2390=CARTESIAN_POINT('',(-103.415094379499,101.722804664581,-89.1341278325102));
#2391=CARTESIAN_POINT('',(-105.619627249563,102.742725550944,-83.3803727503941));
#2392=CARTESIAN_POINT('',(-103.640152329906,101.304169035599,-85.3566378965646));
#2393=CARTESIAN_POINT('',(-103.985333987269,100.34612446977,-88.3301202187863));
#2394=CARTESIAN_POINT('',(-105.958017961003,101.745858660656,-83.0419820389969));
#2395=CARTESIAN_POINT('',(-103.964593593936,100.489183976567,-85.0373477736863));
#2396=CARTESIAN_POINT('',(-104.225336424112,99.6391000899579,-87.9917295073891));
#2397=CARTESIAN_POINT('',(-106.501789823778,99.7164744410635,-82.4982101762225));
#2398=CARTESIAN_POINT('',(-104.477727705793,98.8201846066073,-84.5203309265854));
#2399=CARTESIAN_POINT('',(-104.611004729233,98.1997663803262,-87.4479576444419));
#2400=CARTESIAN_POINT('',(-106.707168316429,98.6839670341607,-82.2928316835713));
#2401=CARTESIAN_POINT('',(-104.674759324991,97.967599698201,-84.3261518758121));
#2402=CARTESIAN_POINT('',(-104.756668711841,97.4674640878909,-87.2425791518772));
#2403=CARTESIAN_POINT('',(-106.981400340778,96.6009680072335,-82.0185996592222));
#2404=CARTESIAN_POINT('',(-104.933926964787,96.2430819361238,-84.0651618344095));
#2405=CARTESIAN_POINT('',(-104.951166822743,95.9901042624226,-86.9683471275281));
#2406=CARTESIAN_POINT('',(-107.050252531694,95.5504865717143,-81.9497474683058));
#2407=CARTESIAN_POINT('',(-105.,95.3715682858938,-84.));
#2408=CARTESIAN_POINT('',(-105.,95.2450539526584,-86.8994949366116));
#2409=CARTESIAN_POINT('',(-107.050252531694,93.4495134282832,-81.9497474683058));
#2410=CARTESIAN_POINT('',(-105.,93.6284317141037,-84.));
#2411=CARTESIAN_POINT('',(-105.,93.7549460473391,-86.8994949366116));
#2412=CARTESIAN_POINT('',(-106.981400340778,92.399031992764,-82.018599659179));
#2413=CARTESIAN_POINT('',(-104.933926964787,92.7569180637837,-84.0651618343429));
#2414=CARTESIAN_POINT('',(-104.951166822743,93.0098957375749,-86.9683471275281));
#2415=CARTESIAN_POINT('',(-106.707168316429,90.3160329658368,-82.2928316836145));
#2416=CARTESIAN_POINT('',(-104.674759324991,91.0324003018865,-84.3261518758786));
#2417=CARTESIAN_POINT('',(-104.756668711841,91.5325359121066,-87.2425791518772));
#2418=CARTESIAN_POINT('',(-106.501789823734,89.283525558934,-82.4982101762224));
#2419=CARTESIAN_POINT('',(-104.477727705636,90.1798153933902,-84.5203309267189));
#2420=CARTESIAN_POINT('',(-104.611004729233,90.8002336196713,-87.4479576445283));
#2421=CARTESIAN_POINT('',(-105.958017961046,87.2541413393416,-83.0419820389969));
#2422=CARTESIAN_POINT('',(-103.964593594093,88.5108160234308,-85.0373477735529));
#2423=CARTESIAN_POINT('',(-104.225336424112,89.3608999100395,-87.9917295073027));
#2424=CARTESIAN_POINT('',(-105.619627249606,86.2572744490534,-83.3803727504373));
#2425=CARTESIAN_POINT('',(-103.640152329973,87.6958309643076,-85.3566378966315));
#2426=CARTESIAN_POINT('',(-103.985333987269,88.6538755302272,-88.3301202187863));
#2427=CARTESIAN_POINT('',(-104.815619635709,84.316228363479,-84.1843803642475));
#2428=CARTESIAN_POINT('',(-102.883385148156,86.1182380252619,-86.1198246252388));
#2429=CARTESIAN_POINT('',(-103.415094379499,87.2771953354164,-89.1341278325102));
#2430=CARTESIAN_POINT('',(-104.350006664393,83.3720586586562,-84.6499933355636));
#2431=CARTESIAN_POINT('',(-102.437404981169,85.3590130840561,-86.5577587964966));
#2432=CARTESIAN_POINT('',(-103.084859996658,86.6075462513567,-89.5997408038695));
#2433=CARTESIAN_POINT('',(-103.299520092721,81.5525625438005,-85.7004799073223));
#2434=CARTESIAN_POINT('',(-101.452334215526,83.9070368386078,-87.552502006808));
#2435=CARTESIAN_POINT('',(-102.339806044085,85.3170749511001,-90.6502273756282));
#2436=CARTESIAN_POINT('',(-102.714651628518,80.6772450298511,-86.2853483714823));
#2437=CARTESIAN_POINT('',(-100.892944669097,83.2209765161429,-88.1001142474318));
#2438=CARTESIAN_POINT('',(-101.924990117119,84.6962590443403,-91.235095839745));
#2439=CARTESIAN_POINT('',(-101.435660215401,79.0104309687121,-87.5643397845992));
#2440=CARTESIAN_POINT('',(-99.6996958917094,81.9264938621992,-89.3072451917616));
#2441=CARTESIAN_POINT('',(-101.017869899334,83.5140769603449,-92.5140872529482));
#2442=CARTESIAN_POINT('',(-100.741543519895,78.2189425710319,-88.2584564800616));
#2443=CARTESIAN_POINT('',(-99.0372036004294,81.3300127888797,-89.9531514132662));
#2444=CARTESIAN_POINT('',(-100.525570043742,82.9527165631843,-93.2082039484538));
#2445=CARTESIAN_POINT('',(-99.2559311631635,76.7333302142139,-89.7440688368796));
#2446=CARTESIAN_POINT('',(-97.660439437092,80.2219232874405,-91.3492055492123));
#2447=CARTESIAN_POINT('',(-99.4719046393169,81.8990511586731,-94.6938163050991));
#2448=CARTESIAN_POINT('',(-98.4644427654832,76.0392135187515,-90.5355572345167));
#2449=CARTESIAN_POINT('',(-96.9072346704478,79.7302232069138,-92.0796973860268));
#2450=CARTESIAN_POINT('',(-98.9105442421131,81.4067513031239,-95.4853047028225));
#2451=CARTESIAN_POINT('',(-96.7976287042579,74.7602221056346,-92.202371295742));
#2452=CARTESIAN_POINT('',(-95.3758426398253,78.8338139658013,-93.6372253036999));
#2453=CARTESIAN_POINT('',(-97.7283621581177,80.4996310853395,-97.1521187640478));
#2454=CARTESIAN_POINT('',(-95.9223111903949,74.1753536414314,-93.0776888096483));
#2455=CARTESIAN_POINT('',(-94.54630315535,78.4606682678757,-94.4363693163927));
#2456=CARTESIAN_POINT('',(-97.1075462514443,80.0848151584161,-98.0274362779973));
#2457=CARTESIAN_POINT('',(-94.1028150754528,73.1248670697591,-94.897184924504));
#2458=CARTESIAN_POINT('',(-92.8930366728707,77.7969794182994,-96.1242908553864));
#2459=CARTESIAN_POINT('',(-95.817074951015,79.3397612057565,-99.8469323927666));
#2460=CARTESIAN_POINT('',(-93.1586453706301,72.6592540983998,-95.8413546293698));
#2461=CARTESIAN_POINT('',(-92.003440382056,77.5545155315817,-96.9740240877078));
#2462=CARTESIAN_POINT('',(-95.1474258670416,79.0095268229588,-100.791102097719));
#2463=CARTESIAN_POINT('',(-91.217599285142,71.8552464845895,-97.7824007148579));
#2464=CARTESIAN_POINT('',(-90.2645183162478,77.1396901551687,-98.7580172139882));
#2465=CARTESIAN_POINT('',(-93.7707456722308,78.4392872151886,-102.732148183121));
#2466=CARTESIAN_POINT('',(-90.2207323947674,71.5168557731491,-98.7792676052325));
#2467=CARTESIAN_POINT('',(-89.3329782702809,77.0381502506074,-99.6382295816529));
#2468=CARTESIAN_POINT('',(-93.0637212923753,78.1992847783456,-103.729015073582));
#2469=CARTESIAN_POINT('',(-88.1913481752614,70.9730839103747,-100.808651824739));
#2470=CARTESIAN_POINT('',(-87.5476451033714,76.8827415659046,-101.481147044695));
#2471=CARTESIAN_POINT('',(-91.6243875828299,77.8136164732251,-105.758399293001));
#2472=CARTESIAN_POINT('',(-87.1588407683154,70.7677054177235,-101.841159231685));
#2473=CARTESIAN_POINT('',(-86.5940809851334,76.9301863875158,-102.369742744137));
#2474=CARTESIAN_POINT('',(-90.8920852903946,77.6679524905734,-106.790906700077));
#2475=CARTESIAN_POINT('',(-85.0758417413882,70.4934733933745,-103.924158258612));
#2476=CARTESIAN_POINT('',(-84.8041218682815,77.0383800025141,-104.232054402448));
#2477=CARTESIAN_POINT('',(-89.4147254648399,77.473454379758,-108.873905726831));
#2478=CARTESIAN_POINT('',(-84.0253603058689,70.424621202458,-104.974639694131));
#2479=CARTESIAN_POINT('',(-83.8502792106498,77.240276309603,-105.104991218067));
#2480=CARTESIAN_POINT('',(-88.6696751550758,77.424621202458,-109.92438716248));
#2481=CARTESIAN_POINT('',(-81.9243871624379,70.424621202458,-107.075612837562));
#2482=CARTESIAN_POINT('',(-82.0994682576571,77.608966095313,-106.945261313626));
#2483=CARTESIAN_POINT('',(-87.1795672498428,77.424621202458,-112.025360305825));
#2484=CARTESIAN_POINT('',(-80.8739057269187,70.4934733933313,-108.126094273081));
#2485=CARTESIAN_POINT('',(-81.1689850427418,77.9675616379017,-107.776583969231));
#2486=CARTESIAN_POINT('',(-86.4345169400354,77.473454379758,-113.075841741473));
#2487=CARTESIAN_POINT('',(-78.7909066999915,70.7677054177667,-110.209093300008));
#2488=CARTESIAN_POINT('',(-79.5024146647019,78.5851961250552,-109.552016323326));
#2489=CARTESIAN_POINT('',(-84.9571571145671,77.6679524905734,-115.158840768228));
#2490=CARTESIAN_POINT('',(-77.7583992930887,70.9730839103747,-111.241600706911));
#2491=CARTESIAN_POINT('',(-78.6209047679894,79.0985347926285,-110.31393860995));
#2492=CARTESIAN_POINT('',(-84.2248548221318,77.8136164732251,-116.191348175217));
#2493=CARTESIAN_POINT('',(-75.7290150734963,71.5168557731491,-113.270984926504));
#2494=CARTESIAN_POINT('',(-77.0840879133549,79.9436347717849,-111.981068708705));
#2495=CARTESIAN_POINT('',(-82.7855211125001,78.1992847783456,-118.220732394809));
#2496=CARTESIAN_POINT('',(-74.7321481831649,71.8552464845464,-114.267851816792));
#2497=CARTESIAN_POINT('',(-76.2791431250387,80.6040027147031,-112.64423840828));
#2498=CARTESIAN_POINT('',(-82.0784967326877,78.4392872151886,-119.217599285011));
#2499=CARTESIAN_POINT('',(-72.7911020976768,72.659254098443,-116.208897902366));
#2500=CARTESIAN_POINT('',(-74.9166830610691,81.6432629869622,-114.159935405612));
#2501=CARTESIAN_POINT('',(-80.7018165378769,79.0095268229588,-121.158645370758));
#2502=CARTESIAN_POINT('',(-71.8469323928541,73.124867069759,-117.153067607146));
#2503=CARTESIAN_POINT('',(-74.2175580726384,82.4348102701855,-114.694167135891));
#2504=CARTESIAN_POINT('',(-80.0321674538172,79.3397612057996,-122.102815075365));
#2505=CARTESIAN_POINT('',(-70.0274362779121,74.1753536414314,-118.972563722088));
#2506=CARTESIAN_POINT('',(-73.0710241605009,83.6207963871223,-116.01725063097));
#2507=CARTESIAN_POINT('',(-78.7416961535606,80.0848151583729,-123.92231119048));
#2508=CARTESIAN_POINT('',(-69.152118764049,74.7602221056778,-119.847881235951));
#2509=CARTESIAN_POINT('',(-72.5075185896928,84.5161321459404,-116.393272705583));
#2510=CARTESIAN_POINT('',(-78.1208802468009,80.4996310853395,-124.797628704343));
#2511=CARTESIAN_POINT('',(-67.4853047028237,76.0392135187083,-121.514695297176));
#2512=CARTESIAN_POINT('',(-71.6119518349598,85.7848903507821,-117.487256869764));
#2513=CARTESIAN_POINT('',(-76.9386981628055,81.4067513031239,-126.464442765396));
#2514=CARTESIAN_POINT('',(-66.6938163051866,76.7333302142139,-122.306183694813));
#2515=CARTESIAN_POINT('',(-71.2116168214447,86.740811888859,-117.680396440694));
#2516=CARTESIAN_POINT('',(-76.3773377656449,81.8990511587162,-127.255931163033));
#2517=CARTESIAN_POINT('',(-65.2082039483686,78.2189425710318,-123.791796051631));
#2518=CARTESIAN_POINT('',(-70.589898368722,88.01045076961,-118.518088369139));
#2519=CARTESIAN_POINT('',(-75.3236723611336,82.9527165631412,-128.741543520023));
#2520=CARTESIAN_POINT('',(-64.514087252863,79.0104309686689,-124.485912747137));
#2521=CARTESIAN_POINT('',(-70.3722900551728,88.9640476158259,-118.515160356604));
#2522=CARTESIAN_POINT('',(-74.8313725055844,83.5140769603449,-129.435660215443));
#2523=CARTESIAN_POINT('',(-63.2350958398325,80.6772450298942,-125.764904160167));
#2524=CARTESIAN_POINT('',(-70.0267570420514,90.1367924726142,-119.085792546171));
#2525=CARTESIAN_POINT('',(-73.9242522878,84.6962590443403,-130.714651628473));
#2526=CARTESIAN_POINT('',(-62.6502273755861,81.5525625438005,-126.349772624457));
#2527=CARTESIAN_POINT('',(-69.9935939094086,91.0054644585692,-118.896140398347));
#2528=CARTESIAN_POINT('',(-73.5094363608335,85.3170749511001,-131.299520092676));
#2529=CARTESIAN_POINT('',(-61.5997408039138,83.3720586586562,-127.400259196043));
#2530=CARTESIAN_POINT('',(-69.8955557544438,91.9777280236805,-119.2147099378));
#2531=CARTESIAN_POINT('',(-72.7643824082602,86.6075462513567,-132.350006664435));
#2532=CARTESIAN_POINT('',(-61.1341278325545,84.3162283634789,-127.865872167489));
#2533=CARTESIAN_POINT('',(-70.0177033152125,92.6698771263436,-118.883920524631));
#2534=CARTESIAN_POINT('',(-72.4341480254193,87.2771953354164,-132.815619635794));
#2535=CARTESIAN_POINT('',(-60.3301202187442,86.2572744490533,-128.669879781212));
#2536=CARTESIAN_POINT('',(-70.0990146793048,93.3558377306641,-118.999361480851));
#2537=CARTESIAN_POINT('',(-71.8639084176491,88.6538755302272,-133.619627249518));
#2538=CARTESIAN_POINT('',(-59.9917295073038,87.2541413393848,-129.008270492696));
#2539=CARTESIAN_POINT('',(-70.3069166060268,93.7996819897267,-118.61803264391));
#2540=CARTESIAN_POINT('',(-71.6239059808062,89.3608999100827,-133.958017960916));
#2541=CARTESIAN_POINT('',(-59.4479576445294,89.2835255588908,-129.55204235547));
#2542=CARTESIAN_POINT('',(-70.4632176154061,94.168937041537,-118.611833134657));
#2543=CARTESIAN_POINT('',(-71.2382376756857,90.8002336196281,-134.501789823863));
#2544=CARTESIAN_POINT('',(-59.2425791518783,90.3160329658368,-129.757420848122));
#2545=CARTESIAN_POINT('',(-70.6548042133419,94.3568396379714,-118.304295319048));
#2546=CARTESIAN_POINT('',(-71.0925736930771,91.5325359120634,-134.707168316427));
#2547=CARTESIAN_POINT('',(-58.9683471275292,92.399031992764,-130.031652872471));
#2548=CARTESIAN_POINT('',(-70.7716613477122,94.4709927791637,-118.269239119897));
#2549=CARTESIAN_POINT('',(-70.8980755821754,93.0098957376181,-134.981400340777));
#2550=CARTESIAN_POINT('',(-58.8994949367422,93.4495134282401,-130.100505063301));
#2551=CARTESIAN_POINT('',(-70.8492424051176,94.4923256185958,-118.150757595732));
#2552=CARTESIAN_POINT('',(-70.8492424048754,93.7549460471664,-135.05025253152));
#2553=CARTESIAN_POINT('',(-58.8994949366127,94.4999999999987,-130.100505063387));
#2554=CARTESIAN_POINT('',(-70.8492424049185,94.4999999999988,-118.150757595081));
#2555=CARTESIAN_POINT('',(-70.8492424049186,94.4999999999987,-135.050252531693));
#2556=FACE_BOUND('',#2557,.T.);
#2557=EDGE_LOOP('',(#6045,#6046,#6047));
#2558=(BOUNDED_SURFACE()B_SPLINE_SURFACE(3,2,(
(#2559,#2560,#2561),
(#2562,#2563,#2564),
(#2565,#2566,#2567),
(#2568,#2569,#2570),
(#2571,#2572,#2573),
(#2574,#2575,#2576),
(#2577,#2578,#2579),
(#2580,#2581,#2582),
(#2583,#2584,#2585),
(#2586,#2587,#2588),
(#2589,#2590,#2591),
(#2592,#2593,#2594),
(#2595,#2596,#2597),
(#2598,#2599,#2600),
(#2601,#2602,#2603),
(#2604,#2605,#2606)),
.UNSPECIFIED.,.F.,.F.,.F.)B_SPLINE_SURFACE_WITH_KNOTS((4,2,2,2,2,2,2,4),
(3,3),
(-1.27089277199323,-0.635446385996617,0.,0.788214487507543,1.57642897501509,2.22014045845932,
2.86385194190355,2.87558112462282),
(0.,1.),
.UNSPECIFIED.)GEOMETRIC_REPRESENTATION_ITEM()RATIONAL_B_SPLINE_SURFACE((
(1.,0.77466132900794,1.),
(1.,0.77466132900794,1.),
(1.,0.829589956951088,1.),
(1.,0.829589956951088,1.),
(1.,0.882202992907308,1.),
(1.,0.882202992907308,1.),
(1.,0.936670584266795,1.),
(1.,0.936670584266795,1.),
(1.,0.97518407625074,1.),
(1.,0.97518407625074,1.),
(1.,0.993664067499847,1.),
(1.,0.993664067499847,1.),
(1.,0.999997999998,1.),
(1.,0.999997999998,1.),
(1.,1.,1.),
(1.,1.,1.)))REPRESENTATION_ITEM('')SURFACE());
#2559=CARTESIAN_POINT('',(-97.1749984226472,80.1473318730009,-95.9119324399898));
#2560=CARTESIAN_POINT('',(-95.6521922871306,79.1658745535602,-90.4924456504348));
#2561=CARTESIAN_POINT('',(-98.3802975863732,74.2634988945223,-89.407462502027));
#2562=CARTESIAN_POINT('',(-98.0299633788614,80.6983616964668,-95.4325159699711));
#2563=CARTESIAN_POINT('',(-96.3832124060642,79.5522692375436,-90.3964639834571));
#2564=CARTESIAN_POINT('',(-99.1035707380842,75.0404217415473,-89.119812630433));
#2565=CARTESIAN_POINT('',(-98.7940509610374,81.2972373186785,-94.8518468102668));
#2566=CARTESIAN_POINT('',(-97.2180341961948,79.9673037849719,-90.2645399439042));
#2567=CARTESIAN_POINT('',(-99.7499645303428,75.8848046074786,-88.7714111248282));
#2568=CARTESIAN_POINT('',(-100.181512560874,82.5741432223887,-93.5436375471804));
#2569=CARTESIAN_POINT('',(-98.6962987903355,81.0867711540076,-89.6760926379446));
#2570=CARTESIAN_POINT('',(-100.923712907104,77.6851742312822,-87.986485565706));
#2571=CARTESIAN_POINT('',(-100.804276957516,83.2524044297442,-92.8152419796242));
#2572=CARTESIAN_POINT('',(-99.4766501386335,81.7022463024871,-89.3193435477671));
#2573=CARTESIAN_POINT('',(-101.450551777051,78.6414865726684,-87.5494482248547));
#2574=CARTESIAN_POINT('',(-102.05977358561,84.8544845009759,-91.0450582913791));
#2575=CARTESIAN_POINT('',(-100.995966994538,83.3184367167847,-88.2570846168421));
#2576=CARTESIAN_POINT('',(-102.512661983594,80.9003345365,-86.4873380140423));
#2577=CARTESIAN_POINT('',(-102.635963299613,85.7676663059175,-90.0039597682688));
#2578=CARTESIAN_POINT('',(-101.777198147306,84.2866188390527,-87.5758432733373));
#2579=CARTESIAN_POINT('',(-103.000100153905,82.1878724649618,-85.8626788998609));
#2580=CARTESIAN_POINT('',(-103.597371502637,87.6412730018616,-87.8326922724357));
#2581=CARTESIAN_POINT('',(-103.045531738714,86.3733124982645,-86.0355624749251));
#2582=CARTESIAN_POINT('',(-103.813420910035,84.8295585700258,-84.5599184006277));
#2583=CARTESIAN_POINT('',(-103.981897097417,88.6017669657461,-86.7020235850211));
#2584=CARTESIAN_POINT('',(-103.582980842043,87.4766244532035,-85.1939380666759));
#2585=CARTESIAN_POINT('',(-104.138717332454,86.1838041254771,-83.8815171806151));
#2586=CARTESIAN_POINT('',(-104.519294402173,90.3902372293379,-84.5791740363048));
#2587=CARTESIAN_POINT('',(-104.323619793463,89.5736848622324,-83.5632209781755));
#2588=CARTESIAN_POINT('',(-104.593338354958,88.705452394294,-82.6078074667008));
#2589=CARTESIAN_POINT('',(-104.697645735159,91.1974711256952,-83.6146705646255));
#2590=CARTESIAN_POINT('',(-104.57517537469,90.533492353214,-82.8067166854606));
#2591=CARTESIAN_POINT('',(-104.744217910085,89.8436093815889,-82.0291053764929));
#2592=CARTESIAN_POINT('',(-104.936932782688,92.8200286907995,-81.6701787612768));
#2593=CARTESIAN_POINT('',(-104.910716421943,92.47579257782,-81.2661564684867));
#2594=CARTESIAN_POINT('',(-104.946647140199,92.1313295232265,-80.8624102951272));
#2595=CARTESIAN_POINT('',(-104.997826153578,93.6401877098366,-80.6843239389901));
#2596=CARTESIAN_POINT('',(-104.996934996518,93.463951024976,-80.4776082746314));
#2597=CARTESIAN_POINT('',(-104.998160994797,93.2877102567817,-80.2708974011053));
#2598=CARTESIAN_POINT('',(-104.99998106298,94.4705463426237,-79.6861634059536));
#2599=CARTESIAN_POINT('',(-104.999973299775,94.4645091234439,-79.6790822440386));
#2600=CARTESIAN_POINT('',(-104.999983979889,94.458471904679,-79.672001081611));
#2601=CARTESIAN_POINT('',(-105.000000000012,94.4852289807601,-79.6685136143639));
#2602=CARTESIAN_POINT('',(-105.000000000023,94.4822013133545,-79.6649624104331));
#2603=CARTESIAN_POINT('',(-105.000000000012,94.4791736459137,-79.6614112065376));
#2604=CARTESIAN_POINT('',(-105.,94.4999999999987,-79.6507575950825));
#2605=CARTESIAN_POINT('',(-105.,94.4999999999987,-79.6507575950825));
#2606=CARTESIAN_POINT('',(-105.,94.4999999999987,-79.6507575950825));
#2607=FACE_BOUND('',#2608,.T.);
#2608=EDGE_LOOP('',(#6048,#6049,#6050));
#2609=(BOUNDED_SURFACE()B_SPLINE_SURFACE(3,2,(
(#2610,#2611,#2612),
(#2613,#2614,#2615),
(#2616,#2617,#2618),
(#2619,#2620,#2621),
(#2622,#2623,#2624),
(#2625,#2626,#2627),
(#2628,#2629,#2630),
(#2631,#2632,#2633),
(#2634,#2635,#2636),
(#2637,#2638,#2639),
(#2640,#2641,#2642),
(#2643,#2644,#2645),
(#2646,#2647,#2648),
(#2649,#2650,#2651),
(#2652,#2653,#2654),
(#2655,#2656,#2657)),
.UNSPECIFIED.,.F.,.F.,.F.)B_SPLINE_SURFACE_WITH_KNOTS((4,2,2,2,2,2,2,4),
(3,3),
(-1.27089277199323,-0.635446385996616,-1.11022302462516E-15,0.788214487507539,1.57642897501508,
2.22014045845932,2.86385194190357,2.87558112462284),
(0.,1.),
.UNSPECIFIED.)GEOMETRIC_REPRESENTATION_ITEM()RATIONAL_B_SPLINE_SURFACE((
(1.,0.774661329007939,1.),
(1.,0.774661329007939,1.),
(1.,0.829589956951086,1.),
(1.,0.829589956951086,1.),
(1.,0.882202992907306,1.),
(1.,0.882202992907306,1.),
(1.,0.936670584266793,1.),
(1.,0.936670584266793,1.),
(1.,0.975184076250739,1.),
(1.,0.975184076250739,1.),
(1.,0.993664067499847,1.),
(1.,0.993664067499847,1.),
(1.,0.999997999998,1.),
(1.,0.999997999998,1.),
(1.,1.,1.),
(1.,1.,1.)))REPRESENTATION_ITEM('')SURFACE());
#2610=CARTESIAN_POINT('',(-98.3802975863731,114.736501105475,-89.407462502027));
#2611=CARTESIAN_POINT('',(-95.6521922871306,109.834125446437,-90.4924456504348));
#2612=CARTESIAN_POINT('',(-97.1749984226471,108.852668126997,-95.9119324399898));
#2613=CARTESIAN_POINT('',(-99.1035707380841,113.959578257815,-89.119812632021));
#2614=CARTESIAN_POINT('',(-96.3832124035638,109.447730760251,-90.396463988068));
#2615=CARTESIAN_POINT('',(-98.0299633782261,108.301638301943,-95.4325159725119));
#2616=CARTESIAN_POINT('',(-99.7499645306603,113.115195393472,-88.7714111254635));
#2617=CARTESIAN_POINT('',(-97.2180341972128,109.032696215978,-90.2645399445395));
#2618=CARTESIAN_POINT('',(-98.7940509613549,107.702762682272,-94.851846810902));
#2619=CARTESIAN_POINT('',(-100.923712906787,111.314825767763,-87.9864855650709));
#2620=CARTESIAN_POINT('',(-98.6962987893174,107.913228845037,-89.6760926373095));
#2621=CARTESIAN_POINT('',(-100.181512560557,106.425856776656,-93.5436375465453));
#2622=CARTESIAN_POINT('',(-101.450551776733,110.358513427647,-87.5494482251724));
#2623=CARTESIAN_POINT('',(-99.4766501384958,107.297753697331,-89.3193435480847));
#2624=CARTESIAN_POINT('',(-100.804276956881,105.747595570253,-92.8152419799419));
#2625=CARTESIAN_POINT('',(-102.512661983988,108.099665463104,-86.4873380136484));
#2626=CARTESIAN_POINT('',(-100.995966994709,105.681563283436,-88.2570846164482));
#2627=CARTESIAN_POINT('',(-102.059773586397,104.145515499022,-91.0450582909852));
#2628=CARTESIAN_POINT('',(-103.000100153511,106.812127534642,-85.862678899861));
#2629=CARTESIAN_POINT('',(-101.777198147123,104.713381160551,-87.5758432731271));
#2630=CARTESIAN_POINT('',(-102.635963298825,103.232333693686,-90.0039597686628));
#2631=CARTESIAN_POINT('',(-103.813420910429,104.170441430366,-84.5599184006277));
#2632=CARTESIAN_POINT('',(-103.045531738897,102.626687502127,-86.0355624751355));
#2633=CARTESIAN_POINT('',(-103.597371503425,101.35872699853,-87.8326922720418));
#2634=CARTESIAN_POINT('',(-104.138717330878,102.816195874127,-83.8815171802212));
#2635=CARTESIAN_POINT('',(-103.582980841063,101.523375546602,-85.1939380670799));
#2636=CARTESIAN_POINT('',(-103.981897096235,100.398233033464,-86.7020235846273));
#2637=CARTESIAN_POINT('',(-104.593338356245,100.294547606025,-82.6078074670226));
#2638=CARTESIAN_POINT('',(-104.323619794264,99.4263151379219,-83.5632209778456));
#2639=CARTESIAN_POINT('',(-104.519294403138,98.6097627713031,-84.5791740366266));
#2640=CARTESIAN_POINT('',(-104.744217909441,99.1563906180869,-82.029105376493));
#2641=CARTESIAN_POINT('',(-104.575175374046,98.4665076464618,-82.8067166856225));
#2642=CARTESIAN_POINT('',(-104.697645734516,97.8025288739807,-83.6146705643038));
#2643=CARTESIAN_POINT('',(-104.946647140842,96.8686704770928,-80.8624102951272));
#2644=CARTESIAN_POINT('',(-104.910716422586,96.5242074224993,-81.2661564683249));
#2645=CARTESIAN_POINT('',(-104.936932783332,96.1799713095198,-81.6701787615986));
#2646=CARTESIAN_POINT('',(-104.998160994475,95.7122897425724,-80.270897401427));
#2647=CARTESIAN_POINT('',(-104.996934996196,95.5360489742172,-80.4776082749531));
#2648=CARTESIAN_POINT('',(-104.997826153256,95.3598122898392,-80.6843239393118));
#2649=CARTESIAN_POINT('',(-104.999983979895,94.5415280953302,-79.6720010816051));
#2650=CARTESIAN_POINT('',(-104.999973299781,94.5354908765682,-79.6790822440327));
#2651=CARTESIAN_POINT('',(-104.999981062986,94.5294536573797,-79.6861634059478));
#2652=CARTESIAN_POINT('',(-105.000000000035,94.5208263541541,-79.6614112067252));
#2653=CARTESIAN_POINT('',(-105.000000000035,94.5177986867924,-79.6649624105093));
#2654=CARTESIAN_POINT('',(-105.000000000035,94.5147710194308,-79.6685136143287));
#2655=CARTESIAN_POINT('',(-105.,94.4999999999987,-79.6507575950825));
#2656=CARTESIAN_POINT('',(-105.,94.4999999999987,-79.6507575950825));
#2657=CARTESIAN_POINT('',(-105.,94.4999999999987,-79.6507575950825));
#2658=FACE_BOUND('',#2659,.T.);
#2659=EDGE_LOOP('',(#6051,#6052,#6053,#6054));
#2660=(BOUNDED_SURFACE()B_SPLINE_SURFACE(3,2,(
(#2661,#2662,#2663),
(#2664,#2665,#2666),
(#2667,#2668,#2669),
(#2670,#2671,#2672),
(#2673,#2674,#2675),
(#2676,#2677,#2678),
(#2679,#2680,#2681),
(#2682,#2683,#2684),
(#2685,#2686,#2687),
(#2688,#2689,#2690),
(#2691,#2692,#2693),
(#2694,#2695,#2696),
(#2697,#2698,#2699),
(#2700,#2701,#2702),
(#2703,#2704,#2705),
(#2706,#2707,#2708),
(#2709,#2710,#2711),
(#2712,#2713,#2714),
(#2715,#2716,#2717),
(#2718,#2719,#2720),
(#2721,#2722,#2723),
(#2724,#2725,#2726),
(#2727,#2728,#2729),
(#2730,#2731,#2732),
(#2733,#2734,#2735),
(#2736,#2737,#2738),
(#2739,#2740,#2741),
(#2742,#2743,#2744),
(#2745,#2746,#2747),
(#2748,#2749,#2750),
(#2751,#2752,#2753),
(#2754,#2755,#2756),
(#2757,#2758,#2759),
(#2760,#2761,#2762),
(#2763,#2764,#2765),
(#2766,#2767,#2768),
(#2769,#2770,#2771),
(#2772,#2773,#2774),
(#2775,#2776,#2777),
(#2778,#2779,#2780),
(#2781,#2782,#2783),
(#2784,#2785,#2786),
(#2787,#2788,#2789),
(#2790,#2791,#2792),
(#2793,#2794,#2795),
(#2796,#2797,#2798),
(#2799,#2800,#2801),
(#2802,#2803,#2804),
(#2805,#2806,#2807),
(#2808,#2809,#2810),
(#2811,#2812,#2813),
(#2814,#2815,#2816),
(#2817,#2818,#2819),
(#2820,#2821,#2822),
(#2823,#2824,#2825),
(#2826,#2827,#2828),
(#2829,#2830,#2831),
(#2832,#2833,#2834),
(#2835,#2836,#2837),
(#2838,#2839,#2840),
(#2841,#2842,#2843),
(#2844,#2845,#2846),
(#2847,#2848,#2849),
(#2850,#2851,#2852),
(#2853,#2854,#2855),
(#2856,#2857,#2858),
(#2859,#2860,#2861),
(#2862,#2863,#2864),
(#2865,#2866,#2867),
(#2868,#2869,#2870),
(#2871,#2872,#2873),
(#2874,#2875,#2876),
(#2877,#2878,#2879),
(#2880,#2881,#2882),
(#2883,#2884,#2885),
(#2886,#2887,#2888),
(#2889,#2890,#2891),
(#2892,#2893,#2894),
(#2895,#2896,#2897),
(#2898,#2899,#2900),
(#2901,#2902,#2903),
(#2904,#2905,#2906),
(#2907,#2908,#2909),
(#2910,#2911,#2912),
(#2913,#2914,#2915),
(#2916,#2917,#2918),
(#2919,#2920,#2921),
(#2922,#2923,#2924),
(#2925,#2926,#2927),
(#2928,#2929,#2930),
(#2931,#2932,#2933),
(#2934,#2935,#2936),
(#2937,#2938,#2939),
(#2940,#2941,#2942),
(#2943,#2944,#2945),
(#2946,#2947,#2948),
(#2949,#2950,#2951),
(#2952,#2953,#2954)),
.UNSPECIFIED.,.T.,.F.,.F.)B_SPLINE_SURFACE_WITH_KNOTS((4,2,2,2,2,2,2,2,2,2,2,2,2,
2,2,2,2,2,2,2,2,2,2,2,2,2,2,2,2,2,2,2,2,2,2,2,2,2,2,2,2,2,2,2,2,2,2,2,4),
(3,3),
(0.,0.130899693899575,0.261799387799149,0.392699081698724,0.523598775598299,0.654498469497874,
0.785398163397448,0.916297857297023,1.0471975511966,1.17809724509617,1.30899693899575,
1.43989663289532,1.5707963267949,1.70169602069447,1.83259571459405,1.96349540849362,
2.0943951023932,2.22529479629277,2.35619449019234,2.48709418409192,2.61799387799149,
2.74889357189107,2.87979326579064,3.01069295969022,3.14159265358979,3.27249234748937,
3.40339204138894,3.53429173528852,3.66519142918809,3.79609112308767,3.92699081698724,
4.05789051088682,4.18879020478639,4.31968989868597,4.45058959258554,4.58148928648512,
4.71238898038469,4.84328867428426,4.97418836818384,5.10508806208341,5.23598775598299,
5.36688744988256,5.49778714378214,5.62868683768171,5.75958653158129,5.89048622548086,
6.02138591938044,6.15228561328001,6.28318530717959),
(0.,1.),
.UNSPECIFIED.)GEOMETRIC_REPRESENTATION_ITEM()RATIONAL_B_SPLINE_SURFACE((
(1.,0.38268343236509,1.),
(1.,0.38268343236509,1.),
(1.,0.386615193280103,1.),
(1.,0.386615193280103,1.),
(1.,0.398112608509061,1.),
(1.,0.398112608509061,1.),
(1.,0.416364334184503,1.),
(1.,0.416364334184503,1.),
(1.,0.440242867235919,1.),
(1.,0.440242867235919,1.),
(1.,0.468515993965556,1.),
(1.,0.468515993965556,1.),
(1.,0.499999999999999,1.),
(1.,0.499999999999999,1.),
(1.,0.533638766125139,1.),
(1.,0.533638766125139,1.),
(1.,0.568527312187694,1.),
(1.,0.568527312187694,1.),
(1.,0.603904773092124,1.),
(1.,0.603904773092124,1.),
(1.,0.639135078879175,1.),
(1.,0.639135078879175,1.),
(1.,0.673685402973354,1.),
(1.,0.673685402973354,1.),
(1.,0.707106781186548,1.),
(1.,0.707106781186548,1.),
(1.,0.73901825269788,1.),
(1.,0.73901825269788,1.),
(1.,0.769094500660426,1.),
(1.,0.769094500660426,1.),
(1.,0.797056475437312,1.),
(1.,0.797056475437312,1.),
(1.,0.822664388008036,1.),
(1.,0.822664388008036,1.),
(1.,0.845712520475155,1.),
(1.,0.845712520475155,1.),
(1.,0.866025403784439,1.),
(1.,0.866025403784439,1.),
(1.,0.883455014926321,1.),
(1.,0.883455014926321,1.),
(1.,0.89787873226171,1.),
(1.,0.89787873226171,1.),
(1.,0.909197855925262,1.),
(1.,0.909197855925262,1.),
(1.,0.917336552714493,1.),
(1.,0.917336552714493,1.),
(1.,0.922241124828528,1.),
(1.,0.922241124828528,1.),
(1.,0.923879532511286,1.),
(1.,0.923879532511286,1.),
(1.,0.922241124828528,1.),
(1.,0.922241124828528,1.),
(1.,0.917336552714493,1.),
(1.,0.917336552714493,1.),
(1.,0.909197855925262,1.),
(1.,0.909197855925262,1.),
(1.,0.897878732261711,1.),
(1.,0.897878732261711,1.),
(1.,0.883455014926321,1.),
(1.,0.883455014926321,1.),
(1.,0.866025403784439,1.),
(1.,0.866025403784439,1.),
(1.,0.845712520475155,1.),
(1.,0.845712520475155,1.),
(1.,0.822664388008036,1.),
(1.,0.822664388008036,1.),
(1.,0.797056475437312,1.),
(1.,0.797056475437312,1.),
(1.,0.769094500660426,1.),
(1.,0.769094500660426,1.),
(1.,0.739018252697881,1.),
(1.,0.739018252697881,1.),
(1.,0.707106781186548,1.),
(1.,0.707106781186548,1.),
(1.,0.673685402973354,1.),
(1.,0.673685402973354,1.),
(1.,0.639135078879176,1.),
(1.,0.639135078879176,1.),
(1.,0.603904773092125,1.),
(1.,0.603904773092125,1.),
(1.,0.568527312187693,1.),
(1.,0.568527312187693,1.),
(1.,0.533638766125138,1.),
(1.,0.533638766125138,1.),
(1.,0.5,1.),
(1.,0.5,1.),
(1.,0.468515993965558,1.),
(1.,0.468515993965558,1.),
(1.,0.440242867235919,1.),
(1.,0.440242867235919,1.),
(1.,0.416364334184503,1.),
(1.,0.416364334184503,1.),
(1.,0.398112608509061,1.),
(1.,0.398112608509061,1.),
(1.,0.386615193280103,1.),
(1.,0.386615193280103,1.),
(1.,0.38268343236509,1.),
(1.,0.38268343236509,1.)))REPRESENTATION_ITEM('')SURFACE());
#2661=CARTESIAN_POINT('',(-58.8994949366127,94.4999999999987,-130.100505063387));
#2662=CARTESIAN_POINT('',(-70.8492424049185,94.4999999999988,-118.150757595081));
#2663=CARTESIAN_POINT('',(-70.8492424049186,94.4999999999987,-135.050252531693));
#2664=CARTESIAN_POINT('',(-58.8994949367422,95.55048657171,-130.100505063301));
#2665=CARTESIAN_POINT('',(-70.8492424051176,94.507674380562,-118.150757595732));
#2666=CARTESIAN_POINT('',(-70.8492424048754,95.2450539524396,-135.05025253152));
#2667=CARTESIAN_POINT('',(-58.9683471275298,96.6009680072381,-130.03165287247));
#2668=CARTESIAN_POINT('',(-70.771661347712,94.5290072209889,-118.269239119897));
#2669=CARTESIAN_POINT('',(-70.8980755821758,95.9901042623827,-134.981400340776));
#2670=CARTESIAN_POINT('',(-59.2425791518776,98.6839670341561,-129.757420848122));
#2671=CARTESIAN_POINT('',(-70.6548042133421,94.643160361871,-118.304295319048));
#2672=CARTESIAN_POINT('',(-71.0925736930766,97.4674640879308,-134.707168316428));
#2673=CARTESIAN_POINT('',(-59.4479576445294,99.7164744411067,-129.55204235547));
#2674=CARTESIAN_POINT('',(-70.4632176154061,94.8310629584604,-118.611833134657));
#2675=CARTESIAN_POINT('',(-71.2382376756857,98.1997663803694,-134.501789823863));
#2676=CARTESIAN_POINT('',(-59.9917295073038,101.745858660613,-129.008270492696));
#2677=CARTESIAN_POINT('',(-70.3069166060268,95.2003180102708,-118.61803264391));
#2678=CARTESIAN_POINT('',(-71.6239059808062,99.6391000899148,-133.958017960916));
#2679=CARTESIAN_POINT('',(-60.3301202187442,102.742725550944,-128.669879781212));
#2680=CARTESIAN_POINT('',(-70.0990146790111,95.6441622692384,-118.999361480851));
#2681=CARTESIAN_POINT('',(-71.8639084176491,100.346124469727,-133.619627249518));
#2682=CARTESIAN_POINT('',(-61.1341278325545,104.683771636519,-127.865872167489));
#2683=CARTESIAN_POINT('',(-70.0177033155062,96.3301228737488,-118.883920524631));
#2684=CARTESIAN_POINT('',(-72.4341480254193,101.722804664624,-132.815619635794));
#2685=CARTESIAN_POINT('',(-61.5997408038706,105.627941341341,-127.400259196129));
#2686=CARTESIAN_POINT('',(-69.8955557544929,97.0222719761758,-119.214709937985));
#2687=CARTESIAN_POINT('',(-72.7643824082602,102.392453748641,-132.350006664435));
#2688=CARTESIAN_POINT('',(-62.6502273756293,107.447437456197,-126.349772624371));
#2689=CARTESIAN_POINT('',(-69.9935939093596,97.9945355415696,-118.896140398163));
#2690=CARTESIAN_POINT('',(-73.5094363608335,103.682925048897,-131.299520092676));
#2691=CARTESIAN_POINT('',(-63.2350958397893,108.322754970103,-125.764904160167));
#2692=CARTESIAN_POINT('',(-70.0267570419621,98.8632075273832,-119.085792546171));
#2693=CARTESIAN_POINT('',(-73.9242522878,104.303740955657,-130.714651628473));
#2694=CARTESIAN_POINT('',(-64.5140872529062,109.989569031329,-124.485912747137));
#2695=CARTESIAN_POINT('',(-70.372290055262,100.035952384171,-118.515160356604));
#2696=CARTESIAN_POINT('',(-74.8313725055844,105.485923039653,-129.435660215443));
#2697=CARTESIAN_POINT('',(-65.2082039483686,110.781057428966,-123.791796051631));
#2698=CARTESIAN_POINT('',(-70.589898369197,100.989549230517,-118.518088369052));
#2699=CARTESIAN_POINT('',(-75.3236723611768,106.047283436856,-128.741543519851));
#2700=CARTESIAN_POINT('',(-66.6938163051865,112.266669785784,-122.306183694813));
#2701=CARTESIAN_POINT('',(-71.2116168209698,102.259188111009,-117.680396440781));
#2702=CARTESIAN_POINT('',(-76.3773377656017,107.100948841281,-127.255931163206));
#2703=CARTESIAN_POINT('',(-67.4853047028668,112.960786481289,-121.51469529709));
#2704=CARTESIAN_POINT('',(-71.6119518347953,103.215109649215,-117.487256869845));
#2705=CARTESIAN_POINT('',(-76.9386981628055,107.593248696874,-126.464442765396));
#2706=CARTESIAN_POINT('',(-69.1521187640058,114.23977789432,-119.847881236037));
#2707=CARTESIAN_POINT('',(-72.5075185898573,104.483867854057,-116.393272705502));
#2708=CARTESIAN_POINT('',(-78.1208802468009,108.500368914658,-124.797628704343));
#2709=CARTESIAN_POINT('',(-70.027436277912,114.824646358523,-118.972563722088));
#2710=CARTESIAN_POINT('',(-73.0710241607392,105.379203613151,-116.017250630645));
#2711=CARTESIAN_POINT('',(-78.7416961535606,108.915184841625,-123.922311190307));
#2712=CARTESIAN_POINT('',(-71.8469323928541,115.875132930282,-117.153067607146));
#2713=CARTESIAN_POINT('',(-74.2175580724002,106.565189729536,-114.694167136215));
#2714=CARTESIAN_POINT('',(-80.0321674538172,109.660238794198,-122.102815075538));
#2715=CARTESIAN_POINT('',(-72.7911020976336,116.340745901554,-116.208897902366));
#2716=CARTESIAN_POINT('',(-74.9166830610259,107.356737013265,-114.159935405526));
#2717=CARTESIAN_POINT('',(-80.7018165378337,109.990473177039,-121.158645370586));
#2718=CARTESIAN_POINT('',(-74.732148183208,117.144753515451,-114.267851816792));
#2719=CARTESIAN_POINT('',(-76.2791431250818,108.395997285065,-112.644238408366));
#2720=CARTESIAN_POINT('',(-82.0784967327309,110.560712784809,-119.217599285184));
#2721=CARTESIAN_POINT('',(-75.7290150734963,117.483144226848,-113.270984926504));
#2722=CARTESIAN_POINT('',(-77.0840879133549,109.056365228025,-111.981068708705));
#2723=CARTESIAN_POINT('',(-82.7855211125001,110.800715221609,-118.220732394809));
#2724=CARTESIAN_POINT('',(-77.7583992930887,118.026916089623,-111.241600706911));
#2725=CARTESIAN_POINT('',(-78.6209047679894,109.901465207557,-110.31393860995));
#2726=CARTESIAN_POINT('',(-84.2248548221318,111.186383526816,-116.191348175217));
#2727=CARTESIAN_POINT('',(-78.7909066999915,118.232294582274,-110.209093300008));
#2728=CARTESIAN_POINT('',(-79.5024146647018,110.414803875017,-109.552016323433));
#2729=CARTESIAN_POINT('',(-84.9571571145671,111.332047509424,-115.158840768228));
#2730=CARTESIAN_POINT('',(-80.8739057269186,118.506526606623,-108.126094273081));
#2731=CARTESIAN_POINT('',(-81.1689850427418,111.032438362021,-107.776583969123));
#2732=CARTESIAN_POINT('',(-86.4345169400354,111.52654562024,-113.075841741473));
#2733=CARTESIAN_POINT('',(-81.9243871624811,118.575378797539,-107.075612837519));
#2734=CARTESIAN_POINT('',(-82.0994682578045,111.391033904685,-106.945261313613));
#2735=CARTESIAN_POINT('',(-87.179567249886,111.575378797539,-112.025360305738));
#2736=CARTESIAN_POINT('',(-84.0253603058258,118.575378797539,-104.974639694174));
#2737=CARTESIAN_POINT('',(-83.8502792105024,111.759723690394,-105.10499121808));
#2738=CARTESIAN_POINT('',(-88.6696751550326,111.575378797539,-109.924387162566));
#2739=CARTESIAN_POINT('',(-85.0758417413882,118.506526606623,-103.924158258612));
#2740=CARTESIAN_POINT('',(-84.8041218681799,111.961619997483,-104.232054402448));
#2741=CARTESIAN_POINT('',(-89.4147254648399,111.52654562024,-108.873905726831));
#2742=CARTESIAN_POINT('',(-87.1588407683154,118.232294582274,-101.841159231685));
#2743=CARTESIAN_POINT('',(-86.594080985235,112.069813612482,-102.369742744137));
#2744=CARTESIAN_POINT('',(-90.8920852903946,111.332047509424,-106.790906700077));
#2745=CARTESIAN_POINT('',(-88.1913481752614,118.026916089623,-100.808651824739));
#2746=CARTESIAN_POINT('',(-87.5476451032721,112.117258434093,-101.481147044794));
#2747=CARTESIAN_POINT('',(-91.6243875828299,111.186383526772,-105.758399293001));
#2748=CARTESIAN_POINT('',(-90.2207323947674,117.483144226848,-98.7792676052325));
#2749=CARTESIAN_POINT('',(-89.3329782703802,111.96184974939,-99.6382295815536));
#2750=CARTESIAN_POINT('',(-93.0637212923753,110.800715221652,-103.729015073582));
#2751=CARTESIAN_POINT('',(-91.217599285142,117.144753515451,-97.7824007149011));
#2752=CARTESIAN_POINT('',(-90.2645183160802,111.860309844802,-98.7580172140585));
#2753=CARTESIAN_POINT('',(-93.7707456721877,110.560712784809,-102.732148183121));
#2754=CARTESIAN_POINT('',(-93.1586453706301,116.340745901554,-95.8413546293267));
#2755=CARTESIAN_POINT('',(-92.0034403822236,111.445484468443,-96.9740240876375));
#2756=CARTESIAN_POINT('',(-95.1474258670848,109.990473177039,-100.791102097719));
#2757=CARTESIAN_POINT('',(-94.1028150755391,115.875132930282,-94.8971849245472));
#2758=CARTESIAN_POINT('',(-92.893036673079,111.203020581602,-96.1242908553602));
#2759=CARTESIAN_POINT('',(-95.8170749510582,109.660238794198,-99.8469323927667));
#2760=CARTESIAN_POINT('',(-95.9223111903085,114.824646358523,-93.0776888096051));
#2761=CARTESIAN_POINT('',(-94.5463031551417,110.539331732217,-94.436369316419));
#2762=CARTESIAN_POINT('',(-97.1075462514011,108.915184841625,-98.0274362779973));
#2763=CARTESIAN_POINT('',(-96.7976287043011,114.23977789432,-92.2023712956988));
#2764=CARTESIAN_POINT('',(-95.3758426397056,110.166186034153,-93.6372253035881));
#2765=CARTESIAN_POINT('',(-97.7283621581177,108.500368914615,-97.1521187639615));
#2766=CARTESIAN_POINT('',(-98.4644427654401,112.960786481289,-90.5355572345598));
#2767=CARTESIAN_POINT('',(-96.9072346705676,109.269776793127,-92.0796973861386));
#2768=CARTESIAN_POINT('',(-98.9105442421131,107.593248696917,-95.4853047029089));
#2769=CARTESIAN_POINT('',(-99.2559311631635,112.266669785784,-89.7440688368796));
#2770=CARTESIAN_POINT('',(-97.6604394371169,108.778076712489,-91.3492055492123));
#2771=CARTESIAN_POINT('',(-99.4719046392737,107.100948841281,-94.6938163050991));
#2772=CARTESIAN_POINT('',(-100.741543519895,110.781057428966,-88.2584564800616));
#2773=CARTESIAN_POINT('',(-99.0372036004045,107.669987211186,-89.9531514132662));
#2774=CARTESIAN_POINT('',(-100.525570043785,106.047283436856,-93.2082039484538));
#2775=CARTESIAN_POINT('',(-101.435660215444,109.989569031285,-87.5643397845992));
#2776=CARTESIAN_POINT('',(-99.6996958918446,107.073506137798,-89.3072451916264));
#2777=CARTESIAN_POINT('',(-101.017869899377,105.485923039653,-92.5140872528619));
#2778=CARTESIAN_POINT('',(-102.714651628474,108.322754970146,-86.2853483714823));
#2779=CARTESIAN_POINT('',(-100.892944668962,105.779023483855,-88.100114247567));
#2780=CARTESIAN_POINT('',(-101.924990117075,104.303740955657,-91.2350958398314));
#2781=CARTESIAN_POINT('',(-103.299520092721,107.447437456197,-85.7004799072791));
#2782=CARTESIAN_POINT('',(-101.452334215526,105.09296316139,-87.5525020068321));
#2783=CARTESIAN_POINT('',(-102.339806044085,103.682925048897,-90.6502273756282));
#2784=CARTESIAN_POINT('',(-104.350006664393,105.627941341341,-84.6499933356068));
#2785=CARTESIAN_POINT('',(-102.437404981169,103.640986915941,-86.5577587964726));
#2786=CARTESIAN_POINT('',(-103.084859996658,102.392453748641,-89.5997408038695));
#2787=CARTESIAN_POINT('',(-104.815619635752,104.683771636519,-84.1843803642907));
#2788=CARTESIAN_POINT('',(-102.883385148223,102.881761974826,-86.1198246253057));
#2789=CARTESIAN_POINT('',(-103.415094379499,101.722804664581,-89.1341278325102));
#2790=CARTESIAN_POINT('',(-105.619627249563,102.742725550944,-83.3803727503941));
#2791=CARTESIAN_POINT('',(-103.640152329906,101.304169035599,-85.3566378965646));
#2792=CARTESIAN_POINT('',(-103.985333987269,100.34612446977,-88.3301202187863));
#2793=CARTESIAN_POINT('',(-105.958017961003,101.745858660656,-83.0419820389969));
#2794=CARTESIAN_POINT('',(-103.964593593936,100.489183976567,-85.0373477736863));
#2795=CARTESIAN_POINT('',(-104.225336424112,99.6391000899579,-87.9917295073891));
#2796=CARTESIAN_POINT('',(-106.501789823778,99.7164744410635,-82.4982101762225));
#2797=CARTESIAN_POINT('',(-104.477727705793,98.8201846066073,-84.5203309265854));
#2798=CARTESIAN_POINT('',(-104.611004729233,98.1997663803262,-87.4479576444419));
#2799=CARTESIAN_POINT('',(-106.707168316429,98.6839670341607,-82.2928316835713));
#2800=CARTESIAN_POINT('',(-104.674759324991,97.967599698201,-84.3261518758121));
#2801=CARTESIAN_POINT('',(-104.756668711841,97.4674640878909,-87.2425791518772));
#2802=CARTESIAN_POINT('',(-106.981400340778,96.6009680072335,-82.0185996592222));
#2803=CARTESIAN_POINT('',(-104.933926964787,96.2430819361238,-84.0651618344095));
#2804=CARTESIAN_POINT('',(-104.951166822743,95.9901042624226,-86.9683471275281));
#2805=CARTESIAN_POINT('',(-107.050252531694,95.5504865717143,-81.9497474683058));
#2806=CARTESIAN_POINT('',(-105.,95.3715682858938,-84.));
#2807=CARTESIAN_POINT('',(-105.,95.2450539526584,-86.8994949366116));
#2808=CARTESIAN_POINT('',(-107.050252531694,93.4495134282832,-81.9497474683058));
#2809=CARTESIAN_POINT('',(-105.,93.6284317141037,-84.));
#2810=CARTESIAN_POINT('',(-105.,93.7549460473391,-86.8994949366116));
#2811=CARTESIAN_POINT('',(-106.981400340778,92.399031992764,-82.018599659179));
#2812=CARTESIAN_POINT('',(-104.933926964787,92.7569180637837,-84.0651618343429));
#2813=CARTESIAN_POINT('',(-104.951166822743,93.0098957375749,-86.9683471275281));
#2814=CARTESIAN_POINT('',(-106.707168316429,90.3160329658368,-82.2928316836145));
#2815=CARTESIAN_POINT('',(-104.674759324991,91.0324003018865,-84.3261518758786));
#2816=CARTESIAN_POINT('',(-104.756668711841,91.5325359121066,-87.2425791518772));
#2817=CARTESIAN_POINT('',(-106.501789823734,89.283525558934,-82.4982101762224));
#2818=CARTESIAN_POINT('',(-104.477727705636,90.1798153933902,-84.5203309267189));
#2819=CARTESIAN_POINT('',(-104.611004729233,90.8002336196713,-87.4479576445283));
#2820=CARTESIAN_POINT('',(-105.958017961046,87.2541413393416,-83.0419820389969));
#2821=CARTESIAN_POINT('',(-103.964593594093,88.5108160234308,-85.0373477735529));
#2822=CARTESIAN_POINT('',(-104.225336424112,89.3608999100395,-87.9917295073027));
#2823=CARTESIAN_POINT('',(-105.619627249606,86.2572744490534,-83.3803727504373));
#2824=CARTESIAN_POINT('',(-103.640152329973,87.6958309643076,-85.3566378966315));
#2825=CARTESIAN_POINT('',(-103.985333987269,88.6538755302272,-88.3301202187863));
#2826=CARTESIAN_POINT('',(-104.815619635709,84.316228363479,-84.1843803642475));
#2827=CARTESIAN_POINT('',(-102.883385148156,86.1182380252619,-86.1198246252388));
#2828=CARTESIAN_POINT('',(-103.415094379499,87.2771953354164,-89.1341278325102));
#2829=CARTESIAN_POINT('',(-104.350006664393,83.3720586586562,-84.6499933355636));
#2830=CARTESIAN_POINT('',(-102.437404981169,85.3590130840561,-86.5577587964966));
#2831=CARTESIAN_POINT('',(-103.084859996658,86.6075462513567,-89.5997408038695));
#2832=CARTESIAN_POINT('',(-103.299520092721,81.5525625438005,-85.7004799073223));
#2833=CARTESIAN_POINT('',(-101.452334215526,83.9070368386078,-87.552502006808));
#2834=CARTESIAN_POINT('',(-102.339806044085,85.3170749511001,-90.6502273756282));
#2835=CARTESIAN_POINT('',(-102.714651628518,80.6772450298511,-86.2853483714823));
#2836=CARTESIAN_POINT('',(-100.892944669097,83.2209765161429,-88.1001142474318));
#2837=CARTESIAN_POINT('',(-101.924990117119,84.6962590443403,-91.235095839745));
#2838=CARTESIAN_POINT('',(-101.435660215401,79.0104309687121,-87.5643397845992));
#2839=CARTESIAN_POINT('',(-99.6996958917094,81.9264938621992,-89.3072451917616));
#2840=CARTESIAN_POINT('',(-101.017869899334,83.5140769603449,-92.5140872529482));
#2841=CARTESIAN_POINT('',(-100.741543519895,78.2189425710319,-88.2584564800616));
#2842=CARTESIAN_POINT('',(-99.0372036004294,81.3300127888797,-89.9531514132662));
#2843=CARTESIAN_POINT('',(-100.525570043742,82.9527165631843,-93.2082039484538));
#2844=CARTESIAN_POINT('',(-99.2559311631635,76.7333302142139,-89.7440688368796));
#2845=CARTESIAN_POINT('',(-97.660439437092,80.2219232874405,-91.3492055492123));
#2846=CARTESIAN_POINT('',(-99.4719046393169,81.8990511586731,-94.6938163050991));
#2847=CARTESIAN_POINT('',(-98.4644427654832,76.0392135187515,-90.5355572345167));
#2848=CARTESIAN_POINT('',(-96.9072346704478,79.7302232069138,-92.0796973860268));
#2849=CARTESIAN_POINT('',(-98.9105442421131,81.4067513031239,-95.4853047028225));
#2850=CARTESIAN_POINT('',(-96.7976287042579,74.7602221056346,-92.202371295742));
#2851=CARTESIAN_POINT('',(-95.3758426398253,78.8338139658013,-93.6372253036999));
#2852=CARTESIAN_POINT('',(-97.7283621581177,80.4996310853395,-97.1521187640478));
#2853=CARTESIAN_POINT('',(-95.9223111903949,74.1753536414314,-93.0776888096483));
#2854=CARTESIAN_POINT('',(-94.54630315535,78.4606682678757,-94.4363693163927));
#2855=CARTESIAN_POINT('',(-97.1075462514443,80.0848151584161,-98.0274362779973));
#2856=CARTESIAN_POINT('',(-94.1028150754528,73.1248670697591,-94.897184924504));
#2857=CARTESIAN_POINT('',(-92.8930366728707,77.7969794182994,-96.1242908553864));
#2858=CARTESIAN_POINT('',(-95.817074951015,79.3397612057565,-99.8469323927666));
#2859=CARTESIAN_POINT('',(-93.1586453706301,72.6592540983998,-95.8413546293698));
#2860=CARTESIAN_POINT('',(-92.003440382056,77.5545155315817,-96.9740240877078));
#2861=CARTESIAN_POINT('',(-95.1474258670416,79.0095268229588,-100.791102097719));
#2862=CARTESIAN_POINT('',(-91.217599285142,71.8552464845895,-97.7824007148579));
#2863=CARTESIAN_POINT('',(-90.2645183162478,77.1396901551687,-98.7580172139882));
#2864=CARTESIAN_POINT('',(-93.7707456722308,78.4392872151886,-102.732148183121));
#2865=CARTESIAN_POINT('',(-90.2207323947674,71.5168557731491,-98.7792676052325));
#2866=CARTESIAN_POINT('',(-89.3329782702809,77.0381502506074,-99.6382295816529));
#2867=CARTESIAN_POINT('',(-93.0637212923753,78.1992847783456,-103.729015073582));
#2868=CARTESIAN_POINT('',(-88.1913481752614,70.9730839103747,-100.808651824739));
#2869=CARTESIAN_POINT('',(-87.5476451033714,76.8827415659046,-101.481147044695));
#2870=CARTESIAN_POINT('',(-91.6243875828299,77.8136164732251,-105.758399293001));
#2871=CARTESIAN_POINT('',(-87.1588407683154,70.7677054177235,-101.841159231685));
#2872=CARTESIAN_POINT('',(-86.5940809851334,76.9301863875158,-102.369742744137));
#2873=CARTESIAN_POINT('',(-90.8920852903946,77.6679524905734,-106.790906700077));
#2874=CARTESIAN_POINT('',(-85.0758417413882,70.4934733933745,-103.924158258612));
#2875=CARTESIAN_POINT('',(-84.8041218682815,77.0383800025141,-104.232054402448));
#2876=CARTESIAN_POINT('',(-89.4147254648399,77.473454379758,-108.873905726831));
#2877=CARTESIAN_POINT('',(-84.0253603058689,70.424621202458,-104.974639694131));
#2878=CARTESIAN_POINT('',(-83.8502792106498,77.240276309603,-105.104991218067));
#2879=CARTESIAN_POINT('',(-88.6696751550758,77.424621202458,-109.92438716248));
#2880=CARTESIAN_POINT('',(-81.9243871624379,70.424621202458,-107.075612837562));
#2881=CARTESIAN_POINT('',(-82.0994682576571,77.608966095313,-106.945261313626));
#2882=CARTESIAN_POINT('',(-87.1795672498428,77.424621202458,-112.025360305825));
#2883=CARTESIAN_POINT('',(-80.8739057269187,70.4934733933313,-108.126094273081));
#2884=CARTESIAN_POINT('',(-81.1689850427418,77.9675616379017,-107.776583969231));
#2885=CARTESIAN_POINT('',(-86.4345169400354,77.473454379758,-113.075841741473));
#2886=CARTESIAN_POINT('',(-78.7909066999915,70.7677054177667,-110.209093300008));
#2887=CARTESIAN_POINT('',(-79.5024146647019,78.5851961250552,-109.552016323326));
#2888=CARTESIAN_POINT('',(-84.9571571145671,77.6679524905734,-115.158840768228));
#2889=CARTESIAN_POINT('',(-77.7583992930887,70.9730839103747,-111.241600706911));
#2890=CARTESIAN_POINT('',(-78.6209047679894,79.0985347926285,-110.31393860995));
#2891=CARTESIAN_POINT('',(-84.2248548221318,77.8136164732251,-116.191348175217));
#2892=CARTESIAN_POINT('',(-75.7290150734963,71.5168557731491,-113.270984926504));
#2893=CARTESIAN_POINT('',(-77.0840879133549,79.9436347717849,-111.981068708705));
#2894=CARTESIAN_POINT('',(-82.7855211125001,78.1992847783456,-118.220732394809));
#2895=CARTESIAN_POINT('',(-74.7321481831649,71.8552464845464,-114.267851816792));
#2896=CARTESIAN_POINT('',(-76.2791431250387,80.6040027147031,-112.64423840828));
#2897=CARTESIAN_POINT('',(-82.0784967326877,78.4392872151886,-119.217599285011));
#2898=CARTESIAN_POINT('',(-72.7911020976768,72.659254098443,-116.208897902366));
#2899=CARTESIAN_POINT('',(-74.9166830610691,81.6432629869622,-114.159935405612));
#2900=CARTESIAN_POINT('',(-80.7018165378769,79.0095268229588,-121.158645370758));
#2901=CARTESIAN_POINT('',(-71.8469323928541,73.124867069759,-117.153067607146));
#2902=CARTESIAN_POINT('',(-74.2175580726384,82.4348102701855,-114.694167135891));
#2903=CARTESIAN_POINT('',(-80.0321674538172,79.3397612057996,-122.102815075365));
#2904=CARTESIAN_POINT('',(-70.0274362779121,74.1753536414314,-118.972563722088));
#2905=CARTESIAN_POINT('',(-73.0710241605009,83.6207963871223,-116.01725063097));
#2906=CARTESIAN_POINT('',(-78.7416961535606,80.0848151583729,-123.92231119048));
#2907=CARTESIAN_POINT('',(-69.152118764049,74.7602221056778,-119.847881235951));
#2908=CARTESIAN_POINT('',(-72.5075185896928,84.5161321459404,-116.393272705583));
#2909=CARTESIAN_POINT('',(-78.1208802468009,80.4996310853395,-124.797628704343));
#2910=CARTESIAN_POINT('',(-67.4853047028237,76.0392135187083,-121.514695297176));
#2911=CARTESIAN_POINT('',(-71.6119518349598,85.7848903507821,-117.487256869764));
#2912=CARTESIAN_POINT('',(-76.9386981628055,81.4067513031239,-126.464442765396));
#2913=CARTESIAN_POINT('',(-66.6938163051866,76.7333302142139,-122.306183694813));
#2914=CARTESIAN_POINT('',(-71.2116168214447,86.740811888859,-117.680396440694));
#2915=CARTESIAN_POINT('',(-76.3773377656449,81.8990511587162,-127.255931163033));
#2916=CARTESIAN_POINT('',(-65.2082039483686,78.2189425710318,-123.791796051631));
#2917=CARTESIAN_POINT('',(-70.589898368722,88.01045076961,-118.518088369139));
#2918=CARTESIAN_POINT('',(-75.3236723611336,82.9527165631412,-128.741543520023));
#2919=CARTESIAN_POINT('',(-64.514087252863,79.0104309686689,-124.485912747137));
#2920=CARTESIAN_POINT('',(-70.3722900551728,88.9640476158259,-118.515160356604));
#2921=CARTESIAN_POINT('',(-74.8313725055844,83.5140769603449,-129.435660215443));
#2922=CARTESIAN_POINT('',(-63.2350958398325,80.6772450298942,-125.764904160167));
#2923=CARTESIAN_POINT('',(-70.0267570420514,90.1367924726142,-119.085792546171));
#2924=CARTESIAN_POINT('',(-73.9242522878,84.6962590443403,-130.714651628473));
#2925=CARTESIAN_POINT('',(-62.6502273755861,81.5525625438005,-126.349772624457));
#2926=CARTESIAN_POINT('',(-69.9935939094086,91.0054644585692,-118.896140398347));
#2927=CARTESIAN_POINT('',(-73.5094363608335,85.3170749511001,-131.299520092676));
#2928=CARTESIAN_POINT('',(-61.5997408039138,83.3720586586562,-127.400259196043));
#2929=CARTESIAN_POINT('',(-69.8955557544438,91.9777280236805,-119.2147099378));
#2930=CARTESIAN_POINT('',(-72.7643824082602,86.6075462513567,-132.350006664435));
#2931=CARTESIAN_POINT('',(-61.1341278325545,84.3162283634789,-127.865872167489));
#2932=CARTESIAN_POINT('',(-70.0177033152125,92.6698771263436,-118.883920524631));
#2933=CARTESIAN_POINT('',(-72.4341480254193,87.2771953354164,-132.815619635794));
#2934=CARTESIAN_POINT('',(-60.3301202187442,86.2572744490533,-128.669879781212));
#2935=CARTESIAN_POINT('',(-70.0990146793048,93.3558377306641,-118.999361480851));
#2936=CARTESIAN_POINT('',(-71.8639084176491,88.6538755302272,-133.619627249518));
#2937=CARTESIAN_POINT('',(-59.9917295073038,87.2541413393848,-129.008270492696));
#2938=CARTESIAN_POINT('',(-70.3069166060268,93.7996819897267,-118.61803264391));
#2939=CARTESIAN_POINT('',(-71.6239059808062,89.3608999100827,-133.958017960916));
#2940=CARTESIAN_POINT('',(-59.4479576445294,89.2835255588908,-129.55204235547));
#2941=CARTESIAN_POINT('',(-70.4632176154061,94.168937041537,-118.611833134657));
#2942=CARTESIAN_POINT('',(-71.2382376756857,90.8002336196281,-134.501789823863));
#2943=CARTESIAN_POINT('',(-59.2425791518783,90.3160329658368,-129.757420848122));
#2944=CARTESIAN_POINT('',(-70.6548042133419,94.3568396379714,-118.304295319048));
#2945=CARTESIAN_POINT('',(-71.0925736930771,91.5325359120634,-134.707168316427));
#2946=CARTESIAN_POINT('',(-58.9683471275292,92.399031992764,-130.031652872471));
#2947=CARTESIAN_POINT('',(-70.7716613477122,94.4709927791637,-118.269239119897));
#2948=CARTESIAN_POINT('',(-70.8980755821754,93.0098957376181,-134.981400340777));
#2949=CARTESIAN_POINT('',(-58.8994949367422,93.4495134282401,-130.100505063301));
#2950=CARTESIAN_POINT('',(-70.8492424051176,94.4923256185958,-118.150757595732));
#2951=CARTESIAN_POINT('',(-70.8492424048754,93.7549460471664,-135.05025253152));
#2952=CARTESIAN_POINT('',(-58.8994949366127,94.4999999999987,-130.100505063387));
#2953=CARTESIAN_POINT('',(-70.8492424049185,94.4999999999988,-118.150757595081));
#2954=CARTESIAN_POINT('',(-70.8492424049186,94.4999999999987,-135.050252531693));
#2955=FACE_BOUND('',#2956,.T.);
#2956=EDGE_LOOP('',(#6055,#6056,#6057,#6058));
#2957=(BOUNDED_SURFACE()B_SPLINE_SURFACE(3,2,(
(#2958,#2959,#2960),
(#2961,#2962,#2963),
(#2964,#2965,#2966),
(#2967,#2968,#2969),
(#2970,#2971,#2972),
(#2973,#2974,#2975),
(#2976,#2977,#2978),
(#2979,#2980,#2981),
(#2982,#2983,#2984),
(#2985,#2986,#2987),
(#2988,#2989,#2990),
(#2991,#2992,#2993),
(#2994,#2995,#2996),
(#2997,#2998,#2999),
(#3000,#3001,#3002),
(#3003,#3004,#3005),
(#3006,#3007,#3008),
(#3009,#3010,#3011),
(#3012,#3013,#3014),
(#3015,#3016,#3017),
(#3018,#3019,#3020),
(#3021,#3022,#3023),
(#3024,#3025,#3026),
(#3027,#3028,#3029),
(#3030,#3031,#3032),
(#3033,#3034,#3035),
(#3036,#3037,#3038),
(#3039,#3040,#3041),
(#3042,#3043,#3044),
(#3045,#3046,#3047),
(#3048,#3049,#3050),
(#3051,#3052,#3053),
(#3054,#3055,#3056),
(#3057,#3058,#3059),
(#3060,#3061,#3062),
(#3063,#3064,#3065),
(#3066,#3067,#3068),
(#3069,#3070,#3071)),
.UNSPECIFIED.,.F.,.F.,.F.)B_SPLINE_SURFACE_WITH_KNOTS((4,2,2,2,2,2,2,2,2,2,2,2,2,
2,2,2,2,2,4),
(3,3),
(2.11615580373455,2.57717083110813,3.03818585848171,3.54542452468389,4.05266319088608,
4.34394599191442,4.63522879294275,4.92651159397109,5.21779439499942,5.44214803970937,
5.66650168441931,5.89085532912925,6.11520897383919,6.40123567239287,6.68726237094654,
6.97328906950022,7.25931576805389,7.83136916516124,8.40342256226859),
(0.,1.),
.UNSPECIFIED.)GEOMETRIC_REPRESENTATION_ITEM()RATIONAL_B_SPLINE_SURFACE((
(1.,0.776192944888897,1.),
(1.,0.776192944888897,1.),
(1.,0.82165927719883,1.),
(1.,0.82165927719883,1.),
(1.,0.861862248943214,1.),
(1.,0.861862248943214,1.),
(1.,0.90072919475593,1.),
(1.,0.90072919475593,1.),
(1.,0.933646036337118,1.),
(1.,0.933646036337118,1.),
(1.,0.949530891616036,1.),
(1.,0.949530891616036,1.),
(1.,0.962845184155542,1.),
(1.,0.962845184155542,1.),
(1.,0.973449073022325,1.),
(1.,0.973449073022325,1.),
(1.,0.98113749852037,1.),
(1.,0.98113749852037,1.),
(1.,0.984853820408153,1.),
(1.,0.984853820408153,1.),
(1.,0.986509255942402,1.),
(1.,0.986509255942402,1.),
(1.,0.986056284028993,1.),
(1.,0.986056284028993,1.),
(1.,0.983449678544135,1.),
(1.,0.983449678544135,1.),
(1.,0.977081793491933,1.),
(1.,0.977081793491933,1.),
(1.,0.967483787948291,1.),
(1.,0.967483787948291,1.),
(1.,0.954673851008731,1.),
(1.,0.954673851008731,1.),
(1.,0.938587659165951,1.),
(1.,0.938587659165951,1.),
(1.,0.896043686346103,1.),
(1.,0.896043686346103,1.),
(1.,0.838177090802694,1.),
(1.,0.838177090802694,1.)))REPRESENTATION_ITEM('')SURFACE());
#2958=CARTESIAN_POINT('',(-101.829868281629,104.41023030746,-90.0206896073447));
#2959=CARTESIAN_POINT('',(-99.2511902944968,108.028426195573,-86.4724241036148));
#2960=CARTESIAN_POINT('',(-103.25479637232,112.,-85.7452036276797));
#2961=CARTESIAN_POINT('',(-101.55104369008,104.801454635606,-90.8688693634424));
#2962=CARTESIAN_POINT('',(-99.0733830545662,108.00575164997,-87.2643318558101));
#2963=CARTESIAN_POINT('',(-102.634142568908,112.,-86.3658574312435));
#2964=CARTESIAN_POINT('',(-101.232454081155,105.213454538208,-91.6547134259774));
#2965=CARTESIAN_POINT('',(-98.9533803090009,108.06191554855,-88.0838960288691));
#2966=CARTESIAN_POINT('',(-102.016623288903,112.,-86.9833767112487));
#2967=CARTESIAN_POINT('',(-100.508738831599,106.054934340737,-93.1219477485539));
#2968=CARTESIAN_POINT('',(-98.4564270397787,108.242671562055,-89.608073311346));
#2969=CARTESIAN_POINT('',(-100.77280606136,112.,-88.2271939384879));
#2970=CARTESIAN_POINT('',(-100.103579253004,106.484517681756,-93.8031885903949));
#2971=CARTESIAN_POINT('',(-98.2234091904178,108.401932623696,-90.379888716231));
#2972=CARTESIAN_POINT('',(-100.146558878063,112.,-88.8534411217848));
#2973=CARTESIAN_POINT('',(-99.1537117914938,107.381953619157,-95.1424513502511));
#2974=CARTESIAN_POINT('',(-97.5251262657299,108.76547509245,-91.9113511347099));
#2975=CARTESIAN_POINT('',(-98.8072961178879,112.,-90.1927038822792));
#2976=CARTESIAN_POINT('',(-98.6108306000842,107.838015186613,-95.7748984961146));
#2977=CARTESIAN_POINT('',(-97.14383026377,109.013749376785,-92.6913432807218));
#2978=CARTESIAN_POINT('',(-98.1083556969841,112.,-90.8916443030158));
#2979=CARTESIAN_POINT('',(-97.4377376454689,108.698532884618,-96.9415529600854));
#2980=CARTESIAN_POINT('',(-96.2133693433132,109.497041507062,-94.1563280532088));
#2981=CARTESIAN_POINT('',(-96.6980290291398,112.,-92.3019709708601));
#2982=CARTESIAN_POINT('',(-96.8074250185272,109.103108709227,-97.4753896861975));
#2983=CARTESIAN_POINT('',(-95.7107947171551,109.768410327506,-94.8657989491054));
#2984=CARTESIAN_POINT('',(-95.9867569743986,112.,-93.0132430256013));
#2985=CARTESIAN_POINT('',(-95.7504315944201,109.682840189897,-98.2701846322208));
#2986=CARTESIAN_POINT('',(-94.8100445321774,110.161961558573,-95.9389737081416));
#2987=CARTESIAN_POINT('',(-94.8442071552114,112.,-94.1557928447885));
#2988=CARTESIAN_POINT('',(-95.3555157288325,109.880042844351,-98.5474911270954));
#2989=CARTESIAN_POINT('',(-94.4710322038863,110.307605313735,-96.3220730877549));
#2990=CARTESIAN_POINT('',(-94.4271486923428,112.,-94.5728513076571));
#2991=CARTESIAN_POINT('',(-94.5498943538105,110.243877127793,-99.0878177670407));
#2992=CARTESIAN_POINT('',(-93.7578569688151,110.573464112943,-97.0699873617351));
#2993=CARTESIAN_POINT('',(-93.58904365922,112.,-95.4109563407798));
#2994=CARTESIAN_POINT('',(-94.1391638045992,110.410510219693,-99.3507612052164));
#2995=CARTESIAN_POINT('',(-93.3897932612062,110.703146957227,-97.4382224338939));
#2996=CARTESIAN_POINT('',(-93.1680177913227,112.,-95.8319822085812));
#2997=CARTESIAN_POINT('',(-93.3056615374236,110.71139353252,-99.8756051450558));
#2998=CARTESIAN_POINT('',(-92.6246360085126,110.93511088213,-98.1679335682905));
#2999=CARTESIAN_POINT('',(-92.3179988178032,112.,-96.6820011822927));
#3000=CARTESIAN_POINT('',(-92.8828444209452,110.845636401791,-100.137377083322));
#3001=CARTESIAN_POINT('',(-92.230615358323,111.043399023609,-98.5311253263458));
#3002=CARTESIAN_POINT('',(-91.8890379905162,112.,-97.1109620094837));
#3003=CARTESIAN_POINT('',(-92.0308096529539,111.080199736614,-100.678516619097));
#3004=CARTESIAN_POINT('',(-91.418682338383,111.230511698263,-99.2651824312401));
#3005=CARTESIAN_POINT('',(-91.0178062976658,112.,-97.9821937023341));
#3006=CARTESIAN_POINT('',(-91.6015361297223,111.180492627481,-100.957746455064));
#3007=CARTESIAN_POINT('',(-91.0021460241866,111.312769628948,-99.6368033814133));
#3008=CARTESIAN_POINT('',(-90.5755649235761,112.,-98.4244350763278));
#3009=CARTESIAN_POINT('',(-90.8440577023765,111.327303816406,-101.492742668912));
#3010=CARTESIAN_POINT('',(-90.2479755722612,111.430428823775,-100.319280891132));
#3011=CARTESIAN_POINT('',(-89.7740646090341,112.,-99.2259353910398));
#3012=CARTESIAN_POINT('',(-90.5193022493081,111.380113344665,-101.73671005744));
#3013=CARTESIAN_POINT('',(-89.9184632685145,111.472775140401,-100.621385803718));
#3014=CARTESIAN_POINT('',(-89.4231369277352,112.,-99.5768630722647));
#3015=CARTESIAN_POINT('',(-89.8861546181752,111.46534652943,-102.259714281159));
#3016=CARTESIAN_POINT('',(-89.2604495807869,111.537799866281,-101.243537425136));
#3017=CARTESIAN_POINT('',(-88.715282520235,112.,-100.284717479765));
#3018=CARTESIAN_POINT('',(-89.5778700699351,111.49777758598,-102.538958091255));
#3019=CARTESIAN_POINT('',(-88.9321414734639,111.561087251761,-101.563805695865));
#3020=CARTESIAN_POINT('',(-88.3583281807406,112.,-100.641671819185));
#3021=CARTESIAN_POINT('',(-88.9827168005088,111.545178447449,-103.141791586209));
#3022=CARTESIAN_POINT('',(-88.2800643778787,111.58926031988,-102.228113278974));
#3023=CARTESIAN_POINT('',(-87.6373441558017,112.,-101.362655844272));
#3024=CARTESIAN_POINT('',(-88.6959014381793,111.5601844868,-103.465478331603));
#3025=CARTESIAN_POINT('',(-87.9563472930047,111.594289241333,-102.572228188787));
#3026=CARTESIAN_POINT('',(-87.2733035556215,112.,-101.726696444378));
#3027=CARTESIAN_POINT('',(-88.1440219760076,111.576200726864,-104.157262683489));
#3028=CARTESIAN_POINT('',(-87.3147492890519,111.58762530825,-103.284406248783));
#3029=CARTESIAN_POINT('',(-86.538350988731,112.,-102.461649011269));
#3030=CARTESIAN_POINT('',(-87.8788760667951,111.57724135713,-104.525197131667));
#3031=CARTESIAN_POINT('',(-86.9967948039349,111.575625000898,-103.65233330301));
#3032=CARTESIAN_POINT('',(-86.1674629284757,112.,-102.832537071524));
#3033=CARTESIAN_POINT('',(-87.2958440441102,111.566926954618,-105.403294260843));
#3034=CARTESIAN_POINT('',(-86.2792008006518,111.53110740506,-104.510956384391));
#3035=CARTESIAN_POINT('',(-85.3173922411595,112.,-103.68260775884));
#3036=CARTESIAN_POINT('',(-86.989928993159,111.552319123092,-105.91391147814));
#3037=CARTESIAN_POINT('',(-85.8891950904572,111.493113741099,-104.99709383595));
#3038=CARTESIAN_POINT('',(-84.8464216325715,112.,-104.153578367428));
#3039=CARTESIAN_POINT('',(-86.4026389582778,111.509961994699,-106.956390305703));
#3040=CARTESIAN_POINT('',(-85.1236856095883,111.397537154466,-105.973174339807));
#3041=CARTESIAN_POINT('',(-83.9111583125726,112.,-105.088841687427));
#3042=CARTESIAN_POINT('',(-86.1212987906417,111.482136370629,-107.488270285336));
#3043=CARTESIAN_POINT('',(-84.7479211561561,111.337057505189,-106.462716129541));
#3044=CARTESIAN_POINT('',(-83.4468809628735,112.,-105.553119037221));
#3045=CARTESIAN_POINT('',(-85.5727162155552,111.414889008913,-108.563392342319));
#3046=CARTESIAN_POINT('',(-84.0046138599243,111.199389973762,-107.440965478683));
#3047=CARTESIAN_POINT('',(-82.5225837611393,112.,-106.477416238766));
#3048=CARTESIAN_POINT('',(-85.3055562823464,111.375434171635,-109.106708123634));
#3049=CARTESIAN_POINT('',(-83.6366294012814,111.116516638727,-107.928818254225));
#3050=CARTESIAN_POINT('',(-82.0625851998709,112.,-106.937414800223));
#3051=CARTESIAN_POINT('',(-84.7794783493055,111.285346464952,-110.199066336332));
#3052=CARTESIAN_POINT('',(-82.9054042625973,110.937546229202,-108.900609898021));
#3053=CARTESIAN_POINT('',(-81.1455350966055,112.,-107.8544649033));
#3054=CARTESIAN_POINT('',(-84.5206122986596,111.234701446307,-110.748157002623));
#3055=CARTESIAN_POINT('',(-82.5413506589628,110.8311416355,-109.382748276647));
#3056=CARTESIAN_POINT('',(-80.6884960599815,112.,-108.311503940018));
#3057=CARTESIAN_POINT('',(-83.7511893302268,111.065832818277,-112.398914697477));
#3058=CARTESIAN_POINT('',(-81.4534794708935,110.499869882728,-110.820212385166));
#3059=CARTESIAN_POINT('',(-79.3206944167981,112.,-109.679305583202));
#3060=CARTESIAN_POINT('',(-83.2475719475427,110.930802599807,-113.503863564989));
#3061=CARTESIAN_POINT('',(-80.7293564205477,110.208201411797,-111.755450840443));
#3062=CARTESIAN_POINT('',(-78.4131830785255,112.,-110.586816921474));
#3063=CARTESIAN_POINT('',(-82.2436308766455,110.611251120907,-115.706674320215));
#3064=CARTESIAN_POINT('',(-79.2816263318753,109.589514446851,-113.576776464144));
#3065=CARTESIAN_POINT('',(-76.6040258595705,112.,-112.395974140429));
#3066=CARTESIAN_POINT('',(-81.7436057987708,110.426784168393,-116.804839321834));
#3067=CARTESIAN_POINT('',(-78.5500019957205,109.165118159704,-114.436367595392));
#3068=CARTESIAN_POINT('',(-75.7024389353911,112.,-113.297561065363));
#3069=CARTESIAN_POINT('',(-81.2405654769073,110.212796063629,-117.893910445198));
#3070=CARTESIAN_POINT('',(-77.8193042485288,108.757428055952,-115.262615907732));
#3071=CARTESIAN_POINT('',(-74.8032732806421,112.,-114.196726719358));
#3072=FACE_BOUND('',#3073,.T.);
#3073=EDGE_LOOP('',(#6059,#6060,#6061,#6062));
#3074=(BOUNDED_SURFACE()B_SPLINE_SURFACE(3,2,(
(#3075,#3076,#3077),
(#3078,#3079,#3080),
(#3081,#3082,#3083),
(#3084,#3085,#3086),
(#3087,#3088,#3089),
(#3090,#3091,#3092),
(#3093,#3094,#3095),
(#3096,#3097,#3098),
(#3099,#3100,#3101),
(#3102,#3103,#3104),
(#3105,#3106,#3107),
(#3108,#3109,#3110),
(#3111,#3112,#3113),
(#3114,#3115,#3116),
(#3117,#3118,#3119),
(#3120,#3121,#3122),
(#3123,#3124,#3125),
(#3126,#3127,#3128),
(#3129,#3130,#3131),
(#3132,#3133,#3134),
(#3135,#3136,#3137),
(#3138,#3139,#3140)),
.UNSPECIFIED.,.F.,.F.,.F.)B_SPLINE_SURFACE_WITH_KNOTS((4,2,2,2,2,2,2,2,2,2,4),
(3,3),
(1.56153908254026,1.83612681007427,2.11071453760828,2.20366345622929,2.29661237485029,
2.70860076406623,3.12058915328217,3.33281274685425,3.54503634042632,3.75725993399839,
3.96948352757047),
(0.,1.),
.UNSPECIFIED.)GEOMETRIC_REPRESENTATION_ITEM()RATIONAL_B_SPLINE_SURFACE((
(1.,0.866892623165531,1.),
(1.,0.866892623165531,1.),
(1.,0.888702014865012,1.),
(1.,0.888702014865012,1.),
(1.,0.910445410587404,1.),
(1.,0.910445410587404,1.),
(1.,0.917619312800985,1.),
(1.,0.917619312800985,1.),
(1.,0.924598718194654,1.),
(1.,0.924598718194654,1.),
(1.,0.951913758016625,1.),
(1.,0.951913758016625,1.),
(1.,0.971794651617155,1.),
(1.,0.971794651617155,1.),
(1.,0.97868276889856,1.),
(1.,0.97868276889856,1.),
(1.,0.983285665458402,1.),
(1.,0.983285665458402,1.),
(1.,0.985891886097242,1.),
(1.,0.985891886097242,1.),
(1.,0.986967510802679,1.),
(1.,0.986967510802679,1.)))REPRESENTATION_ITEM('')SURFACE());
#3075=CARTESIAN_POINT('',(-77.1376906977154,112.,-104.694826863138));
#3076=CARTESIAN_POINT('',(-79.0141612653792,109.068063904258,-106.716037326261));
#3077=CARTESIAN_POINT('',(-79.2181332717599,109.188962829011,-110.734303328863));
#3078=CARTESIAN_POINT('',(-77.4618289847001,112.,-104.774728287637));
#3079=CARTESIAN_POINT('',(-79.2562648009604,109.209975771477,-106.818751008952));
#3080=CARTESIAN_POINT('',(-79.6131417882514,109.423093510347,-110.696100151952));
#3081=CARTESIAN_POINT('',(-77.7957339956246,112.,-104.840835449542));
#3082=CARTESIAN_POINT('',(-79.5102772197047,109.379291431157,-106.904007563122));
#3083=CARTESIAN_POINT('',(-80.0111313409528,109.637520319511,-110.613674464055));
#3084=CARTESIAN_POINT('',(-78.4926925418121,112.,-104.941880849604));
#3085=CARTESIAN_POINT('',(-80.0817652705273,109.684969836393,-106.98862840348));
#3086=CARTESIAN_POINT('',(-80.812896582288,110.030332131388,-110.370133794586));
#3087=CARTESIAN_POINT('',(-78.8557359654209,112.,-104.976827758818));
#3088=CARTESIAN_POINT('',(-80.3853052866623,109.857030611889,-107.00749749737));
#3089=CARTESIAN_POINT('',(-81.2166670142954,110.208697183644,-110.208919172788));
#3090=CARTESIAN_POINT('',(-79.3667449276701,112.,-104.996954976926));
#3091=CARTESIAN_POINT('',(-80.8297023379628,110.062344194411,-106.974994505901));
#3092=CARTESIAN_POINT('',(-81.7607129031734,110.424720107764,-109.943203019263));
#3093=CARTESIAN_POINT('',(-79.4975525199894,112.,-104.999718146435));
#3094=CARTESIAN_POINT('',(-80.9432161678767,110.118428124085,-106.964759059426));
#3095=CARTESIAN_POINT('',(-81.8980044320458,110.47716354778,-109.872008255793));
#3096=CARTESIAN_POINT('',(-79.7625271046863,112.,-105.000240974809));
#3097=CARTESIAN_POINT('',(-81.1765828189221,110.219943377346,-106.932200424543));
#3098=CARTESIAN_POINT('',(-82.1720057984342,110.57785062627,-109.721900350602));
#3099=CARTESIAN_POINT('',(-79.8966942835571,112.,-104.998000614432));
#3100=CARTESIAN_POINT('',(-81.2945888695116,110.274186363238,-106.913511451447));
#3101=CARTESIAN_POINT('',(-82.3087155717204,110.626094148088,-109.642986740714));
#3102=CARTESIAN_POINT('',(-80.6351291616583,112.,-104.971127165128));
#3103=CARTESIAN_POINT('',(-81.9510463890632,110.541710037322,-106.780583886257));
#3104=CARTESIAN_POINT('',(-83.0498168742849,110.877193148851,-109.193962368661));
#3105=CARTESIAN_POINT('',(-81.2611342285173,112.,-104.897022808876));
#3106=CARTESIAN_POINT('',(-82.5146803999432,110.751324192299,-106.597528254439));
#3107=CARTESIAN_POINT('',(-83.636687910469,111.038633066451,-108.76178782495));
#3108=CARTESIAN_POINT('',(-82.5587659965576,112.,-104.6111267097));
#3109=CARTESIAN_POINT('',(-83.6819377742566,111.08590725955,-106.069071479792));
#3110=CARTESIAN_POINT('',(-84.7819383388358,111.29393640945,-107.793189993191));
#3111=CARTESIAN_POINT('',(-83.2311317678039,112.,-104.398469787006));
#3112=CARTESIAN_POINT('',(-84.2841367608721,111.229152403523,-105.728608103862));
#3113=CARTESIAN_POINT('',(-85.34004785835,111.387697916951,-107.256069495806));
#3114=CARTESIAN_POINT('',(-84.2571217564156,112.,-103.943358951971));
#3115=CARTESIAN_POINT('',(-85.2013559802183,111.387410397156,-105.10063013431));
#3116=CARTESIAN_POINT('',(-86.1719211104523,111.487576246205,-106.386840740168));
#3117=CARTESIAN_POINT('',(-84.6044536674242,112.,-103.766441916578));
#3118=CARTESIAN_POINT('',(-85.5118514579979,111.433360779763,-104.869642536496));
#3119=CARTESIAN_POINT('',(-86.4505322993173,111.513880885097,-106.083770614435));
#3120=CARTESIAN_POINT('',(-85.2867113796801,112.,-103.368036733425));
#3121=CARTESIAN_POINT('',(-86.1250381824802,111.505476930432,-104.376171871738));
#3122=CARTESIAN_POINT('',(-87.0024130055352,111.552701044561,-105.467901917531));
#3123=CARTESIAN_POINT('',(-85.621562340913,112.,-103.146501851192));
#3124=CARTESIAN_POINT('',(-86.427822977362,111.533498827345,-104.114038689575));
#3125=CARTESIAN_POINT('',(-87.2757442047192,111.565210498145,-105.155208921015));
#3126=CARTESIAN_POINT('',(-86.2669248778274,112.,-102.663261239103));
#3127=CARTESIAN_POINT('',(-87.0195568159563,111.572531515727,-103.564065698755));
#3128=CARTESIAN_POINT('',(-87.8192643930142,111.577217296024,-104.52390060498));
#3129=CARTESIAN_POINT('',(-86.5772797656878,112.,-102.40163515476));
#3130=CARTESIAN_POINT('',(-87.3085429989235,111.584451781223,-103.276458899569));
#3131=CARTESIAN_POINT('',(-88.0895228348564,111.576690475367,-104.20540349259));
#3132=CARTESIAN_POINT('',(-87.1627953538697,112.,-101.847233234906));
#3133=CARTESIAN_POINT('',(-87.8661199082383,111.594413896078,-102.680435493343));
#3134=CARTESIAN_POINT('',(-88.6259657137584,111.563079030831,-103.560906373913));
#3135=CARTESIAN_POINT('',(-87.4378659671814,112.,-101.554640659521));
#3136=CARTESIAN_POINT('',(-88.1347052752281,111.592855131425,-102.372144039803));
#3137=CARTESIAN_POINT('',(-88.8921334414066,111.549963161945,-103.234876418659));
#3138=CARTESIAN_POINT('',(-87.6926398247818,112.,-101.251157693585));
#3139=CARTESIAN_POINT('',(-88.39034609647,111.586174959328,-102.053994596612));
#3140=CARTESIAN_POINT('',(-89.1536801121508,111.531088493575,-102.90068164653));
#3141=FACE_BOUND('',#3142,.T.);
#3142=EDGE_LOOP('',(#6063,#6064,#6065));
#3143=(BOUNDED_SURFACE()B_SPLINE_SURFACE(3,2,(
(#3144,#3145,#3146),
(#3147,#3148,#3149),
(#3150,#3151,#3152),
(#3153,#3154,#3155),
(#3156,#3157,#3158),
(#3159,#3160,#3161),
(#3162,#3163,#3164),
(#3165,#3166,#3167),
(#3168,#3169,#3170),
(#3171,#3172,#3173),
(#3174,#3175,#3176),
(#3177,#3178,#3179),
(#3180,#3181,#3182),
(#3183,#3184,#3185),
(#3186,#3187,#3188),
(#3189,#3190,#3191)),
.UNSPECIFIED.,.F.,.F.,.F.)B_SPLINE_SURFACE_WITH_KNOTS((4,2,2,2,2,2,2,4),
(3,3),
(-1.27089277199323,-0.635446385996618,-1.33226762955019E-15,0.788214487507542,1.57642897501509,
2.22014045845931,2.86385194190354,2.87558112462282),
(0.,1.),
.UNSPECIFIED.)GEOMETRIC_REPRESENTATION_ITEM()RATIONAL_B_SPLINE_SURFACE((
(1.,0.774661329007941,1.),
(1.,0.774661329007941,1.),
(1.,0.829589956951088,1.),
(1.,0.829589956951088,1.),
(1.,0.882202992907308,1.),
(1.,0.882202992907308,1.),
(1.,0.936670584266795,1.),
(1.,0.936670584266795,1.),
(1.,0.97518407625074,1.),
(1.,0.97518407625074,1.),
(1.,0.993664067499847,1.),
(1.,0.993664067499847,1.),
(1.,0.999997999998,1.),
(1.,0.999997999998,1.),
(1.,1.,1.),
(1.,1.,1.)))REPRESENTATION_ITEM('')SURFACE());
#3144=CARTESIAN_POINT('',(-97.1749984226472,108.852668126997,95.9119324399898));
#3145=CARTESIAN_POINT('',(-95.6521922871306,109.834125446437,90.4924456504348));
#3146=CARTESIAN_POINT('',(-98.3802975863732,114.736501105475,89.407462502027));
#3147=CARTESIAN_POINT('',(-98.029963377591,108.301638305119,95.4325159687007));
#3148=CARTESIAN_POINT('',(-96.3832124053164,109.447730763837,90.3964639824841));
#3149=CARTESIAN_POINT('',(-99.1035707371314,113.959578260356,89.1198126275746));
#3150=CARTESIAN_POINT('',(-98.7940509619902,107.702762682272,94.8518468102668));
#3151=CARTESIAN_POINT('',(-97.2180341971476,109.032696215978,90.2645399444133));
#3152=CARTESIAN_POINT('',(-99.7499645312956,113.115195393472,88.7714111251459));
#3153=CARTESIAN_POINT('',(-100.181512559922,106.425856776656,93.5436375471804));
#3154=CARTESIAN_POINT('',(-98.6962987893828,107.913228845037,89.6760926374356));
#3155=CARTESIAN_POINT('',(-100.923712906152,111.314825767762,87.9864855653884));
#3156=CARTESIAN_POINT('',(-100.804276957199,105.747595570253,92.8152419799418));
#3157=CARTESIAN_POINT('',(-99.4766501383159,107.29775369751,89.3193435487622));
#3158=CARTESIAN_POINT('',(-101.450551776733,110.358513427329,87.5494482251723));
#3159=CARTESIAN_POINT('',(-102.059773586004,104.145515499022,91.0450582909851));
#3160=CARTESIAN_POINT('',(-100.995966994932,105.681563283213,88.2570846156076));
#3161=CARTESIAN_POINT('',(-102.512661983988,108.099665463497,86.4873380136483));
#3162=CARTESIAN_POINT('',(-102.635963300007,103.23233369408,90.0039597686627));
#3163=CARTESIAN_POINT('',(-101.7771981477,104.713381160945,87.5758432737313));
#3164=CARTESIAN_POINT('',(-103.000100154299,106.812127535036,85.8626789002549));
#3165=CARTESIAN_POINT('',(-103.597371502243,101.358726998136,87.8326922720417));
#3166=CARTESIAN_POINT('',(-103.04553173832,102.626687501733,86.0355624745312));
#3167=CARTESIAN_POINT('',(-103.813420909641,104.170441429972,84.5599184002337));
#3168=CARTESIAN_POINT('',(-103.981897097023,100.39823303307,86.7020235850211));
#3169=CARTESIAN_POINT('',(-103.582980841851,101.52337554541,85.1939380674738));
#3170=CARTESIAN_POINT('',(-104.138717331666,102.816195873732,83.8815171806151));
#3171=CARTESIAN_POINT('',(-104.519294402495,98.6097627716248,84.5791740363047));
#3172=CARTESIAN_POINT('',(-104.32361979362,99.4263151388952,83.5632209775238));
#3173=CARTESIAN_POINT('',(-104.593338355602,100.294547606347,82.6078074667008));
#3174=CARTESIAN_POINT('',(-104.697645735803,97.8025288739806,83.6146705643037));
#3175=CARTESIAN_POINT('',(-104.575175374688,98.4665076464618,82.8067166857843));
#3176=CARTESIAN_POINT('',(-104.744217910728,99.1563906180869,82.0291053761712));
#3177=CARTESIAN_POINT('',(-104.936932782045,96.1799713095198,81.6701787615985));
#3178=CARTESIAN_POINT('',(-104.910716421945,96.5242074224993,81.2661564681629));
#3179=CARTESIAN_POINT('',(-104.946647139555,96.8686704770928,80.8624102954489));
#3180=CARTESIAN_POINT('',(-104.997826153256,95.3598123268408,80.6843238781788));
#3181=CARTESIAN_POINT('',(-104.996934996196,95.5360490191017,80.4776082258858));
#3182=CARTESIAN_POINT('',(-104.998160994475,95.7122897946963,80.2708973650689));
#3183=CARTESIAN_POINT('',(-104.999981062986,94.5294536567083,79.686163407057));
#3184=CARTESIAN_POINT('',(-104.999973299781,94.5354908757539,79.679082244923));
#3185=CARTESIAN_POINT('',(-104.999983979895,94.5415280943845,79.6720010822648));
#3186=CARTESIAN_POINT('',(-105.,94.5147710194191,79.6685136143053));
#3187=CARTESIAN_POINT('',(-105.,94.517798686769,79.6649624104859));
#3188=CARTESIAN_POINT('',(-105.,94.5208263541658,79.6614112067018));
#3189=CARTESIAN_POINT('',(-105.,94.4999999999987,79.6507575950825));
#3190=CARTESIAN_POINT('',(-105.,94.4999999999987,79.6507575950825));
#3191=CARTESIAN_POINT('',(-105.,94.4999999999987,79.6507575950825));
#3192=FACE_BOUND('',#3193,.T.);
#3193=EDGE_LOOP('',(#6066,#6067,#6068,#6069));
#3194=(BOUNDED_SURFACE()B_SPLINE_SURFACE(3,2,(
(#3195,#3196,#3197),
(#3198,#3199,#3200),
(#3201,#3202,#3203),
(#3204,#3205,#3206),
(#3207,#3208,#3209),
(#3210,#3211,#3212),
(#3213,#3214,#3215),
(#3216,#3217,#3218),
(#3219,#3220,#3221),
(#3222,#3223,#3224),
(#3225,#3226,#3227),
(#3228,#3229,#3230),
(#3231,#3232,#3233),
(#3234,#3235,#3236),
(#3237,#3238,#3239),
(#3240,#3241,#3242),
(#3243,#3244,#3245),
(#3246,#3247,#3248),
(#3249,#3250,#3251),
(#3252,#3253,#3254),
(#3255,#3256,#3257),
(#3258,#3259,#3260),
(#3261,#3262,#3263),
(#3264,#3265,#3266),
(#3267,#3268,#3269),
(#3270,#3271,#3272),
(#3273,#3274,#3275),
(#3276,#3277,#3278),
(#3279,#3280,#3281),
(#3282,#3283,#3284),
(#3285,#3286,#3287),
(#3288,#3289,#3290),
(#3291,#3292,#3293),
(#3294,#3295,#3296),
(#3297,#3298,#3299),
(#3300,#3301,#3302),
(#3303,#3304,#3305),
(#3306,#3307,#3308),
(#3309,#3310,#3311),
(#3312,#3313,#3314),
(#3315,#3316,#3317),
(#3318,#3319,#3320),
(#3321,#3322,#3323),
(#3324,#3325,#3326),
(#3327,#3328,#3329),
(#3330,#3331,#3332),
(#3333,#3334,#3335),
(#3336,#3337,#3338),
(#3339,#3340,#3341),
(#3342,#3343,#3344),
(#3345,#3346,#3347),
(#3348,#3349,#3350),
(#3351,#3352,#3353),
(#3354,#3355,#3356),
(#3357,#3358,#3359),
(#3360,#3361,#3362),
(#3363,#3364,#3365),
(#3366,#3367,#3368),
(#3369,#3370,#3371),
(#3372,#3373,#3374),
(#3375,#3376,#3377),
(#3378,#3379,#3380),
(#3381,#3382,#3383),
(#3384,#3385,#3386),
(#3387,#3388,#3389),
(#3390,#3391,#3392),
(#3393,#3394,#3395),
(#3396,#3397,#3398),
(#3399,#3400,#3401),
(#3402,#3403,#3404),
(#3405,#3406,#3407),
(#3408,#3409,#3410),
(#3411,#3412,#3413),
(#3414,#3415,#3416),
(#3417,#3418,#3419),
(#3420,#3421,#3422),
(#3423,#3424,#3425),
(#3426,#3427,#3428),
(#3429,#3430,#3431),
(#3432,#3433,#3434),
(#3435,#3436,#3437),
(#3438,#3439,#3440),
(#3441,#3442,#3443),
(#3444,#3445,#3446),
(#3447,#3448,#3449),
(#3450,#3451,#3452),
(#3453,#3454,#3455),
(#3456,#3457,#3458),
(#3459,#3460,#3461),
(#3462,#3463,#3464),
(#3465,#3466,#3467),
(#3468,#3469,#3470),
(#3471,#3472,#3473),
(#3474,#3475,#3476),
(#3477,#3478,#3479),
(#3480,#3481,#3482),
(#3483,#3484,#3485),
(#3486,#3487,#3488)),
.UNSPECIFIED.,.T.,.F.,.F.)B_SPLINE_SURFACE_WITH_KNOTS((4,2,2,2,2,2,2,2,2,2,2,2,2,
2,2,2,2,2,2,2,2,2,2,2,2,2,2,2,2,2,2,2,2,2,2,2,2,2,2,2,2,2,2,2,2,2,2,2,4),
(3,3),
(0.,0.130899693899575,0.261799387799149,0.392699081698724,0.523598775598299,0.654498469497874,
0.785398163397448,0.916297857297023,1.0471975511966,1.17809724509617,1.30899693899575,
1.43989663289532,1.5707963267949,1.70169602069447,1.83259571459405,1.96349540849362,
2.0943951023932,2.22529479629277,2.35619449019234,2.48709418409192,2.61799387799149,
2.74889357189107,2.87979326579064,3.01069295969022,3.14159265358979,3.27249234748937,
3.40339204138894,3.53429173528852,3.66519142918809,3.79609112308767,3.92699081698724,
4.05789051088682,4.18879020478639,4.31968989868597,4.45058959258554,4.58148928648512,
4.71238898038469,4.84328867428426,4.97418836818384,5.10508806208341,5.23598775598299,
5.36688744988256,5.49778714378214,5.62868683768171,5.75958653158129,5.89048622548086,
6.02138591938044,6.15228561328001,6.28318530717959),
(0.,1.),
.UNSPECIFIED.)GEOMETRIC_REPRESENTATION_ITEM()RATIONAL_B_SPLINE_SURFACE((
(1.,0.382683432365087,1.),
(1.,0.382683432365087,1.),
(1.,0.386615193280101,1.),
(1.,0.386615193280101,1.),
(1.,0.398112608509062,1.),
(1.,0.398112608509062,1.),
(1.,0.416364334184503,1.),
(1.,0.416364334184503,1.),
(1.,0.440242867235916,1.),
(1.,0.440242867235916,1.),
(1.,0.468515993965555,1.),
(1.,0.468515993965555,1.),
(1.,0.499999999999998,1.),
(1.,0.499999999999998,1.),
(1.,0.533638766125136,1.),
(1.,0.533638766125136,1.),
(1.,0.568527312187693,1.),
(1.,0.568527312187693,1.),
(1.,0.603904773092124,1.),
(1.,0.603904773092124,1.),
(1.,0.639135078879175,1.),
(1.,0.639135078879175,1.),
(1.,0.673685402973354,1.),
(1.,0.673685402973354,1.),
(1.,0.707106781186548,1.),
(1.,0.707106781186548,1.),
(1.,0.739018252697881,1.),
(1.,0.739018252697881,1.),
(1.,0.769094500660426,1.),
(1.,0.769094500660426,1.),
(1.,0.797056475437311,1.),
(1.,0.797056475437311,1.),
(1.,0.822664388008036,1.),
(1.,0.822664388008036,1.),
(1.,0.845712520475156,1.),
(1.,0.845712520475156,1.),
(1.,0.866025403784439,1.),
(1.,0.866025403784439,1.),
(1.,0.883455014926321,1.),
(1.,0.883455014926321,1.),
(1.,0.897878732261712,1.),
(1.,0.897878732261712,1.),
(1.,0.909197855925262,1.),
(1.,0.909197855925262,1.),
(1.,0.917336552714493,1.),
(1.,0.917336552714493,1.),
(1.,0.922241124828528,1.),
(1.,0.922241124828528,1.),
(1.,0.923879532511287,1.),
(1.,0.923879532511287,1.),
(1.,0.922241124828528,1.),
(1.,0.922241124828528,1.),
(1.,0.917336552714493,1.),
(1.,0.917336552714493,1.),
(1.,0.909197855925263,1.),
(1.,0.909197855925263,1.),
(1.,0.897878732261712,1.),
(1.,0.897878732261712,1.),
(1.,0.883455014926322,1.),
(1.,0.883455014926322,1.),
(1.,0.866025403784439,1.),
(1.,0.866025403784439,1.),
(1.,0.845712520475156,1.),
(1.,0.845712520475156,1.),
(1.,0.822664388008037,1.),
(1.,0.822664388008037,1.),
(1.,0.797056475437312,1.),
(1.,0.797056475437312,1.),
(1.,0.769094500660426,1.),
(1.,0.769094500660426,1.),
(1.,0.739018252697881,1.),
(1.,0.739018252697881,1.),
(1.,0.707106781186548,1.),
(1.,0.707106781186548,1.),
(1.,0.673685402973355,1.),
(1.,0.673685402973355,1.),
(1.,0.639135078879174,1.),
(1.,0.639135078879174,1.),
(1.,0.603904773092124,1.),
(1.,0.603904773092124,1.),
(1.,0.568527312187694,1.),
(1.,0.568527312187694,1.),
(1.,0.533638766125138,1.),
(1.,0.533638766125138,1.),
(1.,0.5,1.),
(1.,0.5,1.),
(1.,0.468515993965555,1.),
(1.,0.468515993965555,1.),
(1.,0.440242867235917,1.),
(1.,0.440242867235917,1.),
(1.,0.416364334184503,1.),
(1.,0.416364334184503,1.),
(1.,0.398112608509062,1.),
(1.,0.398112608509062,1.),
(1.,0.386615193280101,1.),
(1.,0.386615193280101,1.),
(1.,0.382683432365087,1.),
(1.,0.382683432365087,1.)))REPRESENTATION_ITEM('')SURFACE());
#3195=CARTESIAN_POINT('',(-58.8994949366127,94.4999999999987,130.100505063387));
#3196=CARTESIAN_POINT('',(-70.8492424049186,94.4999999999987,118.150757595081));
#3197=CARTESIAN_POINT('',(-70.8492424049186,94.4999999999987,135.050252531693));
#3198=CARTESIAN_POINT('',(-58.8994949364832,93.4495134283738,130.10050506356));
#3199=CARTESIAN_POINT('',(-70.8492424045202,94.4923256183568,118.150757595081));
#3200=CARTESIAN_POINT('',(-70.8492424048754,93.7549460473421,135.050252531521));
#3201=CARTESIAN_POINT('',(-58.9683471275297,92.3990319927594,130.031652872557));
#3202=CARTESIAN_POINT('',(-70.771661347712,94.4709927789096,118.269239120096));
#3203=CARTESIAN_POINT('',(-70.8980755821758,93.0098957375716,134.981400340776));
#3204=CARTESIAN_POINT('',(-59.2425791518776,90.3160329658414,129.757420848036));
#3205=CARTESIAN_POINT('',(-70.6548042133422,94.3568396382255,118.30429531885));
#3206=CARTESIAN_POINT('',(-71.0925736930766,91.5325359121099,134.707168316428));
#3207=CARTESIAN_POINT('',(-59.4479576445294,89.2835255588908,129.552042355471));
#3208=CARTESIAN_POINT('',(-70.4632176152545,94.1689370416345,118.611833134657));
#3209=CARTESIAN_POINT('',(-71.2382376756857,90.8002336196713,134.501789823863));
#3210=CARTESIAN_POINT('',(-59.9917295073038,87.2541413393848,129.008270492696));
#3211=CARTESIAN_POINT('',(-70.3069166061785,93.7996819896293,118.61803264391));
#3212=CARTESIAN_POINT('',(-71.6239059808062,89.3608999100395,133.958017960916));
#3213=CARTESIAN_POINT('',(-60.3301202187442,86.2572744490533,128.669879781213));
#3214=CARTESIAN_POINT('',(-70.0990146793048,93.3558377308109,118.999361480644));
#3215=CARTESIAN_POINT('',(-71.8639084176491,88.6538755302272,133.619627249691));
#3216=CARTESIAN_POINT('',(-61.1341278325545,84.316228363479,127.865872167489));
#3217=CARTESIAN_POINT('',(-70.0177033152125,92.6698771261967,118.883920524839));
#3218=CARTESIAN_POINT('',(-72.4341480254193,87.2771953354164,132.815619635622));
#3219=CARTESIAN_POINT('',(-61.5997408039137,83.3720586586562,127.400259196043));
#3220=CARTESIAN_POINT('',(-69.8955557544439,91.9777280236806,119.2147099378));
#3221=CARTESIAN_POINT('',(-72.7643824082602,86.6075462513567,132.350006664435));
#3222=CARTESIAN_POINT('',(-62.6502273755861,81.5525625438005,126.349772624457));
#3223=CARTESIAN_POINT('',(-69.9935939094087,91.0054644585693,118.896140398347));
#3224=CARTESIAN_POINT('',(-73.5094363608335,85.3170749511001,131.299520092677));
#3225=CARTESIAN_POINT('',(-63.2350958397461,80.6772450298943,125.764904160254));
#3226=CARTESIAN_POINT('',(-70.0267570417836,90.1367924729742,119.085792546166));
#3227=CARTESIAN_POINT('',(-73.9242522877568,84.6962590443835,130.714651628646));
#3228=CARTESIAN_POINT('',(-64.5140872529493,79.010430968669,124.485912747051));
#3229=CARTESIAN_POINT('',(-70.3722900554406,88.9640476154661,118.51516035661));
#3230=CARTESIAN_POINT('',(-74.8313725056276,83.5140769603018,129.43566021527));
#3231=CARTESIAN_POINT('',(-65.2082039483685,78.2189425710318,123.791796051632));
#3232=CARTESIAN_POINT('',(-70.5898983690674,88.0104507694374,118.518088369053));
#3233=CARTESIAN_POINT('',(-75.3236723611768,82.9527165631843,128.741543519851));
#3234=CARTESIAN_POINT('',(-66.6938163051865,76.7333302142139,122.306183694814));
#3235=CARTESIAN_POINT('',(-71.2116168210993,86.7408118890318,117.680396440781));
#3236=CARTESIAN_POINT('',(-76.3773377656017,81.8990511586731,127.255931163206));
#3237=CARTESIAN_POINT('',(-67.4853047028236,76.0392135187083,121.514695297176));
#3238=CARTESIAN_POINT('',(-71.6119518348357,85.7848903509063,117.487256869851));
#3239=CARTESIAN_POINT('',(-76.9386981628055,81.4067513031239,126.464442765569));
#3240=CARTESIAN_POINT('',(-69.1521187640489,74.7602221056778,119.847881235951));
#3241=CARTESIAN_POINT('',(-72.5075185898169,84.5161321458163,116.393272705497));
#3242=CARTESIAN_POINT('',(-78.1208802468009,80.4996310853395,124.797628704171));
#3243=CARTESIAN_POINT('',(-70.0274362779552,74.1753536414314,118.972563722088));
#3244=CARTESIAN_POINT('',(-73.07102416062,83.6207963870032,116.017250630884));
#3245=CARTESIAN_POINT('',(-78.7416961535175,80.084815158373,123.922311190308));
#3246=CARTESIAN_POINT('',(-71.8469323928109,73.1248670697591,117.153067607146));
#3247=CARTESIAN_POINT('',(-74.2175580725193,82.4348102703047,114.694167135977));
#3248=CARTESIAN_POINT('',(-80.0321674538604,79.3397612057996,122.102815075538));
#3249=CARTESIAN_POINT('',(-72.7911020975905,72.6592540983998,116.208897902366));
#3250=CARTESIAN_POINT('',(-74.9166830607534,81.6432629869622,114.159935405612));
#3251=CARTESIAN_POINT('',(-80.7018165377906,79.009526823002,121.158645370759));
#3252=CARTESIAN_POINT('',(-74.7321481832512,71.8552464845895,114.267851816792));
#3253=CARTESIAN_POINT('',(-76.2791431253543,80.6040027147031,112.64423840828));
#3254=CARTESIAN_POINT('',(-82.0784967327741,78.4392872151454,119.217599285012));
#3255=CARTESIAN_POINT('',(-75.7290150734963,71.5168557731491,113.270984926504));
#3256=CARTESIAN_POINT('',(-77.0840879133549,79.9436347718957,111.981068708705));
#3257=CARTESIAN_POINT('',(-82.7855211125001,78.1992847783456,118.22073239481));
#3258=CARTESIAN_POINT('',(-77.7583992930886,70.9730839103747,111.241600706911));
#3259=CARTESIAN_POINT('',(-78.6209047679894,79.0985347925178,110.31393860995));
#3260=CARTESIAN_POINT('',(-84.2248548221318,77.8136164732251,116.191348175217));
#3261=CARTESIAN_POINT('',(-78.7909066999915,70.7677054177235,110.209093300009));
#3262=CARTESIAN_POINT('',(-79.5024146646266,78.58519612498,109.55201632354));
#3263=CARTESIAN_POINT('',(-84.957157114524,77.6679524905734,115.158840768228));
#3264=CARTESIAN_POINT('',(-80.8739057269186,70.4934733933745,108.126094273081));
#3265=CARTESIAN_POINT('',(-81.168985042817,77.9675616379769,107.776583969016));
#3266=CARTESIAN_POINT('',(-86.4345169400786,77.473454379758,113.075841741474));
#3267=CARTESIAN_POINT('',(-81.9243871624811,70.424621202458,107.075612837519));
#3268=CARTESIAN_POINT('',(-82.0994682576265,77.608966095313,106.945261313804));
#3269=CARTESIAN_POINT('',(-87.1795672498428,77.424621202458,112.025360305911));
#3270=CARTESIAN_POINT('',(-84.0253603058258,70.424621202458,104.974639694174));
#3271=CARTESIAN_POINT('',(-83.8502792106803,77.240276309603,105.10499121789));
#3272=CARTESIAN_POINT('',(-88.6696751550758,77.424621202458,109.924387162394));
#3273=CARTESIAN_POINT('',(-85.0758417414314,70.4934733933313,103.924158258612));
#3274=CARTESIAN_POINT('',(-84.804121868223,77.0383800025433,104.232054402448));
#3275=CARTESIAN_POINT('',(-89.4147254648831,77.473454379758,108.873905726831));
#3276=CARTESIAN_POINT('',(-87.1588407682722,70.7677054177667,101.841159231685));
#3277=CARTESIAN_POINT('',(-86.5940809851918,76.9301863874867,102.369742744137));
#3278=CARTESIAN_POINT('',(-90.8920852903514,77.6679524905734,106.790906700077));
#3279=CARTESIAN_POINT('',(-88.1913481752614,70.9730839103747,100.808651824739));
#3280=CARTESIAN_POINT('',(-87.5476451032008,76.8827415659046,101.481147044936));
#3281=CARTESIAN_POINT('',(-91.6243875827867,77.8136164732251,105.758399293088));
#3282=CARTESIAN_POINT('',(-90.2207323947674,71.5168557731491,98.7792676052326));
#3283=CARTESIAN_POINT('',(-89.3329782704515,77.0381502506074,99.6382295814112));
#3284=CARTESIAN_POINT('',(-93.0637212924185,78.1992847783456,103.729015073495));
#3285=CARTESIAN_POINT('',(-91.217599285142,71.8552464845464,97.782400714858));
#3286=CARTESIAN_POINT('',(-90.2645183160802,77.1396901551958,98.7580172141288));
#3287=CARTESIAN_POINT('',(-93.7707456721877,78.4392872151886,102.732148183207));
#3288=CARTESIAN_POINT('',(-93.15864537063,72.659254098443,95.8413546293699));
#3289=CARTESIAN_POINT('',(-92.0034403822236,77.5545155315546,96.9740240875674));
#3290=CARTESIAN_POINT('',(-95.1474258670848,79.0095268229588,100.791102097633));
#3291=CARTESIAN_POINT('',(-94.1028150754959,73.1248670697159,94.897184924504));
#3292=CARTESIAN_POINT('',(-92.8930366729833,77.7969794183951,96.1242908553865));
#3293=CARTESIAN_POINT('',(-95.8170749511013,79.3397612057996,99.8469323927667));
#3294=CARTESIAN_POINT('',(-95.9223111903516,74.1753536414746,93.0776888096483));
#3295=CARTESIAN_POINT('',(-94.5463031552374,78.46066826778,94.4363693163928));
#3296=CARTESIAN_POINT('',(-97.1075462513579,80.0848151583729,98.0274362779974));
#3297=CARTESIAN_POINT('',(-96.7976287043011,74.7602221056778,92.2023712956988));
#3298=CARTESIAN_POINT('',(-95.3758426397998,78.8338139659386,93.6372253036313));
#3299=CARTESIAN_POINT('',(-97.7283621581177,80.4996310853826,97.1521187640479));
#3300=CARTESIAN_POINT('',(-98.4644427654401,76.0392135187083,90.5355572345599));
#3301=CARTESIAN_POINT('',(-96.9072346704734,79.7302232067764,92.0796973860955));
#3302=CARTESIAN_POINT('',(-98.9105442421131,81.4067513030807,95.4853047028225));
#3303=CARTESIAN_POINT('',(-99.2559311631635,76.7333302142139,89.7440688368796));
#3304=CARTESIAN_POINT('',(-97.660439437303,80.2219232876016,91.3492055492123));
#3305=CARTESIAN_POINT('',(-99.4719046392737,81.8990511587162,94.6938163050991));
#3306=CARTESIAN_POINT('',(-100.741543519895,78.2189425710318,88.2584564800617));
#3307=CARTESIAN_POINT('',(-99.0372036002184,81.3300127887185,89.9531514132662));
#3308=CARTESIAN_POINT('',(-100.525570043785,82.9527165631412,93.2082039484538));
#3309=CARTESIAN_POINT('',(-101.435660215401,79.0104309687121,87.5643397845992));
#3310=CARTESIAN_POINT('',(-99.699695891777,81.9264938621991,89.3072451916696));
#3311=CARTESIAN_POINT('',(-101.017869899377,83.5140769603449,92.5140872529482));
#3312=CARTESIAN_POINT('',(-102.714651628518,80.6772450298511,86.2853483714824));
#3313=CARTESIAN_POINT('',(-100.892944669029,83.2209765161429,88.1001142475238));
#3314=CARTESIAN_POINT('',(-101.924990117075,84.6962590443403,91.235095839745));
#3315=CARTESIAN_POINT('',(-103.299520092721,81.5525625438005,85.7004799072791));
#3316=CARTESIAN_POINT('',(-101.452334215526,83.9070368386078,87.5525020066976));
#3317=CARTESIAN_POINT('',(-102.339806044085,85.3170749511001,90.6502273755418));
#3318=CARTESIAN_POINT('',(-104.350006664393,83.3720586586562,84.6499933356068));
#3319=CARTESIAN_POINT('',(-102.437404981169,85.3590130840561,86.557758796607));
#3320=CARTESIAN_POINT('',(-103.084859996658,86.6075462513567,89.5997408039558));
#3321=CARTESIAN_POINT('',(-104.815619635752,84.3162283634789,84.1843803642476));
#3322=CARTESIAN_POINT('',(-102.883385148042,86.1182380251713,86.1198246253727));
#3323=CARTESIAN_POINT('',(-103.415094379499,87.2771953354164,89.1341278325966));
#3324=CARTESIAN_POINT('',(-105.619627249563,86.2572744490533,83.3803727504373));
#3325=CARTESIAN_POINT('',(-103.640152330088,87.6958309643983,85.3566378964977));
#3326=CARTESIAN_POINT('',(-103.985333987269,88.6538755302272,88.3301202187));
#3327=CARTESIAN_POINT('',(-105.95801796096,87.2541413393416,83.04198203904));
#3328=CARTESIAN_POINT('',(-103.964593594049,88.5108160234308,85.0373477735725));
#3329=CARTESIAN_POINT('',(-104.225336424112,89.3608999100395,87.991729507389));
#3330=CARTESIAN_POINT('',(-106.501789823821,89.283525558934,82.4982101761793));
#3331=CARTESIAN_POINT('',(-104.477727705679,90.1798153933902,84.5203309266992));
#3332=CARTESIAN_POINT('',(-104.611004729233,90.8002336196713,87.4479576444419));
#3333=CARTESIAN_POINT('',(-106.707168316429,90.3160329658368,82.2928316835713));
#3334=CARTESIAN_POINT('',(-104.674759324991,91.0324003018199,84.326151875812));
#3335=CARTESIAN_POINT('',(-104.756668711841,91.5325359120634,87.2425791518771));
#3336=CARTESIAN_POINT('',(-106.981400340778,92.399031992764,82.0185996592222));
#3337=CARTESIAN_POINT('',(-104.933926964787,92.7569180638503,84.0651618344095));
#3338=CARTESIAN_POINT('',(-104.951166822743,93.0098957376181,86.968347127528));
#3339=CARTESIAN_POINT('',(-107.050252531694,93.4495134282832,81.9497474683058));
#3340=CARTESIAN_POINT('',(-105.,93.6284317140803,83.9999999999999));
#3341=CARTESIAN_POINT('',(-105.,93.7549460473822,86.8994949366116));
#3342=CARTESIAN_POINT('',(-107.050252531694,95.5504865717143,81.9497474683058));
#3343=CARTESIAN_POINT('',(-105.,95.3715682859172,83.9999999999999));
#3344=CARTESIAN_POINT('',(-105.,95.2450539526152,86.8994949366116));
#3345=CARTESIAN_POINT('',(-106.981400340821,96.6009680072335,82.018599659179));
#3346=CARTESIAN_POINT('',(-104.933926964764,96.2430819362372,84.0651618342997));
#3347=CARTESIAN_POINT('',(-104.951166822743,95.9901042623794,86.9683471274417));
#3348=CARTESIAN_POINT('',(-106.707168316385,98.6839670341607,82.2928316836145));
#3349=CARTESIAN_POINT('',(-104.674759325015,97.9675996980876,84.3261518759218));
#3350=CARTESIAN_POINT('',(-104.756668711841,97.4674640879341,87.2425791519635));
#3351=CARTESIAN_POINT('',(-106.501789823777,99.7164744410635,82.4982101762224));
#3352=CARTESIAN_POINT('',(-104.477727705702,98.8201846066073,84.5203309266757));
#3353=CARTESIAN_POINT('',(-104.611004729233,98.1997663803262,87.4479576444419));
#3354=CARTESIAN_POINT('',(-105.958017961003,101.745858660656,83.0419820389968));
#3355=CARTESIAN_POINT('',(-103.964593594026,100.489183976567,85.037347773596));
#3356=CARTESIAN_POINT('',(-104.225336424112,99.6391000899579,87.991729507389));
#3357=CARTESIAN_POINT('',(-105.619627249563,102.742725550944,83.3803727504373));
#3358=CARTESIAN_POINT('',(-103.640152329997,101.304169035714,85.3566378964977));
#3359=CARTESIAN_POINT('',(-103.985333987269,100.346124469727,88.3301202186999));
#3360=CARTESIAN_POINT('',(-104.815619635752,104.683771636519,84.1843803642475));
#3361=CARTESIAN_POINT('',(-102.883385148133,102.881761974712,86.1198246253726));
#3362=CARTESIAN_POINT('',(-103.415094379499,101.722804664624,89.1341278325966));
#3363=CARTESIAN_POINT('',(-104.350006664393,105.627941341341,84.6499933355636));
#3364=CARTESIAN_POINT('',(-102.437404981169,103.640986915941,86.5577587964966));
#3365=CARTESIAN_POINT('',(-103.084859996658,102.392453748641,89.5997408038695));
#3366=CARTESIAN_POINT('',(-103.299520092721,107.447437456197,85.7004799073223));
#3367=CARTESIAN_POINT('',(-101.452334215526,105.09296316139,87.552502006808));
#3368=CARTESIAN_POINT('',(-102.339806044085,103.682925048897,90.6502273756281));
#3369=CARTESIAN_POINT('',(-102.714651628518,108.322754970146,86.2853483714824));
#3370=CARTESIAN_POINT('',(-100.892944669029,105.779023483855,88.1001142475238));
#3371=CARTESIAN_POINT('',(-101.924990117075,104.303740955657,91.235095839745));
#3372=CARTESIAN_POINT('',(-101.435660215401,109.989569031285,87.5643397845992));
#3373=CARTESIAN_POINT('',(-99.699695891777,107.073506137798,89.3072451916696));
#3374=CARTESIAN_POINT('',(-101.017869899377,105.485923039653,92.5140872529482));
#3375=CARTESIAN_POINT('',(-100.741543519938,110.781057428966,88.2584564800185));
#3376=CARTESIAN_POINT('',(-99.0372036003115,107.669987211186,89.9531514132911));
#3377=CARTESIAN_POINT('',(-100.525570043742,106.047283436856,93.2082039484538));
#3378=CARTESIAN_POINT('',(-99.2559311631203,112.266669785784,89.7440688369228));
#3379=CARTESIAN_POINT('',(-97.66043943721,108.778076712489,91.3492055491873));
#3380=CARTESIAN_POINT('',(-99.4719046393169,107.100948841281,94.6938163050991));
#3381=CARTESIAN_POINT('',(-98.4644427654401,112.960786481289,90.5355572345599));
#3382=CARTESIAN_POINT('',(-96.9072346703792,109.269776793152,92.0796973862329));
#3383=CARTESIAN_POINT('',(-98.9105442421131,107.593248696874,95.4853047029089));
#3384=CARTESIAN_POINT('',(-96.7976287043011,114.23977789432,92.2023712956988));
#3385=CARTESIAN_POINT('',(-95.375842639894,110.166186034128,93.6372253034939));
#3386=CARTESIAN_POINT('',(-97.7283621581177,108.500368914658,97.1521187639615));
#3387=CARTESIAN_POINT('',(-95.9223111903517,114.824646358609,93.0776888096483));
#3388=CARTESIAN_POINT('',(-94.5463031552374,110.539331732191,94.4363693162539));
#3389=CARTESIAN_POINT('',(-97.1075462513579,108.915184841581,98.0274362779109));
#3390=CARTESIAN_POINT('',(-94.102815075496,115.875132930195,94.897184924504));
#3391=CARTESIAN_POINT('',(-92.8930366729833,111.203020581629,96.1242908555253));
#3392=CARTESIAN_POINT('',(-95.8170749511014,109.660238794241,99.846932392853));
#3393=CARTESIAN_POINT('',(-93.1586453706732,116.340745901641,95.8413546293268));
#3394=CARTESIAN_POINT('',(-92.0034403821534,111.445484468362,96.9740240876376));
#3395=CARTESIAN_POINT('',(-95.1474258669985,109.990473177082,100.791102097719));
#3396=CARTESIAN_POINT('',(-91.2175992850988,117.144753515365,97.7824007149011));
#3397=CARTESIAN_POINT('',(-90.2645183161505,111.860309844883,98.7580172140585));
#3398=CARTESIAN_POINT('',(-93.770745672274,110.560712784766,102.732148183121));
#3399=CARTESIAN_POINT('',(-90.2207323948106,117.483144226848,98.7792676051894));
#3400=CARTESIAN_POINT('',(-89.3329782705508,111.96184974939,99.6382295814393));
#3401=CARTESIAN_POINT('',(-93.0637212923753,110.800715221652,103.729015073495));
#3402=CARTESIAN_POINT('',(-88.1913481752182,118.026916089623,100.808651824782));
#3403=CARTESIAN_POINT('',(-87.5476451031015,112.117258434093,101.481147044908));
#3404=CARTESIAN_POINT('',(-91.6243875828299,111.186383526772,105.758399293088));
#3405=CARTESIAN_POINT('',(-87.1588407683154,118.232294582274,101.841159231685));
#3406=CARTESIAN_POINT('',(-86.5940809851626,112.069813612482,102.369742744137));
#3407=CARTESIAN_POINT('',(-90.8920852903514,111.332047509424,106.790906700077));
#3408=CARTESIAN_POINT('',(-85.0758417413882,118.506526606623,103.924158258612));
#3409=CARTESIAN_POINT('',(-84.8041218682522,111.961619997483,104.232054402448));
#3410=CARTESIAN_POINT('',(-89.4147254648831,111.52654562024,108.873905726831));
#3411=CARTESIAN_POINT('',(-84.0253603058689,118.575378797539,104.974639694131));
#3412=CARTESIAN_POINT('',(-83.8502792106498,111.759723690394,105.10499121792));
#3413=CARTESIAN_POINT('',(-88.6696751550758,111.575378797539,109.924387162394));
#3414=CARTESIAN_POINT('',(-81.9243871624379,118.575378797539,107.075612837562));
#3415=CARTESIAN_POINT('',(-82.099468257657,111.391033904685,106.945261313773));
#3416=CARTESIAN_POINT('',(-87.1795672498428,111.575378797539,112.025360305911));
#3417=CARTESIAN_POINT('',(-80.8739057269187,118.506526606623,108.126094273081));
#3418=CARTESIAN_POINT('',(-81.1689850428171,111.032438362021,107.776583969123));
#3419=CARTESIAN_POINT('',(-86.4345169400786,111.52654562024,113.075841741474));
#3420=CARTESIAN_POINT('',(-78.7909066999915,118.232294582274,110.209093300009));
#3421=CARTESIAN_POINT('',(-79.5024146646267,110.414803875017,109.552016323433));
#3422=CARTESIAN_POINT('',(-84.957157114524,111.332047509424,115.158840768228));
#3423=CARTESIAN_POINT('',(-77.7583992930887,118.026916089536,111.241600706911));
#3424=CARTESIAN_POINT('',(-78.6209047679894,109.901465207437,110.31393860995));
#3425=CARTESIAN_POINT('',(-84.2248548221318,111.186383526772,116.191348175217));
#3426=CARTESIAN_POINT('',(-75.7290150734963,117.483144226935,113.270984926504));
#3427=CARTESIAN_POINT('',(-77.0840879133549,109.056365228145,111.981068708705));
#3428=CARTESIAN_POINT('',(-82.7855211125001,110.800715221652,118.22073239481));
#3429=CARTESIAN_POINT('',(-74.732148183208,117.144753515451,114.267851816792));
#3430=CARTESIAN_POINT('',(-76.2791431251965,108.395997285259,112.64423840828));
#3431=CARTESIAN_POINT('',(-82.0784967327309,110.560712784852,119.217599285012));
#3432=CARTESIAN_POINT('',(-72.7911020976336,116.340745901554,116.208897902366));
#3433=CARTESIAN_POINT('',(-74.9166830609112,107.356737013071,114.159935405612));
#3434=CARTESIAN_POINT('',(-80.7018165378337,109.990473176996,121.158645370759));
#3435=CARTESIAN_POINT('',(-71.8469323928109,115.875132930282,117.153067607146));
#3436=CARTESIAN_POINT('',(-74.2175580724381,106.565189729855,114.694167135977));
#3437=CARTESIAN_POINT('',(-80.0321674538172,109.660238794241,122.102815075538));
#3438=CARTESIAN_POINT('',(-70.0274362779552,114.824646358523,118.972563722088));
#3439=CARTESIAN_POINT('',(-73.0710241607011,105.379203612832,116.017250630884));
#3440=CARTESIAN_POINT('',(-78.7416961535606,108.915184841581,123.922311190308));
#3441=CARTESIAN_POINT('',(-69.1521187640489,114.239777894406,119.847881235951));
#3442=CARTESIAN_POINT('',(-72.5075185896928,104.483867854224,116.393272705497));
#3443=CARTESIAN_POINT('',(-78.1208802468009,108.500368914658,124.797628704171));
#3444=CARTESIAN_POINT('',(-67.4853047028236,112.960786481203,121.514695297176));
#3445=CARTESIAN_POINT('',(-71.6119518349598,103.215109649048,117.487256869851));
#3446=CARTESIAN_POINT('',(-76.9386981628055,107.593248696874,126.464442765569));
#3447=CARTESIAN_POINT('',(-66.6938163051434,112.266669785784,122.3061836949));
#3448=CARTESIAN_POINT('',(-71.2116168213583,102.259188111009,117.680396440608));
#3449=CARTESIAN_POINT('',(-76.3773377656449,107.100948841281,127.255931163033));
#3450=CARTESIAN_POINT('',(-65.2082039484118,110.781057428966,123.791796051545));
#3451=CARTESIAN_POINT('',(-70.5898983688083,100.989549230517,118.518088369225));
#3452=CARTESIAN_POINT('',(-75.3236723611336,106.047283436856,128.741543520024));
#3453=CARTESIAN_POINT('',(-64.514087252863,109.989569031329,124.485912747137));
#3454=CARTESIAN_POINT('',(-70.3722900551728,100.035952384307,118.515160356605));
#3455=CARTESIAN_POINT('',(-74.8313725055844,105.485923039653,129.435660215443));
#3456=CARTESIAN_POINT('',(-63.2350958398325,108.322754970103,125.764904160168));
#3457=CARTESIAN_POINT('',(-70.0267570420514,98.8632075272479,119.085792546171));
#3458=CARTESIAN_POINT('',(-73.9242522878,104.303740955657,130.714651628474));
#3459=CARTESIAN_POINT('',(-62.6502273755429,107.447437456197,126.349772624371));
#3460=CARTESIAN_POINT('',(-69.9935939093164,97.9945355414282,118.896140397967));
#3461=CARTESIAN_POINT('',(-73.5094363608335,103.682925048897,131.299520092849));
#3462=CARTESIAN_POINT('',(-61.5997408039569,105.627941341341,127.40025919613));
#3463=CARTESIAN_POINT('',(-69.895555754536,97.0222719763169,119.214709938181));
#3464=CARTESIAN_POINT('',(-72.7643824082602,102.392453748641,132.350006664263));
#3465=CARTESIAN_POINT('',(-61.1341278325545,104.683771636519,127.865872167489));
#3466=CARTESIAN_POINT('',(-70.0177033150656,96.3301228738007,118.883920524545));
#3467=CARTESIAN_POINT('',(-72.4341480254193,101.722804664581,132.815619635622));
#3468=CARTESIAN_POINT('',(-60.3301202187442,102.742725550944,128.669879781213));
#3469=CARTESIAN_POINT('',(-70.0990146794517,95.6441622691865,118.999361480938));
#3470=CARTESIAN_POINT('',(-71.8639084176491,100.34612446977,133.619627249691));
#3471=CARTESIAN_POINT('',(-59.9917295073038,101.745858660613,129.008270492696));
#3472=CARTESIAN_POINT('',(-70.3069166061785,95.2003180103682,118.61803264391));
#3473=CARTESIAN_POINT('',(-71.6239059808062,99.6391000899579,133.958017960916));
#3474=CARTESIAN_POINT('',(-59.4479576445294,99.7164744411067,129.552042355471));
#3475=CARTESIAN_POINT('',(-70.4632176152545,94.831062958363,118.611833134657));
#3476=CARTESIAN_POINT('',(-71.2382376756857,98.1997663803262,134.501789823863));
#3477=CARTESIAN_POINT('',(-59.2425791518782,98.6839670341607,129.757420848036));
#3478=CARTESIAN_POINT('',(-70.6548042133419,94.6431603617722,118.30429531885));
#3479=CARTESIAN_POINT('',(-71.0925736930771,97.4674640878909,134.707168316428));
#3480=CARTESIAN_POINT('',(-58.9683471275291,96.6009680072335,130.031652872557));
#3481=CARTESIAN_POINT('',(-70.7716613477123,94.5290072210877,118.269239120096));
#3482=CARTESIAN_POINT('',(-70.8980755821754,95.9901042624226,134.981400340777));
#3483=CARTESIAN_POINT('',(-58.8994949364832,95.5504865718438,130.10050506356));
#3484=CARTESIAN_POINT('',(-70.8492424045202,94.5076743810898,118.150757595081));
#3485=CARTESIAN_POINT('',(-70.8492424048754,95.2450539527448,135.050252531521));
#3486=CARTESIAN_POINT('',(-58.8994949366127,94.4999999999987,130.100505063387));
#3487=CARTESIAN_POINT('',(-70.8492424049186,94.4999999999987,118.150757595081));
#3488=CARTESIAN_POINT('',(-70.8492424049186,94.4999999999987,135.050252531693));
#3489=FACE_BOUND('',#3490,.T.);
#3490=EDGE_LOOP('',(#6070,#6071,#6072,#6073));
#3491=(BOUNDED_SURFACE()B_SPLINE_SURFACE(3,2,(
(#3492,#3493,#3494),
(#3495,#3496,#3497),
(#3498,#3499,#3500),
(#3501,#3502,#3503),
(#3504,#3505,#3506),
(#3507,#3508,#3509),
(#3510,#3511,#3512),
(#3513,#3514,#3515),
(#3516,#3517,#3518),
(#3519,#3520,#3521),
(#3522,#3523,#3524),
(#3525,#3526,#3527),
(#3528,#3529,#3530),
(#3531,#3532,#3533),
(#3534,#3535,#3536),
(#3537,#3538,#3539),
(#3540,#3541,#3542),
(#3543,#3544,#3545),
(#3546,#3547,#3548),
(#3549,#3550,#3551),
(#3552,#3553,#3554),
(#3555,#3556,#3557),
(#3558,#3559,#3560),
(#3561,#3562,#3563),
(#3564,#3565,#3566),
(#3567,#3568,#3569)),
.UNSPECIFIED.,.F.,.F.,.F.)B_SPLINE_SURFACE_WITH_KNOTS((4,2,2,2,2,2,2,2,2,2,2,2,4),
(3,3),
(2.00929480380401,2.33134422051291,2.6533936372218,3.06614443882666,3.47889524043152,
3.81919070192137,4.15948616341123,4.49978162490109,4.84007708639095,5.09509201797487,
5.35010694955879,5.86009340311025,6.37007985666171),
(0.,1.),
.UNSPECIFIED.)GEOMETRIC_REPRESENTATION_ITEM()RATIONAL_B_SPLINE_SURFACE((
(1.,0.977634650041536,1.),
(1.,0.977634650041536,1.),
(1.,0.98430313031238,1.),
(1.,0.98430313031238,1.),
(1.,0.98659675017731,1.),
(1.,0.98659675017731,1.),
(1.,0.983057563400891,1.),
(1.,0.983057563400891,1.),
(1.,0.972830980318554,1.),
(1.,0.972830980318554,1.),
(1.,0.959925124766121,1.),
(1.,0.959925124766121,1.),
(1.,0.94350442924966,1.),
(1.,0.94350442924966,1.),
(1.,0.92384902502662,1.),
(1.,0.92384902502662,1.),
(1.,0.901102132969373,1.),
(1.,0.901102132969373,1.),
(1.,0.882198369181399,1.),
(1.,0.882198369181399,1.),
(1.,0.861862248943213,1.),
(1.,0.861862248943213,1.),
(1.,0.817213717886558,1.),
(1.,0.817213717886558,1.),
(1.,0.765972438857658,1.),
(1.,0.765972438857658,1.)))REPRESENTATION_ITEM('')SURFACE());
#3492=CARTESIAN_POINT('',(-86.7582594656149,111.535497098068,106.325636045403));
#3493=CARTESIAN_POINT('',(-85.5870965101649,111.455311609439,105.382482648172));
#3494=CARTESIAN_POINT('',(-84.4772384732919,112.,104.522761526708));
#3495=CARTESIAN_POINT('',(-87.0938136036666,111.558471333023,105.735392237042));
#3496=CARTESIAN_POINT('',(-86.023008612307,111.50786181539,104.828488382332));
#3497=CARTESIAN_POINT('',(-85.0089171502068,112.,103.99108284964));
#3498=CARTESIAN_POINT('',(-87.4431818519619,111.572658526255,105.16443582209));
#3499=CARTESIAN_POINT('',(-86.465116533227,111.546991243763,104.281810659425));
#3500=CARTESIAN_POINT('',(-85.5406907105001,112.,103.4593092895));
#3501=CARTESIAN_POINT('',(-88.1885307167054,111.577406262676,104.087623038852));
#3502=CARTESIAN_POINT('',(-87.3701833491342,111.591630715999,103.216989923963));
#3503=CARTESIAN_POINT('',(-86.6045482934585,112.,102.395451706541));
#3504=CARTESIAN_POINT('',(-88.5852660056182,111.567964491047,103.58282168764));
#3505=CARTESIAN_POINT('',(-87.8336921746542,111.598265248472,102.699544835735));
#3506=CARTESIAN_POINT('',(-87.1366368311278,112.,101.863363169025));
#3507=CARTESIAN_POINT('',(-89.5601378161445,111.505726629945,102.528327862238));
#3508=CARTESIAN_POINT('',(-88.9208102137663,111.569203662495,101.562923792256));
#3509=CARTESIAN_POINT('',(-88.351142525846,112.,100.648857473958));
#3510=CARTESIAN_POINT('',(-90.1389289065187,111.441904837154,102.027562606405));
#3511=CARTESIAN_POINT('',(-89.5312887499307,111.521206473756,100.979025251978));
#3512=CARTESIAN_POINT('',(-89.0095575303807,112.,99.9904424696193));
#3513=CARTESIAN_POINT('',(-91.3270787060873,111.243792319347,101.13400497049));
#3514=CARTESIAN_POINT('',(-90.7358273534172,111.364394282357,99.8723883891728));
#3515=CARTESIAN_POINT('',(-90.2939504594725,112.,98.7060495405275));
#3516=CARTESIAN_POINT('',(-91.9352157425081,111.109658839357,100.738045975492));
#3517=CARTESIAN_POINT('',(-91.3289453946847,111.25370040648,99.3472299545112));
#3518=CARTESIAN_POINT('',(-90.9206504478261,112.,98.0793495521739));
#3519=CARTESIAN_POINT('',(-93.042047948475,110.798785480909,100.037407224341));
#3520=CARTESIAN_POINT('',(-92.3809352743956,111.006104547927,98.394216474678));
#3521=CARTESIAN_POINT('',(-92.0512571856318,112.,96.9487428143682));
#3522=CARTESIAN_POINT('',(-93.5355377735967,110.635456062712,99.7329030615827));
#3523=CARTESIAN_POINT('',(-92.8379139311027,110.874733000668,97.9696427315328));
#3524=CARTESIAN_POINT('',(-92.5514065123874,112.,96.4485934876125));
#3525=CARTESIAN_POINT('',(-94.5005142776888,110.266830923663,99.1195476301564));
#3526=CARTESIAN_POINT('',(-93.7162016965515,110.593660017871,97.115822645527));
#3527=CARTESIAN_POINT('',(-93.5383670831272,112.,95.4616329168727));
#3528=CARTESIAN_POINT('',(-94.9721043302307,110.061548119126,98.8109613669752));
#3529=CARTESIAN_POINT('',(-94.1331857822865,110.436048084945,96.6842216786436));
#3530=CARTESIAN_POINT('',(-94.0251186998136,112.,94.9748813001863));
#3531=CARTESIAN_POINT('',(-95.888522219607,109.613076416009,98.1710522204787));
#3532=CARTESIAN_POINT('',(-94.9324706485493,110.116989353146,95.8054023240547));
#3533=CARTESIAN_POINT('',(-94.9911235923005,112.,94.0088764076995));
#3534=CARTESIAN_POINT('',(-96.3333973789606,109.369881812006,97.8398661426646));
#3535=CARTESIAN_POINT('',(-95.3056300576478,109.942708850763,95.3531208428349));
#3536=CARTESIAN_POINT('',(-95.47034182493,112.,93.5296581750699));
#3537=CARTESIAN_POINT('',(-97.1930035066714,108.849842902016,97.1398682149047));
#3538=CARTESIAN_POINT('',(-96.0221431427493,109.607127300399,94.426585696748));
#3539=CARTESIAN_POINT('',(-96.4263403215003,112.,92.5736596784996));
#3540=CARTESIAN_POINT('',(-97.6077558248048,108.572984477605,96.7711332681605));
#3541=CARTESIAN_POINT('',(-96.3481966741714,109.427138617093,93.9428978192363));
#3542=CARTESIAN_POINT('',(-96.9030971841735,112.,92.0969028159881));
#3543=CARTESIAN_POINT('',(-98.3043885772919,108.063395458843,96.0806062481975));
#3544=CARTESIAN_POINT('',(-96.9011726808167,109.140224371917,93.0750271060746));
#3545=CARTESIAN_POINT('',(-97.7394683179146,112.,91.2605316819641));
#3546=CARTESIAN_POINT('',(-98.5907424178956,107.839040262817,95.7729422089778));
#3547=CARTESIAN_POINT('',(-97.1107375904394,109.0113220829,92.6893404018331));
#3548=CARTESIAN_POINT('',(-98.0951722040053,112.,90.9048277959946));
#3549=CARTESIAN_POINT('',(-99.1392125224748,107.38134614274,95.1292952742316));
#3550=CARTESIAN_POINT('',(-97.5297749454076,108.78718045348,91.9162311809483));
#3551=CARTESIAN_POINT('',(-98.8036525556214,112.,90.1963474443785));
#3552=CARTESIAN_POINT('',(-99.4013307931455,107.148002884971,94.793321685671));
#3553=CARTESIAN_POINT('',(-97.7071602108985,108.670703951562,91.5121173353497));
#3554=CARTESIAN_POINT('',(-99.15642578215,112.,89.84357421785));
#3555=CARTESIAN_POINT('',(-100.151251269334,106.439477100695,93.7359735763293));
#3556=CARTESIAN_POINT('',(-98.2584546624323,108.383687127863,90.3030275713333));
#3557=CARTESIAN_POINT('',(-100.213773892946,112.,88.786226107054));
#3558=CARTESIAN_POINT('',(-100.59301145392,105.964947015017,92.9787192224402));
#3559=CARTESIAN_POINT('',(-98.5085406993035,108.212112158981,89.4481695680581));
#3560=CARTESIAN_POINT('',(-100.90383028917,112.,88.0961697108297));
#3561=CARTESIAN_POINT('',(-101.371163971244,105.041518349793,91.3367730571453));
#3562=CARTESIAN_POINT('',(-99.0391178086494,108.035405852903,87.7602854285292));
#3563=CARTESIAN_POINT('',(-102.273380268706,112.,86.726619731294));
#3564=CARTESIAN_POINT('',(-101.707616761099,104.59244401858,90.4523314193692));
#3565=CARTESIAN_POINT('',(-99.1504079018033,107.99455202925,86.8491638666377));
#3566=CARTESIAN_POINT('',(-102.95279138874,112.,86.0472086117443));
#3567=CARTESIAN_POINT('',(-101.996358077209,104.172372118942,89.4910451441673));
#3568=CARTESIAN_POINT('',(-99.3310133068919,108.050017625875,85.9731162990852));
#3569=CARTESIAN_POINT('',(-103.636989496294,112.,85.3630105037064));
#3570=FACE_BOUND('',#3571,.T.);
#3571=EDGE_LOOP('',(#6074,#6075,#6076,#6077));
#3572=(BOUNDED_SURFACE()B_SPLINE_SURFACE(3,2,(
(#3573,#3574,#3575),
(#3576,#3577,#3578),
(#3579,#3580,#3581),
(#3582,#3583,#3584),
(#3585,#3586,#3587),
(#3588,#3589,#3590),
(#3591,#3592,#3593),
(#3594,#3595,#3596),
(#3597,#3598,#3599),
(#3600,#3601,#3602),
(#3603,#3604,#3605),
(#3606,#3607,#3608),
(#3609,#3610,#3611),
(#3612,#3613,#3614),
(#3615,#3616,#3617),
(#3618,#3619,#3620),
(#3621,#3622,#3623),
(#3624,#3625,#3626),
(#3627,#3628,#3629),
(#3630,#3631,#3632),
(#3633,#3634,#3635),
(#3636,#3637,#3638)),
.UNSPECIFIED.,.F.,.F.,.F.)B_SPLINE_SURFACE_WITH_KNOTS((4,2,2,2,2,2,2,2,2,2,4),
(3,3),
(1.56153908254026,1.83612681007427,2.11071453760828,2.20366345622929,2.29661237485031,
2.70860076406624,3.12058915328218,3.33281274685426,3.54503634042633,3.7572599339984,
3.96948352757048),
(0.,1.),
.UNSPECIFIED.)GEOMETRIC_REPRESENTATION_ITEM()RATIONAL_B_SPLINE_SURFACE((
(1.,0.866892623165532,1.),
(1.,0.866892623165532,1.),
(1.,0.888702014865013,1.),
(1.,0.888702014865013,1.),
(1.,0.910445410587404,1.),
(1.,0.910445410587404,1.),
(1.,0.917619312800985,1.),
(1.,0.917619312800985,1.),
(1.,0.924598718194655,1.),
(1.,0.924598718194655,1.),
(1.,0.951913758016627,1.),
(1.,0.951913758016627,1.),
(1.,0.971794651617156,1.),
(1.,0.971794651617156,1.),
(1.,0.97868276889856,1.),
(1.,0.97868276889856,1.),
(1.,0.983285665458402,1.),
(1.,0.983285665458402,1.),
(1.,0.985891886097242,1.),
(1.,0.985891886097242,1.),
(1.,0.986967510802679,1.),
(1.,0.986967510802679,1.)))REPRESENTATION_ITEM('')SURFACE());
#3573=CARTESIAN_POINT('',(-79.2181332717599,109.188962829011,110.734303328863));
#3574=CARTESIAN_POINT('',(-79.0141612653792,109.068063904258,106.716037326261));
#3575=CARTESIAN_POINT('',(-77.1376906977154,112.,104.694826863138));
#3576=CARTESIAN_POINT('',(-79.6131417884877,109.423093510347,110.696100151007));
#3577=CARTESIAN_POINT('',(-79.2562648001789,109.209975773004,106.818751008815));
#3578=CARTESIAN_POINT('',(-77.4618289849365,112.,104.774728288819));
#3579=CARTESIAN_POINT('',(-80.0111313411891,109.637520318566,110.613674464764));
#3580=CARTESIAN_POINT('',(-79.510277219941,109.379291431187,106.904007563727));
#3581=CARTESIAN_POINT('',(-77.795733995861,112.,104.840835449542));
#3582=CARTESIAN_POINT('',(-80.8128965820517,110.030332132333,110.370133793877));
#3583=CARTESIAN_POINT('',(-80.081765270291,109.684969836363,106.988628402875));
#3584=CARTESIAN_POINT('',(-78.4926925415758,112.,104.941880849604));
#3585=CARTESIAN_POINT('',(-81.2166670142953,110.208697183644,110.208919172316));
#3586=CARTESIAN_POINT('',(-80.3853052862962,109.857030611889,107.007497496767));
#3587=CARTESIAN_POINT('',(-78.8557359651846,112.,104.976827758582));
#3588=CARTESIAN_POINT('',(-81.7607129031734,110.424720107764,109.943203019423));
#3589=CARTESIAN_POINT('',(-80.8297023380868,110.062344194411,106.974994506104));
#3590=CARTESIAN_POINT('',(-79.3667449277501,112.,104.996954977006));
#3591=CARTESIAN_POINT('',(-81.8980044319658,110.4771635481,109.872008255793));
#3592=CARTESIAN_POINT('',(-80.9432161679203,110.118428124413,106.964759059426));
#3593=CARTESIAN_POINT('',(-79.4975525199895,112.,104.999718146435));
#3594=CARTESIAN_POINT('',(-82.1720057985142,110.57785062595,109.721900350602));
#3595=CARTESIAN_POINT('',(-81.1765828188785,110.219943377018,106.932200424543));
#3596=CARTESIAN_POINT('',(-79.7625271046864,112.,105.000240974809));
#3597=CARTESIAN_POINT('',(-82.3087155719604,110.626094148248,109.642986740953));
#3598=CARTESIAN_POINT('',(-81.2945888694618,110.274186363151,106.913511451607));
#3599=CARTESIAN_POINT('',(-79.8966942837172,112.,104.998000614512));
#3600=CARTESIAN_POINT('',(-83.0498168732211,110.877193148142,109.193962367597));
#3601=CARTESIAN_POINT('',(-81.9510463892839,110.541710037705,106.780583885548));
#3602=CARTESIAN_POINT('',(-80.6351291609492,112.,104.971127164774));
#3603=CARTESIAN_POINT('',(-83.6366879108237,111.038633065742,108.76178782424));
#3604=CARTESIAN_POINT('',(-82.514680399757,110.751324192671,106.597528254625));
#3605=CARTESIAN_POINT('',(-81.2611342285173,112.,104.897022809231));
#3606=CARTESIAN_POINT('',(-84.7819383384812,111.29393641016,107.7931899939));
#3607=CARTESIAN_POINT('',(-83.6819377744428,111.085907259178,106.069071479606));
#3608=CARTESIAN_POINT('',(-82.5587659965577,112.,104.611126709346));
#3609=CARTESIAN_POINT('',(-85.3400478576409,111.387697915532,107.256069494034));
#3610=CARTESIAN_POINT('',(-84.2841367617741,111.229152402814,105.728608102798));
#3611=CARTESIAN_POINT('',(-83.2311317681586,112.,104.398469786651));
#3612=CARTESIAN_POINT('',(-86.1719211108176,111.487576246936,106.386840741081));
#3613=CARTESIAN_POINT('',(-85.2013559797538,111.387410397521,105.100630134858));
#3614=CARTESIAN_POINT('',(-84.2571217562331,112.,103.943358952154));
#3615=CARTESIAN_POINT('',(-86.4505322984041,111.513880885828,106.08377061407));
#3616=CARTESIAN_POINT('',(-85.5118514570807,111.433360779759,104.869642535944));
#3617=CARTESIAN_POINT('',(-84.6044536672416,112.,103.766441916578));
#3618=CARTESIAN_POINT('',(-87.0024130064485,111.552701043831,105.467901917896));
#3619=CARTESIAN_POINT('',(-86.1250381833975,111.505476930436,104.37617187229));
#3620=CARTESIAN_POINT('',(-85.2867113798629,112.,103.368036733425));
#3621=CARTESIAN_POINT('',(-87.2757442049019,111.56521049851,105.155208920832));
#3622=CARTESIAN_POINT('',(-86.4278229775447,111.533498827159,104.114038689116));
#3623=CARTESIAN_POINT('',(-85.6215623410957,112.,103.146501850827));
#3624=CARTESIAN_POINT('',(-87.8192643928316,111.577217295659,104.523900605162));
#3625=CARTESIAN_POINT('',(-87.0195568157737,111.572531515913,103.564065699213));
#3626=CARTESIAN_POINT('',(-86.2669248776448,112.,102.663261239468));
#3627=CARTESIAN_POINT('',(-88.0895228346738,111.576690475002,104.205403492408));
#3628=CARTESIAN_POINT('',(-87.3085429992915,111.584451780304,103.276458899386));
#3629=CARTESIAN_POINT('',(-86.5772797658705,112.,102.401635154577));
#3630=CARTESIAN_POINT('',(-88.6259657139412,111.563079031197,103.560906374095));
#3631=CARTESIAN_POINT('',(-87.8661199078704,111.594413896997,102.680435493526));
#3632=CARTESIAN_POINT('',(-87.1627953536871,112.,101.847233235088));
#3633=CARTESIAN_POINT('',(-88.8921334403107,111.549963161945,103.234876418659));
#3634=CARTESIAN_POINT('',(-88.1347052759636,111.592855132528,102.372144039255));
#3635=CARTESIAN_POINT('',(-87.4378659682774,112.,101.554640658425));
#3636=CARTESIAN_POINT('',(-89.1536801121508,111.531088493575,102.90068164653));
#3637=CARTESIAN_POINT('',(-88.3903460964701,111.586174959328,102.053994596612));
#3638=CARTESIAN_POINT('',(-87.6926398247818,112.,101.251157693585));
#3639=FACE_BOUND('',#3640,.T.);
#3640=EDGE_LOOP('',(#6078,#6079,#6080));
#3641=(BOUNDED_SURFACE()B_SPLINE_SURFACE(3,2,(
(#3642,#3643,#3644),
(#3645,#3646,#3647),
(#3648,#3649,#3650),
(#3651,#3652,#3653),
(#3654,#3655,#3656),
(#3657,#3658,#3659),
(#3660,#3661,#3662),
(#3663,#3664,#3665),
(#3666,#3667,#3668),
(#3669,#3670,#3671),
(#3672,#3673,#3674),
(#3675,#3676,#3677),
(#3678,#3679,#3680),
(#3681,#3682,#3683),
(#3684,#3685,#3686),
(#3687,#3688,#3689),
(#3690,#3691,#3692),
(#3693,#3694,#3695)),
.UNSPECIFIED.,.F.,.F.,.F.)B_SPLINE_SURFACE_WITH_KNOTS((4,2,2,2,2,2,2,2,4),
(3,3),
(3.23777428145669,3.65993112236798,4.08208796327927,4.30201562512619,4.52194328697311,
4.91559016008831,5.30923703320351,5.70053942144956,6.0918418096956),
(0.,1.),
.UNSPECIFIED.)GEOMETRIC_REPRESENTATION_ITEM()RATIONAL_B_SPLINE_SURFACE((
(1.,0.720427702521512,1.),
(1.,0.720427702521512,1.),
(1.,0.700199576633405,1.),
(1.,0.700199576633405,1.),
(1.,0.69261316749348,1.),
(1.,0.69261316749348,1.),
(1.,0.694148001980811,1.),
(1.,0.694148001980811,1.),
(1.,0.699281622749072,1.),
(1.,0.699281622749072,1.),
(1.,0.715804339766243,1.),
(1.,0.715804339766243,1.),
(1.,0.738682312507842,1.),
(1.,0.738682312507842,1.),
(1.,0.763932342904661,1.),
(1.,0.763932342904661,1.),
(1.,0.788239953653507,1.),
(1.,0.788239953653507,1.)))REPRESENTATION_ITEM('')SURFACE());
#3642=CARTESIAN_POINT('',(-78.6789862194262,72.5513584259646,104.954934738842));
#3643=CARTESIAN_POINT('',(-81.4264207600653,78.6991870567436,105.210304887942));
#3644=CARTESIAN_POINT('',(-80.9077030523573,78.9330021919988,111.924891231404));
#3645=CARTESIAN_POINT('',(-79.2245949650969,72.1414643683523,105.005648307241));
#3646=CARTESIAN_POINT('',(-81.8005644906206,78.5307031030537,105.123987761724));
#3647=CARTESIAN_POINT('',(-81.5526548999,78.6422862557849,112.009413839373));
#3648=CARTESIAN_POINT('',(-79.778728973399,71.792907347387,105.014309061873));
#3649=CARTESIAN_POINT('',(-82.1482252059449,78.4474676031135,104.957341024853));
#3650=CARTESIAN_POINT('',(-82.2076842670949,78.3950733986873,112.023848435821));
#3651=CARTESIAN_POINT('',(-80.9024782080479,71.2127114971976,104.940319306359));
#3652=CARTESIAN_POINT('',(-82.739607020834,78.1963183516382,104.720315269089));
#3653=CARTESIAN_POINT('',(-83.5360430033195,77.9835715068376,111.900532177244));
#3654=CARTESIAN_POINT('',(-81.4721069402731,70.9811019253343,104.85778456633));
#3655=CARTESIAN_POINT('',(-83.008423885199,78.1044432779764,104.569768298162));
#3656=CARTESIAN_POINT('',(-84.2093883359151,77.8193032221602,111.762974274765));
#3657=CARTESIAN_POINT('',(-82.3494053522265,70.7171532670236,104.651973505599));
#3658=CARTESIAN_POINT('',(-83.4175630939929,77.9266388051652,104.363670845629));
#3659=CARTESIAN_POINT('',(-85.2464230902228,77.6320985534446,111.419955843942));
#3660=CARTESIAN_POINT('',(-82.6467557370344,70.6440687751647,104.568261462703));
#3661=CARTESIAN_POINT('',(-83.5573076803649,77.8615270311269,104.296312945565));
#3662=CARTESIAN_POINT('',(-85.5979143025748,77.5802636312541,111.280435771172));
#3663=CARTESIAN_POINT('',(-83.2349009783454,70.5296847386666,104.374199205635));
#3664=CARTESIAN_POINT('',(-83.842825402859,77.7419183521791,104.145116803406));
#3665=CARTESIAN_POINT('',(-86.2931475856029,77.4991371506129,110.956998676059));
#3666=CARTESIAN_POINT('',(-83.5256968737841,70.488391464909,104.263850588399));
#3667=CARTESIAN_POINT('',(-83.9938484767024,77.6664903147951,104.081019440958));
#3668=CARTESIAN_POINT('',(-86.6368908841906,77.4698500398672,110.773084314797));
#3669=CARTESIAN_POINT('',(-84.3272459892166,70.4140998852153,103.917760084415));
#3670=CARTESIAN_POINT('',(-84.4238469524021,77.5040370518054,103.841494398372));
#3671=CARTESIAN_POINT('',(-87.5843840933699,77.4171589943112,110.196266805929));
#3672=CARTESIAN_POINT('',(-84.8163883986377,70.4144398993537,103.658072123851));
#3673=CARTESIAN_POINT('',(-84.7400076193688,77.3586396039789,103.712269908786));
#3674=CARTESIAN_POINT('',(-88.1625883526306,77.4174001483731,109.763453539371));
#3675=CARTESIAN_POINT('',(-85.747167037359,70.4861145475015,103.066669044957));
#3676=CARTESIAN_POINT('',(-85.3743496739741,77.1892020524546,103.297885163263));
#3677=CARTESIAN_POINT('',(-89.2628408808884,77.4682351440798,108.777781741977));
#3678=CARTESIAN_POINT('',(-86.1887958125635,70.5576198408645,102.734948660177));
#3679=CARTESIAN_POINT('',(-85.754005500762,77.0611114287211,103.100038805913));
#3680=CARTESIAN_POINT('',(-89.7848803392359,77.5189500249154,108.224914434391));
#3681=CARTESIAN_POINT('',(-87.0209488198014,70.7506265782744,101.999127886943));
#3682=CARTESIAN_POINT('',(-86.4637642687744,76.9542852399781,102.511063620961));
#3683=CARTESIAN_POINT('',(-90.7685497229808,77.655839382952,106.99854647748));
#3684=CARTESIAN_POINT('',(-87.4004709753656,70.869027239331,101.605510021103));
#3685=CARTESIAN_POINT('',(-86.8691955077197,76.8691753037943,102.209986305249));
#3686=CARTESIAN_POINT('',(-91.2171743410712,77.7398146405112,106.34251670165));
#3687=CARTESIAN_POINT('',(-88.0937046209281,71.1256430725401,100.766017527078));
#3688=CARTESIAN_POINT('',(-87.5705671023273,76.8348298105971,101.438414909953));
#3689=CARTESIAN_POINT('',(-92.0366302665779,77.9218185293023,104.94336254532));
#3690=CARTESIAN_POINT('',(-88.4073997501621,71.2640020737075,100.320144658993));
#3691=CARTESIAN_POINT('',(-87.9562638086771,76.7949388331151,101.027803310893));
#3692=CARTESIAN_POINT('',(-92.4074422301365,78.0199491695737,104.200241095575));
#3693=CARTESIAN_POINT('',(-88.6876236092528,71.4012419080958,99.8464991014619));
#3694=CARTESIAN_POINT('',(-88.2758548721526,76.8058804939903,100.542487043362));
#3695=CARTESIAN_POINT('',(-92.7386885663476,78.1172860460945,103.41083183577));
#3696=FACE_BOUND('',#3697,.T.);
#3697=EDGE_LOOP('',(#6081,#6082,#6083,#6084,#6085));
#3698=(BOUNDED_SURFACE()B_SPLINE_SURFACE(3,2,(
(#3699,#3700,#3701),
(#3702,#3703,#3704),
(#3705,#3706,#3707),
(#3708,#3709,#3710),
(#3711,#3712,#3713),
(#3714,#3715,#3716),
(#3717,#3718,#3719),
(#3720,#3721,#3722),
(#3723,#3724,#3725),
(#3726,#3727,#3728),
(#3729,#3730,#3731),
(#3732,#3733,#3734),
(#3735,#3736,#3737),
(#3738,#3739,#3740),
(#3741,#3742,#3743),
(#3744,#3745,#3746),
(#3747,#3748,#3749),
(#3750,#3751,#3752),
(#3753,#3754,#3755),
(#3756,#3757,#3758),
(#3759,#3760,#3761),
(#3762,#3763,#3764),
(#3765,#3766,#3767),
(#3768,#3769,#3770),
(#3771,#3772,#3773),
(#3774,#3775,#3776),
(#3777,#3778,#3779),
(#3780,#3781,#3782),
(#3783,#3784,#3785),
(#3786,#3787,#3788),
(#3789,#3790,#3791),
(#3792,#3793,#3794),
(#3795,#3796,#3797),
(#3798,#3799,#3800),
(#3801,#3802,#3803),
(#3804,#3805,#3806),
(#3807,#3808,#3809),
(#3810,#3811,#3812),
(#3813,#3814,#3815),
(#3816,#3817,#3818),
(#3819,#3820,#3821),
(#3822,#3823,#3824),
(#3825,#3826,#3827),
(#3828,#3829,#3830),
(#3831,#3832,#3833),
(#3834,#3835,#3836),
(#3837,#3838,#3839),
(#3840,#3841,#3842),
(#3843,#3844,#3845),
(#3846,#3847,#3848),
(#3849,#3850,#3851),
(#3852,#3853,#3854),
(#3855,#3856,#3857),
(#3858,#3859,#3860),
(#3861,#3862,#3863),
(#3864,#3865,#3866),
(#3867,#3868,#3869),
(#3870,#3871,#3872),
(#3873,#3874,#3875),
(#3876,#3877,#3878),
(#3879,#3880,#3881),
(#3882,#3883,#3884),
(#3885,#3886,#3887),
(#3888,#3889,#3890),
(#3891,#3892,#3893),
(#3894,#3895,#3896),
(#3897,#3898,#3899),
(#3900,#3901,#3902),
(#3903,#3904,#3905),
(#3906,#3907,#3908),
(#3909,#3910,#3911),
(#3912,#3913,#3914),
(#3915,#3916,#3917),
(#3918,#3919,#3920),
(#3921,#3922,#3923),
(#3924,#3925,#3926),
(#3927,#3928,#3929),
(#3930,#3931,#3932),
(#3933,#3934,#3935),
(#3936,#3937,#3938),
(#3939,#3940,#3941),
(#3942,#3943,#3944),
(#3945,#3946,#3947),
(#3948,#3949,#3950),
(#3951,#3952,#3953),
(#3954,#3955,#3956),
(#3957,#3958,#3959),
(#3960,#3961,#3962),
(#3963,#3964,#3965),
(#3966,#3967,#3968),
(#3969,#3970,#3971),
(#3972,#3973,#3974),
(#3975,#3976,#3977),
(#3978,#3979,#3980),
(#3981,#3982,#3983),
(#3984,#3985,#3986),
(#3987,#3988,#3989),
(#3990,#3991,#3992)),
.UNSPECIFIED.,.T.,.F.,.F.)B_SPLINE_SURFACE_WITH_KNOTS((4,2,2,2,2,2,2,2,2,2,2,2,2,
2,2,2,2,2,2,2,2,2,2,2,2,2,2,2,2,2,2,2,2,2,2,2,2,2,2,2,2,2,2,2,2,2,2,2,4),
(3,3),
(0.,0.130899693899575,0.261799387799149,0.392699081698724,0.523598775598299,0.654498469497874,
0.785398163397448,0.916297857297023,1.0471975511966,1.17809724509617,1.30899693899575,
1.43989663289532,1.5707963267949,1.70169602069447,1.83259571459405,1.96349540849362,
2.0943951023932,2.22529479629277,2.35619449019234,2.48709418409192,2.61799387799149,
2.74889357189107,2.87979326579064,3.01069295969022,3.14159265358979,3.27249234748937,
3.40339204138894,3.53429173528852,3.66519142918809,3.79609112308767,3.92699081698724,
4.05789051088682,4.18879020478639,4.31968989868597,4.45058959258554,4.58148928648512,
4.71238898038469,4.84328867428426,4.97418836818384,5.10508806208341,5.23598775598299,
5.36688744988256,5.49778714378214,5.62868683768171,5.75958653158129,5.89048622548086,
6.02138591938044,6.15228561328001,6.28318530717959),
(0.,1.),
.UNSPECIFIED.)GEOMETRIC_REPRESENTATION_ITEM()RATIONAL_B_SPLINE_SURFACE((
(1.,0.382683432365087,1.),
(1.,0.382683432365087,1.),
(1.,0.386615193280101,1.),
(1.,0.386615193280101,1.),
(1.,0.398112608509062,1.),
(1.,0.398112608509062,1.),
(1.,0.416364334184503,1.),
(1.,0.416364334184503,1.),
(1.,0.440242867235916,1.),
(1.,0.440242867235916,1.),
(1.,0.468515993965555,1.),
(1.,0.468515993965555,1.),
(1.,0.499999999999998,1.),
(1.,0.499999999999998,1.),
(1.,0.533638766125136,1.),
(1.,0.533638766125136,1.),
(1.,0.568527312187693,1.),
(1.,0.568527312187693,1.),
(1.,0.603904773092124,1.),
(1.,0.603904773092124,1.),
(1.,0.639135078879175,1.),
(1.,0.639135078879175,1.),
(1.,0.673685402973354,1.),
(1.,0.673685402973354,1.),
(1.,0.707106781186548,1.),
(1.,0.707106781186548,1.),
(1.,0.739018252697881,1.),
(1.,0.739018252697881,1.),
(1.,0.769094500660426,1.),
(1.,0.769094500660426,1.),
(1.,0.797056475437311,1.),
(1.,0.797056475437311,1.),
(1.,0.822664388008036,1.),
(1.,0.822664388008036,1.),
(1.,0.845712520475156,1.),
(1.,0.845712520475156,1.),
(1.,0.866025403784439,1.),
(1.,0.866025403784439,1.),
(1.,0.883455014926321,1.),
(1.,0.883455014926321,1.),
(1.,0.897878732261712,1.),
(1.,0.897878732261712,1.),
(1.,0.909197855925262,1.),
(1.,0.909197855925262,1.),
(1.,0.917336552714493,1.),
(1.,0.917336552714493,1.),
(1.,0.922241124828528,1.),
(1.,0.922241124828528,1.),
(1.,0.923879532511287,1.),
(1.,0.923879532511287,1.),
(1.,0.922241124828528,1.),
(1.,0.922241124828528,1.),
(1.,0.917336552714493,1.),
(1.,0.917336552714493,1.),
(1.,0.909197855925263,1.),
(1.,0.909197855925263,1.),
(1.,0.897878732261712,1.),
(1.,0.897878732261712,1.),
(1.,0.883455014926322,1.),
(1.,0.883455014926322,1.),
(1.,0.866025403784439,1.),
(1.,0.866025403784439,1.),
(1.,0.845712520475156,1.),
(1.,0.845712520475156,1.),
(1.,0.822664388008037,1.),
(1.,0.822664388008037,1.),
(1.,0.797056475437312,1.),
(1.,0.797056475437312,1.),
(1.,0.769094500660426,1.),
(1.,0.769094500660426,1.),
(1.,0.739018252697881,1.),
(1.,0.739018252697881,1.),
(1.,0.707106781186548,1.),
(1.,0.707106781186548,1.),
(1.,0.673685402973355,1.),
(1.,0.673685402973355,1.),
(1.,0.639135078879174,1.),
(1.,0.639135078879174,1.),
(1.,0.603904773092124,1.),
(1.,0.603904773092124,1.),
(1.,0.568527312187694,1.),
(1.,0.568527312187694,1.),
(1.,0.533638766125138,1.),
(1.,0.533638766125138,1.),
(1.,0.5,1.),
(1.,0.5,1.),
(1.,0.468515993965555,1.),
(1.,0.468515993965555,1.),
(1.,0.440242867235917,1.),
(1.,0.440242867235917,1.),
(1.,0.416364334184503,1.),
(1.,0.416364334184503,1.),
(1.,0.398112608509062,1.),
(1.,0.398112608509062,1.),
(1.,0.386615193280101,1.),
(1.,0.386615193280101,1.),
(1.,0.382683432365087,1.),
(1.,0.382683432365087,1.)))REPRESENTATION_ITEM('')SURFACE());
#3699=CARTESIAN_POINT('',(-58.8994949366127,94.4999999999987,130.100505063387));
#3700=CARTESIAN_POINT('',(-70.8492424049186,94.4999999999987,118.150757595081));
#3701=CARTESIAN_POINT('',(-70.8492424049186,94.4999999999987,135.050252531693));
#3702=CARTESIAN_POINT('',(-58.8994949364832,93.4495134283738,130.10050506356));
#3703=CARTESIAN_POINT('',(-70.8492424045202,94.4923256183568,118.150757595081));
#3704=CARTESIAN_POINT('',(-70.8492424048754,93.7549460473421,135.050252531521));
#3705=CARTESIAN_POINT('',(-58.9683471275297,92.3990319927594,130.031652872557));
#3706=CARTESIAN_POINT('',(-70.771661347712,94.4709927789096,118.269239120096));
#3707=CARTESIAN_POINT('',(-70.8980755821758,93.0098957375716,134.981400340776));
#3708=CARTESIAN_POINT('',(-59.2425791518776,90.3160329658414,129.757420848036));
#3709=CARTESIAN_POINT('',(-70.6548042133422,94.3568396382255,118.30429531885));
#3710=CARTESIAN_POINT('',(-71.0925736930766,91.5325359121099,134.707168316428));
#3711=CARTESIAN_POINT('',(-59.4479576445294,89.2835255588908,129.552042355471));
#3712=CARTESIAN_POINT('',(-70.4632176152545,94.1689370416345,118.611833134657));
#3713=CARTESIAN_POINT('',(-71.2382376756857,90.8002336196713,134.501789823863));
#3714=CARTESIAN_POINT('',(-59.9917295073038,87.2541413393848,129.008270492696));
#3715=CARTESIAN_POINT('',(-70.3069166061785,93.7996819896293,118.61803264391));
#3716=CARTESIAN_POINT('',(-71.6239059808062,89.3608999100395,133.958017960916));
#3717=CARTESIAN_POINT('',(-60.3301202187442,86.2572744490533,128.669879781213));
#3718=CARTESIAN_POINT('',(-70.0990146793048,93.3558377308109,118.999361480644));
#3719=CARTESIAN_POINT('',(-71.8639084176491,88.6538755302272,133.619627249691));
#3720=CARTESIAN_POINT('',(-61.1341278325545,84.316228363479,127.865872167489));
#3721=CARTESIAN_POINT('',(-70.0177033152125,92.6698771261967,118.883920524839));
#3722=CARTESIAN_POINT('',(-72.4341480254193,87.2771953354164,132.815619635622));
#3723=CARTESIAN_POINT('',(-61.5997408039137,83.3720586586562,127.400259196043));
#3724=CARTESIAN_POINT('',(-69.8955557544439,91.9777280236806,119.2147099378));
#3725=CARTESIAN_POINT('',(-72.7643824082602,86.6075462513567,132.350006664435));
#3726=CARTESIAN_POINT('',(-62.6502273755861,81.5525625438005,126.349772624457));
#3727=CARTESIAN_POINT('',(-69.9935939094087,91.0054644585693,118.896140398347));
#3728=CARTESIAN_POINT('',(-73.5094363608335,85.3170749511001,131.299520092677));
#3729=CARTESIAN_POINT('',(-63.2350958397461,80.6772450298943,125.764904160254));
#3730=CARTESIAN_POINT('',(-70.0267570417836,90.1367924729742,119.085792546166));
#3731=CARTESIAN_POINT('',(-73.9242522877568,84.6962590443835,130.714651628646));
#3732=CARTESIAN_POINT('',(-64.5140872529493,79.010430968669,124.485912747051));
#3733=CARTESIAN_POINT('',(-70.3722900554406,88.9640476154661,118.51516035661));
#3734=CARTESIAN_POINT('',(-74.8313725056276,83.5140769603018,129.43566021527));
#3735=CARTESIAN_POINT('',(-65.2082039483685,78.2189425710318,123.791796051632));
#3736=CARTESIAN_POINT('',(-70.5898983690674,88.0104507694374,118.518088369053));
#3737=CARTESIAN_POINT('',(-75.3236723611768,82.9527165631843,128.741543519851));
#3738=CARTESIAN_POINT('',(-66.6938163051865,76.7333302142139,122.306183694814));
#3739=CARTESIAN_POINT('',(-71.2116168210993,86.7408118890318,117.680396440781));
#3740=CARTESIAN_POINT('',(-76.3773377656017,81.8990511586731,127.255931163206));
#3741=CARTESIAN_POINT('',(-67.4853047028236,76.0392135187083,121.514695297176));
#3742=CARTESIAN_POINT('',(-71.6119518348357,85.7848903509063,117.487256869851));
#3743=CARTESIAN_POINT('',(-76.9386981628055,81.4067513031239,126.464442765569));
#3744=CARTESIAN_POINT('',(-69.1521187640489,74.7602221056778,119.847881235951));
#3745=CARTESIAN_POINT('',(-72.5075185898169,84.5161321458163,116.393272705497));
#3746=CARTESIAN_POINT('',(-78.1208802468009,80.4996310853395,124.797628704171));
#3747=CARTESIAN_POINT('',(-70.0274362779552,74.1753536414314,118.972563722088));
#3748=CARTESIAN_POINT('',(-73.07102416062,83.6207963870032,116.017250630884));
#3749=CARTESIAN_POINT('',(-78.7416961535175,80.084815158373,123.922311190308));
#3750=CARTESIAN_POINT('',(-71.8469323928109,73.1248670697591,117.153067607146));
#3751=CARTESIAN_POINT('',(-74.2175580725193,82.4348102703047,114.694167135977));
#3752=CARTESIAN_POINT('',(-80.0321674538604,79.3397612057996,122.102815075538));
#3753=CARTESIAN_POINT('',(-72.7911020975905,72.6592540983998,116.208897902366));
#3754=CARTESIAN_POINT('',(-74.9166830607534,81.6432629869622,114.159935405612));
#3755=CARTESIAN_POINT('',(-80.7018165377906,79.009526823002,121.158645370759));
#3756=CARTESIAN_POINT('',(-74.7321481832512,71.8552464845895,114.267851816792));
#3757=CARTESIAN_POINT('',(-76.2791431253543,80.6040027147031,112.64423840828));
#3758=CARTESIAN_POINT('',(-82.0784967327741,78.4392872151454,119.217599285012));
#3759=CARTESIAN_POINT('',(-75.7290150734963,71.5168557731491,113.270984926504));
#3760=CARTESIAN_POINT('',(-77.0840879133549,79.9436347718957,111.981068708705));
#3761=CARTESIAN_POINT('',(-82.7855211125001,78.1992847783456,118.22073239481));
#3762=CARTESIAN_POINT('',(-77.7583992930886,70.9730839103747,111.241600706911));
#3763=CARTESIAN_POINT('',(-78.6209047679894,79.0985347925178,110.31393860995));
#3764=CARTESIAN_POINT('',(-84.2248548221318,77.8136164732251,116.191348175217));
#3765=CARTESIAN_POINT('',(-78.7909066999915,70.7677054177235,110.209093300009));
#3766=CARTESIAN_POINT('',(-79.5024146646266,78.58519612498,109.55201632354));
#3767=CARTESIAN_POINT('',(-84.957157114524,77.6679524905734,115.158840768228));
#3768=CARTESIAN_POINT('',(-80.8739057269186,70.4934733933745,108.126094273081));
#3769=CARTESIAN_POINT('',(-81.168985042817,77.9675616379769,107.776583969016));
#3770=CARTESIAN_POINT('',(-86.4345169400786,77.473454379758,113.075841741474));
#3771=CARTESIAN_POINT('',(-81.9243871624811,70.424621202458,107.075612837519));
#3772=CARTESIAN_POINT('',(-82.0994682576265,77.608966095313,106.945261313804));
#3773=CARTESIAN_POINT('',(-87.1795672498428,77.424621202458,112.025360305911));
#3774=CARTESIAN_POINT('',(-84.0253603058258,70.424621202458,104.974639694174));
#3775=CARTESIAN_POINT('',(-83.8502792106803,77.240276309603,105.10499121789));
#3776=CARTESIAN_POINT('',(-88.6696751550758,77.424621202458,109.924387162394));
#3777=CARTESIAN_POINT('',(-85.0758417414314,70.4934733933313,103.924158258612));
#3778=CARTESIAN_POINT('',(-84.804121868223,77.0383800025433,104.232054402448));
#3779=CARTESIAN_POINT('',(-89.4147254648831,77.473454379758,108.873905726831));
#3780=CARTESIAN_POINT('',(-87.1588407682722,70.7677054177667,101.841159231685));
#3781=CARTESIAN_POINT('',(-86.5940809851918,76.9301863874867,102.369742744137));
#3782=CARTESIAN_POINT('',(-90.8920852903514,77.6679524905734,106.790906700077));
#3783=CARTESIAN_POINT('',(-88.1913481752614,70.9730839103747,100.808651824739));
#3784=CARTESIAN_POINT('',(-87.5476451032008,76.8827415659046,101.481147044936));
#3785=CARTESIAN_POINT('',(-91.6243875827867,77.8136164732251,105.758399293088));
#3786=CARTESIAN_POINT('',(-90.2207323947674,71.5168557731491,98.7792676052326));
#3787=CARTESIAN_POINT('',(-89.3329782704515,77.0381502506074,99.6382295814112));
#3788=CARTESIAN_POINT('',(-93.0637212924185,78.1992847783456,103.729015073495));
#3789=CARTESIAN_POINT('',(-91.217599285142,71.8552464845464,97.782400714858));
#3790=CARTESIAN_POINT('',(-90.2645183160802,77.1396901551958,98.7580172141288));
#3791=CARTESIAN_POINT('',(-93.7707456721877,78.4392872151886,102.732148183207));
#3792=CARTESIAN_POINT('',(-93.15864537063,72.659254098443,95.8413546293699));
#3793=CARTESIAN_POINT('',(-92.0034403822236,77.5545155315546,96.9740240875674));
#3794=CARTESIAN_POINT('',(-95.1474258670848,79.0095268229588,100.791102097633));
#3795=CARTESIAN_POINT('',(-94.1028150754959,73.1248670697159,94.897184924504));
#3796=CARTESIAN_POINT('',(-92.8930366729833,77.7969794183951,96.1242908553865));
#3797=CARTESIAN_POINT('',(-95.8170749511013,79.3397612057996,99.8469323927667));
#3798=CARTESIAN_POINT('',(-95.9223111903516,74.1753536414746,93.0776888096483));
#3799=CARTESIAN_POINT('',(-94.5463031552374,78.46066826778,94.4363693163928));
#3800=CARTESIAN_POINT('',(-97.1075462513579,80.0848151583729,98.0274362779974));
#3801=CARTESIAN_POINT('',(-96.7976287043011,74.7602221056778,92.2023712956988));
#3802=CARTESIAN_POINT('',(-95.3758426397998,78.8338139659386,93.6372253036313));
#3803=CARTESIAN_POINT('',(-97.7283621581177,80.4996310853826,97.1521187640479));
#3804=CARTESIAN_POINT('',(-98.4644427654401,76.0392135187083,90.5355572345599));
#3805=CARTESIAN_POINT('',(-96.9072346704734,79.7302232067764,92.0796973860955));
#3806=CARTESIAN_POINT('',(-98.9105442421131,81.4067513030807,95.4853047028225));
#3807=CARTESIAN_POINT('',(-99.2559311631635,76.7333302142139,89.7440688368796));
#3808=CARTESIAN_POINT('',(-97.660439437303,80.2219232876016,91.3492055492123));
#3809=CARTESIAN_POINT('',(-99.4719046392737,81.8990511587162,94.6938163050991));
#3810=CARTESIAN_POINT('',(-100.741543519895,78.2189425710318,88.2584564800617));
#3811=CARTESIAN_POINT('',(-99.0372036002184,81.3300127887185,89.9531514132662));
#3812=CARTESIAN_POINT('',(-100.525570043785,82.9527165631412,93.2082039484538));
#3813=CARTESIAN_POINT('',(-101.435660215401,79.0104309687121,87.5643397845992));
#3814=CARTESIAN_POINT('',(-99.699695891777,81.9264938621991,89.3072451916696));
#3815=CARTESIAN_POINT('',(-101.017869899377,83.5140769603449,92.5140872529482));
#3816=CARTESIAN_POINT('',(-102.714651628518,80.6772450298511,86.2853483714824));
#3817=CARTESIAN_POINT('',(-100.892944669029,83.2209765161429,88.1001142475238));
#3818=CARTESIAN_POINT('',(-101.924990117075,84.6962590443403,91.235095839745));
#3819=CARTESIAN_POINT('',(-103.299520092721,81.5525625438005,85.7004799072791));
#3820=CARTESIAN_POINT('',(-101.452334215526,83.9070368386078,87.5525020066976));
#3821=CARTESIAN_POINT('',(-102.339806044085,85.3170749511001,90.6502273755418));
#3822=CARTESIAN_POINT('',(-104.350006664393,83.3720586586562,84.6499933356068));
#3823=CARTESIAN_POINT('',(-102.437404981169,85.3590130840561,86.557758796607));
#3824=CARTESIAN_POINT('',(-103.084859996658,86.6075462513567,89.5997408039558));
#3825=CARTESIAN_POINT('',(-104.815619635752,84.3162283634789,84.1843803642476));
#3826=CARTESIAN_POINT('',(-102.883385148042,86.1182380251713,86.1198246253727));
#3827=CARTESIAN_POINT('',(-103.415094379499,87.2771953354164,89.1341278325966));
#3828=CARTESIAN_POINT('',(-105.619627249563,86.2572744490533,83.3803727504373));
#3829=CARTESIAN_POINT('',(-103.640152330088,87.6958309643983,85.3566378964977));
#3830=CARTESIAN_POINT('',(-103.985333987269,88.6538755302272,88.3301202187));
#3831=CARTESIAN_POINT('',(-105.95801796096,87.2541413393416,83.04198203904));
#3832=CARTESIAN_POINT('',(-103.964593594049,88.5108160234308,85.0373477735725));
#3833=CARTESIAN_POINT('',(-104.225336424112,89.3608999100395,87.991729507389));
#3834=CARTESIAN_POINT('',(-106.501789823821,89.283525558934,82.4982101761793));
#3835=CARTESIAN_POINT('',(-104.477727705679,90.1798153933902,84.5203309266992));
#3836=CARTESIAN_POINT('',(-104.611004729233,90.8002336196713,87.4479576444419));
#3837=CARTESIAN_POINT('',(-106.707168316429,90.3160329658368,82.2928316835713));
#3838=CARTESIAN_POINT('',(-104.674759324991,91.0324003018199,84.326151875812));
#3839=CARTESIAN_POINT('',(-104.756668711841,91.5325359120634,87.2425791518771));
#3840=CARTESIAN_POINT('',(-106.981400340778,92.399031992764,82.0185996592222));
#3841=CARTESIAN_POINT('',(-104.933926964787,92.7569180638503,84.0651618344095));
#3842=CARTESIAN_POINT('',(-104.951166822743,93.0098957376181,86.968347127528));
#3843=CARTESIAN_POINT('',(-107.050252531694,93.4495134282832,81.9497474683058));
#3844=CARTESIAN_POINT('',(-105.,93.6284317140803,83.9999999999999));
#3845=CARTESIAN_POINT('',(-105.,93.7549460473822,86.8994949366116));
#3846=CARTESIAN_POINT('',(-107.050252531694,95.5504865717143,81.9497474683058));
#3847=CARTESIAN_POINT('',(-105.,95.3715682859172,83.9999999999999));
#3848=CARTESIAN_POINT('',(-105.,95.2450539526152,86.8994949366116));
#3849=CARTESIAN_POINT('',(-106.981400340821,96.6009680072335,82.018599659179));
#3850=CARTESIAN_POINT('',(-104.933926964764,96.2430819362372,84.0651618342997));
#3851=CARTESIAN_POINT('',(-104.951166822743,95.9901042623794,86.9683471274417));
#3852=CARTESIAN_POINT('',(-106.707168316385,98.6839670341607,82.2928316836145));
#3853=CARTESIAN_POINT('',(-104.674759325015,97.9675996980876,84.3261518759218));
#3854=CARTESIAN_POINT('',(-104.756668711841,97.4674640879341,87.2425791519635));
#3855=CARTESIAN_POINT('',(-106.501789823777,99.7164744410635,82.4982101762224));
#3856=CARTESIAN_POINT('',(-104.477727705702,98.8201846066073,84.5203309266757));
#3857=CARTESIAN_POINT('',(-104.611004729233,98.1997663803262,87.4479576444419));
#3858=CARTESIAN_POINT('',(-105.958017961003,101.745858660656,83.0419820389968));
#3859=CARTESIAN_POINT('',(-103.964593594026,100.489183976567,85.037347773596));
#3860=CARTESIAN_POINT('',(-104.225336424112,99.6391000899579,87.991729507389));
#3861=CARTESIAN_POINT('',(-105.619627249563,102.742725550944,83.3803727504373));
#3862=CARTESIAN_POINT('',(-103.640152329997,101.304169035714,85.3566378964977));
#3863=CARTESIAN_POINT('',(-103.985333987269,100.346124469727,88.3301202186999));
#3864=CARTESIAN_POINT('',(-104.815619635752,104.683771636519,84.1843803642475));
#3865=CARTESIAN_POINT('',(-102.883385148133,102.881761974712,86.1198246253726));
#3866=CARTESIAN_POINT('',(-103.415094379499,101.722804664624,89.1341278325966));
#3867=CARTESIAN_POINT('',(-104.350006664393,105.627941341341,84.6499933355636));
#3868=CARTESIAN_POINT('',(-102.437404981169,103.640986915941,86.5577587964966));
#3869=CARTESIAN_POINT('',(-103.084859996658,102.392453748641,89.5997408038695));
#3870=CARTESIAN_POINT('',(-103.299520092721,107.447437456197,85.7004799073223));
#3871=CARTESIAN_POINT('',(-101.452334215526,105.09296316139,87.552502006808));
#3872=CARTESIAN_POINT('',(-102.339806044085,103.682925048897,90.6502273756281));
#3873=CARTESIAN_POINT('',(-102.714651628518,108.322754970146,86.2853483714824));
#3874=CARTESIAN_POINT('',(-100.892944669029,105.779023483855,88.1001142475238));
#3875=CARTESIAN_POINT('',(-101.924990117075,104.303740955657,91.235095839745));
#3876=CARTESIAN_POINT('',(-101.435660215401,109.989569031285,87.5643397845992));
#3877=CARTESIAN_POINT('',(-99.699695891777,107.073506137798,89.3072451916696));
#3878=CARTESIAN_POINT('',(-101.017869899377,105.485923039653,92.5140872529482));
#3879=CARTESIAN_POINT('',(-100.741543519938,110.781057428966,88.2584564800185));
#3880=CARTESIAN_POINT('',(-99.0372036003115,107.669987211186,89.9531514132911));
#3881=CARTESIAN_POINT('',(-100.525570043742,106.047283436856,93.2082039484538));
#3882=CARTESIAN_POINT('',(-99.2559311631203,112.266669785784,89.7440688369228));
#3883=CARTESIAN_POINT('',(-97.66043943721,108.778076712489,91.3492055491873));
#3884=CARTESIAN_POINT('',(-99.4719046393169,107.100948841281,94.6938163050991));
#3885=CARTESIAN_POINT('',(-98.4644427654401,112.960786481289,90.5355572345599));
#3886=CARTESIAN_POINT('',(-96.9072346703792,109.269776793152,92.0796973862329));
#3887=CARTESIAN_POINT('',(-98.9105442421131,107.593248696874,95.4853047029089));
#3888=CARTESIAN_POINT('',(-96.7976287043011,114.23977789432,92.2023712956988));
#3889=CARTESIAN_POINT('',(-95.375842639894,110.166186034128,93.6372253034939));
#3890=CARTESIAN_POINT('',(-97.7283621581177,108.500368914658,97.1521187639615));
#3891=CARTESIAN_POINT('',(-95.9223111903517,114.824646358609,93.0776888096483));
#3892=CARTESIAN_POINT('',(-94.5463031552374,110.539331732191,94.4363693162539));
#3893=CARTESIAN_POINT('',(-97.1075462513579,108.915184841581,98.0274362779109));
#3894=CARTESIAN_POINT('',(-94.102815075496,115.875132930195,94.897184924504));
#3895=CARTESIAN_POINT('',(-92.8930366729833,111.203020581629,96.1242908555253));
#3896=CARTESIAN_POINT('',(-95.8170749511014,109.660238794241,99.846932392853));
#3897=CARTESIAN_POINT('',(-93.1586453706732,116.340745901641,95.8413546293268));
#3898=CARTESIAN_POINT('',(-92.0034403821534,111.445484468362,96.9740240876376));
#3899=CARTESIAN_POINT('',(-95.1474258669985,109.990473177082,100.791102097719));
#3900=CARTESIAN_POINT('',(-91.2175992850988,117.144753515365,97.7824007149011));
#3901=CARTESIAN_POINT('',(-90.2645183161505,111.860309844883,98.7580172140585));
#3902=CARTESIAN_POINT('',(-93.770745672274,110.560712784766,102.732148183121));
#3903=CARTESIAN_POINT('',(-90.2207323948106,117.483144226848,98.7792676051894));
#3904=CARTESIAN_POINT('',(-89.3329782705508,111.96184974939,99.6382295814393));
#3905=CARTESIAN_POINT('',(-93.0637212923753,110.800715221652,103.729015073495));
#3906=CARTESIAN_POINT('',(-88.1913481752182,118.026916089623,100.808651824782));
#3907=CARTESIAN_POINT('',(-87.5476451031015,112.117258434093,101.481147044908));
#3908=CARTESIAN_POINT('',(-91.6243875828299,111.186383526772,105.758399293088));
#3909=CARTESIAN_POINT('',(-87.1588407683154,118.232294582274,101.841159231685));
#3910=CARTESIAN_POINT('',(-86.5940809851626,112.069813612482,102.369742744137));
#3911=CARTESIAN_POINT('',(-90.8920852903514,111.332047509424,106.790906700077));
#3912=CARTESIAN_POINT('',(-85.0758417413882,118.506526606623,103.924158258612));
#3913=CARTESIAN_POINT('',(-84.8041218682522,111.961619997483,104.232054402448));
#3914=CARTESIAN_POINT('',(-89.4147254648831,111.52654562024,108.873905726831));
#3915=CARTESIAN_POINT('',(-84.0253603058689,118.575378797539,104.974639694131));
#3916=CARTESIAN_POINT('',(-83.8502792106498,111.759723690394,105.10499121792));
#3917=CARTESIAN_POINT('',(-88.6696751550758,111.575378797539,109.924387162394));
#3918=CARTESIAN_POINT('',(-81.9243871624379,118.575378797539,107.075612837562));
#3919=CARTESIAN_POINT('',(-82.099468257657,111.391033904685,106.945261313773));
#3920=CARTESIAN_POINT('',(-87.1795672498428,111.575378797539,112.025360305911));
#3921=CARTESIAN_POINT('',(-80.8739057269187,118.506526606623,108.126094273081));
#3922=CARTESIAN_POINT('',(-81.1689850428171,111.032438362021,107.776583969123));
#3923=CARTESIAN_POINT('',(-86.4345169400786,111.52654562024,113.075841741474));
#3924=CARTESIAN_POINT('',(-78.7909066999915,118.232294582274,110.209093300009));
#3925=CARTESIAN_POINT('',(-79.5024146646267,110.414803875017,109.552016323433));
#3926=CARTESIAN_POINT('',(-84.957157114524,111.332047509424,115.158840768228));
#3927=CARTESIAN_POINT('',(-77.7583992930887,118.026916089536,111.241600706911));
#3928=CARTESIAN_POINT('',(-78.6209047679894,109.901465207437,110.31393860995));
#3929=CARTESIAN_POINT('',(-84.2248548221318,111.186383526772,116.191348175217));
#3930=CARTESIAN_POINT('',(-75.7290150734963,117.483144226935,113.270984926504));
#3931=CARTESIAN_POINT('',(-77.0840879133549,109.056365228145,111.981068708705));
#3932=CARTESIAN_POINT('',(-82.7855211125001,110.800715221652,118.22073239481));
#3933=CARTESIAN_POINT('',(-74.732148183208,117.144753515451,114.267851816792));
#3934=CARTESIAN_POINT('',(-76.2791431251965,108.395997285259,112.64423840828));
#3935=CARTESIAN_POINT('',(-82.0784967327309,110.560712784852,119.217599285012));
#3936=CARTESIAN_POINT('',(-72.7911020976336,116.340745901554,116.208897902366));
#3937=CARTESIAN_POINT('',(-74.9166830609112,107.356737013071,114.159935405612));
#3938=CARTESIAN_POINT('',(-80.7018165378337,109.990473176996,121.158645370759));
#3939=CARTESIAN_POINT('',(-71.8469323928109,115.875132930282,117.153067607146));
#3940=CARTESIAN_POINT('',(-74.2175580724381,106.565189729855,114.694167135977));
#3941=CARTESIAN_POINT('',(-80.0321674538172,109.660238794241,122.102815075538));
#3942=CARTESIAN_POINT('',(-70.0274362779552,114.824646358523,118.972563722088));
#3943=CARTESIAN_POINT('',(-73.0710241607011,105.379203612832,116.017250630884));
#3944=CARTESIAN_POINT('',(-78.7416961535606,108.915184841581,123.922311190308));
#3945=CARTESIAN_POINT('',(-69.1521187640489,114.239777894406,119.847881235951));
#3946=CARTESIAN_POINT('',(-72.5075185896928,104.483867854224,116.393272705497));
#3947=CARTESIAN_POINT('',(-78.1208802468009,108.500368914658,124.797628704171));
#3948=CARTESIAN_POINT('',(-67.4853047028236,112.960786481203,121.514695297176));
#3949=CARTESIAN_POINT('',(-71.6119518349598,103.215109649048,117.487256869851));
#3950=CARTESIAN_POINT('',(-76.9386981628055,107.593248696874,126.464442765569));
#3951=CARTESIAN_POINT('',(-66.6938163051434,112.266669785784,122.3061836949));
#3952=CARTESIAN_POINT('',(-71.2116168213583,102.259188111009,117.680396440608));
#3953=CARTESIAN_POINT('',(-76.3773377656449,107.100948841281,127.255931163033));
#3954=CARTESIAN_POINT('',(-65.2082039484118,110.781057428966,123.791796051545));
#3955=CARTESIAN_POINT('',(-70.5898983688083,100.989549230517,118.518088369225));
#3956=CARTESIAN_POINT('',(-75.3236723611336,106.047283436856,128.741543520024));
#3957=CARTESIAN_POINT('',(-64.514087252863,109.989569031329,124.485912747137));
#3958=CARTESIAN_POINT('',(-70.3722900551728,100.035952384307,118.515160356605));
#3959=CARTESIAN_POINT('',(-74.8313725055844,105.485923039653,129.435660215443));
#3960=CARTESIAN_POINT('',(-63.2350958398325,108.322754970103,125.764904160168));
#3961=CARTESIAN_POINT('',(-70.0267570420514,98.8632075272479,119.085792546171));
#3962=CARTESIAN_POINT('',(-73.9242522878,104.303740955657,130.714651628474));
#3963=CARTESIAN_POINT('',(-62.6502273755429,107.447437456197,126.349772624371));
#3964=CARTESIAN_POINT('',(-69.9935939093164,97.9945355414282,118.896140397967));
#3965=CARTESIAN_POINT('',(-73.5094363608335,103.682925048897,131.299520092849));
#3966=CARTESIAN_POINT('',(-61.5997408039569,105.627941341341,127.40025919613));
#3967=CARTESIAN_POINT('',(-69.895555754536,97.0222719763169,119.214709938181));
#3968=CARTESIAN_POINT('',(-72.7643824082602,102.392453748641,132.350006664263));
#3969=CARTESIAN_POINT('',(-61.1341278325545,104.683771636519,127.865872167489));
#3970=CARTESIAN_POINT('',(-70.0177033150656,96.3301228738007,118.883920524545));
#3971=CARTESIAN_POINT('',(-72.4341480254193,101.722804664581,132.815619635622));
#3972=CARTESIAN_POINT('',(-60.3301202187442,102.742725550944,128.669879781213));
#3973=CARTESIAN_POINT('',(-70.0990146794517,95.6441622691865,118.999361480938));
#3974=CARTESIAN_POINT('',(-71.8639084176491,100.34612446977,133.619627249691));
#3975=CARTESIAN_POINT('',(-59.9917295073038,101.745858660613,129.008270492696));
#3976=CARTESIAN_POINT('',(-70.3069166061785,95.2003180103682,118.61803264391));
#3977=CARTESIAN_POINT('',(-71.6239059808062,99.6391000899579,133.958017960916));
#3978=CARTESIAN_POINT('',(-59.4479576445294,99.7164744411067,129.552042355471));
#3979=CARTESIAN_POINT('',(-70.4632176152545,94.831062958363,118.611833134657));
#3980=CARTESIAN_POINT('',(-71.2382376756857,98.1997663803262,134.501789823863));
#3981=CARTESIAN_POINT('',(-59.2425791518782,98.6839670341607,129.757420848036));
#3982=CARTESIAN_POINT('',(-70.6548042133419,94.6431603617722,118.30429531885));
#3983=CARTESIAN_POINT('',(-71.0925736930771,97.4674640878909,134.707168316428));
#3984=CARTESIAN_POINT('',(-58.9683471275291,96.6009680072335,130.031652872557));
#3985=CARTESIAN_POINT('',(-70.7716613477123,94.5290072210877,118.269239120096));
#3986=CARTESIAN_POINT('',(-70.8980755821754,95.9901042624226,134.981400340777));
#3987=CARTESIAN_POINT('',(-58.8994949364832,95.5504865718438,130.10050506356));
#3988=CARTESIAN_POINT('',(-70.8492424045202,94.5076743810898,118.150757595081));
#3989=CARTESIAN_POINT('',(-70.8492424048754,95.2450539527448,135.050252531521));
#3990=CARTESIAN_POINT('',(-58.8994949366127,94.4999999999987,130.100505063387));
#3991=CARTESIAN_POINT('',(-70.8492424049186,94.4999999999987,118.150757595081));
#3992=CARTESIAN_POINT('',(-70.8492424049186,94.4999999999987,135.050252531693));
#3993=FACE_BOUND('',#3994,.T.);
#3994=EDGE_LOOP('',(#6086,#6087,#6088));
#3995=(BOUNDED_SURFACE()B_SPLINE_SURFACE(3,2,(
(#3996,#3997,#3998),
(#3999,#4000,#4001),
(#4002,#4003,#4004),
(#4005,#4006,#4007),
(#4008,#4009,#4010),
(#4011,#4012,#4013),
(#4014,#4015,#4016),
(#4017,#4018,#4019),
(#4020,#4021,#4022),
(#4023,#4024,#4025),
(#4026,#4027,#4028),
(#4029,#4030,#4031),
(#4032,#4033,#4034),
(#4035,#4036,#4037),
(#4038,#4039,#4040),
(#4041,#4042,#4043)),
.UNSPECIFIED.,.F.,.F.,.F.)B_SPLINE_SURFACE_WITH_KNOTS((4,2,2,2,2,2,2,4),
(3,3),
(-1.27089277199323,-0.635446385996616,0.,0.788214487507539,1.57642897501508,2.22014045845932,
2.86385194190356,2.87558112462283),
(0.,1.),
.UNSPECIFIED.)GEOMETRIC_REPRESENTATION_ITEM()RATIONAL_B_SPLINE_SURFACE((
(1.,0.77466132900794,1.),
(1.,0.77466132900794,1.),
(1.,0.829589956951086,1.),
(1.,0.829589956951086,1.),
(1.,0.882202992907307,1.),
(1.,0.882202992907307,1.),
(1.,0.936670584266794,1.),
(1.,0.936670584266794,1.),
(1.,0.975184076250739,1.),
(1.,0.975184076250739,1.),
(1.,0.993664067499847,1.),
(1.,0.993664067499847,1.),
(1.,0.999997999998,1.),
(1.,0.999997999998,1.),
(1.,1.,1.),
(1.,1.,1.)))REPRESENTATION_ITEM('')SURFACE());
#3996=CARTESIAN_POINT('',(-98.3802975863731,74.2634988945223,89.407462502027));
#3997=CARTESIAN_POINT('',(-95.6521922871306,79.1658745535602,90.4924456504348));
#3998=CARTESIAN_POINT('',(-97.1749984226471,80.1473318730009,95.9119324399898));
#3999=CARTESIAN_POINT('',(-99.1035707384017,75.0404217415473,89.1198126294803));
#4000=CARTESIAN_POINT('',(-96.3832124032664,79.552269237021,90.3964639818894));
#4001=CARTESIAN_POINT('',(-98.0299633794965,80.6983616961492,95.4325159699711));
#4002=CARTESIAN_POINT('',(-99.7499645303427,75.8848046074785,88.7714111251459));
#4003=CARTESIAN_POINT('',(-97.2180341968952,79.9673037854809,90.2645399442219));
#4004=CARTESIAN_POINT('',(-98.7940509610373,81.2972373189961,94.8518468105844));
#4005=CARTESIAN_POINT('',(-100.923712907104,77.6851742312821,87.9864855653884));
#4006=CARTESIAN_POINT('',(-98.6962987896351,81.0867711534986,89.6760926376271));
#4007=CARTESIAN_POINT('',(-100.181512560874,82.574143222071,93.5436375468628));
#4008=CARTESIAN_POINT('',(-101.450551776733,78.6414865729859,87.5494482251723));
#4009=CARTESIAN_POINT('',(-99.4766501383158,81.7022463028046,89.3193435485823));
#4010=CARTESIAN_POINT('',(-100.804276957198,83.2524044300617,92.8152419802595));
#4011=CARTESIAN_POINT('',(-102.512661983988,80.900334536106,86.4873380136484));
#4012=CARTESIAN_POINT('',(-100.995966994932,83.3184367163907,88.2570846158309));
#4013=CARTESIAN_POINT('',(-102.059773586004,84.8544845005819,91.0450582905912));
#4014=CARTESIAN_POINT('',(-103.000100153905,82.1878724649617,85.862678899467));
#4015=CARTESIAN_POINT('',(-101.777198147306,84.2866188396569,87.5758432727331));
#4016=CARTESIAN_POINT('',(-102.635963299613,85.7676663063113,90.0039597682688));
#4017=CARTESIAN_POINT('',(-103.813420910035,84.8295585700257,84.5599184010217));
#4018=CARTESIAN_POINT('',(-103.045531738714,86.3733124976601,86.0355624755294));
#4019=CARTESIAN_POINT('',(-103.597371502637,87.6412730014675,87.8326922724357));
#4020=CARTESIAN_POINT('',(-104.138717332454,86.1838041258709,83.8815171806151));
#4021=CARTESIAN_POINT('',(-103.582980842639,87.4766244533954,85.1939380672718));
#4022=CARTESIAN_POINT('',(-103.981897097811,88.6017669665339,86.7020235854152));
#4023=CARTESIAN_POINT('',(-104.593338354958,88.7054523939721,82.6078074667009));
#4024=CARTESIAN_POINT('',(-104.323619792977,89.5736848620756,83.5632209776888));
#4025=CARTESIAN_POINT('',(-104.519294401851,90.3902372286944,84.5791740359831));
#4026=CARTESIAN_POINT('',(-104.744217909763,89.8436093819105,82.0291053764929));
#4027=CARTESIAN_POINT('',(-104.575175374206,90.5334923535356,82.8067166862679));
#4028=CARTESIAN_POINT('',(-104.697645735159,91.1974711260168,83.6146705643037));
#4029=CARTESIAN_POINT('',(-104.946647140521,92.1313295229047,80.8624102951272));
#4030=CARTESIAN_POINT('',(-104.910716422426,92.4757925774981,81.2661564676793));
#4031=CARTESIAN_POINT('',(-104.936932782688,92.8200286904776,81.6701787615985));
#4032=CARTESIAN_POINT('',(-104.998160994797,93.2877102056229,80.2708973653907));
#4033=CARTESIAN_POINT('',(-104.996934996518,93.4639509817001,80.4776082266901));
#4034=CARTESIAN_POINT('',(-104.997826153578,93.6401876738001,80.6843238788222));
#4035=CARTESIAN_POINT('',(-104.999983979889,94.4584719056071,79.6720010822589));
#4036=CARTESIAN_POINT('',(-104.999973299775,94.464509124229,79.6790822449083));
#4037=CARTESIAN_POINT('',(-104.99998106298,94.4705463432774,79.6861634070452));
#4038=CARTESIAN_POINT('',(-104.999999999994,94.4791736459313,79.6614112065435));
#4039=CARTESIAN_POINT('',(-104.999999999994,94.4822013133721,79.664962410439));
#4040=CARTESIAN_POINT('',(-104.999999999994,94.4852289807777,79.6685136143698));
#4041=CARTESIAN_POINT('',(-105.,94.4999999999987,79.6507575950825));
#4042=CARTESIAN_POINT('',(-105.,94.4999999999987,79.6507575950825));
#4043=CARTESIAN_POINT('',(-105.,94.4999999999987,79.6507575950825));
#4044=FACE_BOUND('',#4045,.T.);
#4045=EDGE_LOOP('',(#6089,#6090,#6091));
#4046=(BOUNDED_SURFACE()B_SPLINE_SURFACE(3,2,(
(#4047,#4048,#4049),
(#4050,#4051,#4052),
(#4053,#4054,#4055),
(#4056,#4057,#4058),
(#4059,#4060,#4061),
(#4062,#4063,#4064),
(#4065,#4066,#4067),
(#4068,#4069,#4070),
(#4071,#4072,#4073),
(#4074,#4075,#4076),
(#4077,#4078,#4079),
(#4080,#4081,#4082),
(#4083,#4084,#4085),
(#4086,#4087,#4088),
(#4089,#4090,#4091),
(#4092,#4093,#4094),
(#4095,#4096,#4097),
(#4098,#4099,#4100)),
.UNSPECIFIED.,.F.,.F.,.F.)B_SPLINE_SURFACE_WITH_KNOTS((4,2,2,2,2,2,2,2,4),
(3,3),
(3.2377742814567,3.65993112236799,4.08208796327928,4.30201562512621,4.52194328697313,
4.91559016008833,5.30923703320353,5.70053942144957,6.09184180969561),
(0.,1.),
.UNSPECIFIED.)GEOMETRIC_REPRESENTATION_ITEM()RATIONAL_B_SPLINE_SURFACE((
(1.,0.720427702521514,1.),
(1.,0.720427702521514,1.),
(1.,0.700199576633405,1.),
(1.,0.700199576633405,1.),
(1.,0.69261316749348,1.),
(1.,0.69261316749348,1.),
(1.,0.694148001980811,1.),
(1.,0.694148001980811,1.),
(1.,0.699281622749071,1.),
(1.,0.699281622749071,1.),
(1.,0.715804339766242,1.),
(1.,0.715804339766242,1.),
(1.,0.73868231250784,1.),
(1.,0.73868231250784,1.),
(1.,0.763932342904659,1.),
(1.,0.763932342904659,1.),
(1.,0.788239953653505,1.),
(1.,0.788239953653505,1.)))REPRESENTATION_ITEM('')SURFACE());
#4047=CARTESIAN_POINT('',(80.9077030523572,78.9330021919989,111.924891231404));
#4048=CARTESIAN_POINT('',(81.4264207600652,78.6991870567437,105.210304887942));
#4049=CARTESIAN_POINT('',(78.6789862194261,72.5513584259647,104.954934738842));
#4050=CARTESIAN_POINT('',(81.5526548989803,78.6422862527195,112.009413839373));
#4051=CARTESIAN_POINT('',(81.8005644934549,78.5307031018528,105.123987761843));
#4052=CARTESIAN_POINT('',(79.2245949650968,72.1414643668197,105.005648306015));
#4053=CARTESIAN_POINT('',(82.2076842667883,78.3950733983808,112.023848435515));
#4054=CARTESIAN_POINT('',(82.1482252063826,78.4474676028069,104.957341023276));
#4055=CARTESIAN_POINT('',(79.7787289730924,71.7929073470805,105.01430906126));
#4056=CARTESIAN_POINT('',(83.536043003626,77.9835715071442,111.90053217755));
#4057=CARTESIAN_POINT('',(82.7396070203962,78.1963183519448,104.720315270666));
#4058=CARTESIAN_POINT('',(80.9024782083543,71.2127114975042,104.940319306972));
#4059=CARTESIAN_POINT('',(84.209388335915,77.8193032221602,111.762974274765));
#4060=CARTESIAN_POINT('',(83.0084238861694,78.1044432779765,104.569768298162));
#4061=CARTESIAN_POINT('',(81.4721069399664,70.9811019253343,104.85778456633));
#4062=CARTESIAN_POINT('',(85.2464230902227,77.6320985534447,111.419955843942));
#4063=CARTESIAN_POINT('',(83.4175630934873,77.9266388051652,104.363670845629));
#4064=CARTESIAN_POINT('',(82.3494053523861,70.7171532670237,104.651973505599));
#4065=CARTESIAN_POINT('',(85.5979143025748,77.5802636312541,111.280435771491));
#4066=CARTESIAN_POINT('',(83.5573076807547,77.8615270311269,104.296312945884));
#4067=CARTESIAN_POINT('',(82.6467557370343,70.6440687751647,104.568261463022));
#4068=CARTESIAN_POINT('',(86.2931475856029,77.4991371506129,110.956998675739));
#4069=CARTESIAN_POINT('',(83.8428254024693,77.7419183521791,104.145116803087));
#4070=CARTESIAN_POINT('',(83.2349009783453,70.5296847386666,104.374199205316));
#4071=CARTESIAN_POINT('',(86.6368908840308,77.4698500398672,110.773084314477));
#4072=CARTESIAN_POINT('',(83.9938484762688,77.6664903151831,104.081019440638));
#4073=CARTESIAN_POINT('',(83.5256968734646,70.488391464909,104.263850588079));
#4074=CARTESIAN_POINT('',(87.5843840936557,77.4171589943112,110.1962668065));
#4075=CARTESIAN_POINT('',(84.4238469531781,77.5040370511108,103.841494398944));
#4076=CARTESIAN_POINT('',(84.3272459897882,70.4140998852153,103.917760084986));
#4077=CARTESIAN_POINT('',(88.1625883529163,77.4174001480873,109.763453539371));
#4078=CARTESIAN_POINT('',(84.7400076196546,77.3586396030079,103.712269908786));
#4079=CARTESIAN_POINT('',(84.8163883989234,70.4144398990679,103.658072123851));
#4080=CARTESIAN_POINT('',(89.2628408806025,77.4682351443656,108.777781741977));
#4081=CARTESIAN_POINT('',(85.3743496736882,77.1892020534256,103.297885163263));
#4082=CARTESIAN_POINT('',(85.7471670370731,70.4861145477873,103.066669044957));
#4083=CARTESIAN_POINT('',(89.7848803398075,77.5189500252013,108.224914435535));
#4084=CARTESIAN_POINT('',(85.7540055013337,77.0611114292005,103.10003880725));
#4085=CARTESIAN_POINT('',(86.1887958131351,70.5576198408645,102.734948661035));
#4086=CARTESIAN_POINT('',(90.7685497224125,77.6558393826678,106.998546476344));
#4087=CARTESIAN_POINT('',(86.4637642682061,76.9542852395017,102.511063619632));
#4088=CARTESIAN_POINT('',(87.0209488192331,70.7506265782744,101.99912788609));
#4089=CARTESIAN_POINT('',(91.217174340787,77.7398146399429,106.342516701082));
#4090=CARTESIAN_POINT('',(86.8691955074354,76.8691753032261,102.209986304211));
#4091=CARTESIAN_POINT('',(87.4004709750814,70.8690272387627,101.605510020251));
#4092=CARTESIAN_POINT('',(92.0366302668619,77.9218185298706,104.943362545889));
#4093=CARTESIAN_POINT('',(87.5705671026113,76.8348298111653,101.438414910991));
#4094=CARTESIAN_POINT('',(88.0937046212122,71.1256430731083,100.766017527931));
#4095=CARTESIAN_POINT('',(92.4074422321253,78.0199491695737,104.200241096996));
#4096=CARTESIAN_POINT('',(87.9562638132443,76.7949388348687,101.027803307233));
#4097=CARTESIAN_POINT('',(88.407399752151,71.2640020739916,100.320144659277));
#4098=CARTESIAN_POINT('',(92.7386885663475,78.1172860460945,103.41083183577));
#4099=CARTESIAN_POINT('',(88.2758548721525,76.8058804939903,100.542487043362));
#4100=CARTESIAN_POINT('',(88.6876236092528,71.4012419080958,99.846499101462));
#4101=FACE_BOUND('',#4102,.T.);
#4102=EDGE_LOOP('',(#6092,#6093,#6094,#6095,#6096));
#4103=(BOUNDED_SURFACE()B_SPLINE_SURFACE(3,2,(
(#4104,#4105,#4106),
(#4107,#4108,#4109),
(#4110,#4111,#4112),
(#4113,#4114,#4115),
(#4116,#4117,#4118),
(#4119,#4120,#4121),
(#4122,#4123,#4124),
(#4125,#4126,#4127),
(#4128,#4129,#4130),
(#4131,#4132,#4133),
(#4134,#4135,#4136),
(#4137,#4138,#4139),
(#4140,#4141,#4142),
(#4143,#4144,#4145),
(#4146,#4147,#4148),
(#4149,#4150,#4151),
(#4152,#4153,#4154),
(#4155,#4156,#4157),
(#4158,#4159,#4160),
(#4161,#4162,#4163),
(#4164,#4165,#4166),
(#4167,#4168,#4169),
(#4170,#4171,#4172),
(#4173,#4174,#4175),
(#4176,#4177,#4178),
(#4179,#4180,#4181),
(#4182,#4183,#4184),
(#4185,#4186,#4187),
(#4188,#4189,#4190),
(#4191,#4192,#4193),
(#4194,#4195,#4196),
(#4197,#4198,#4199),
(#4200,#4201,#4202),
(#4203,#4204,#4205),
(#4206,#4207,#4208),
(#4209,#4210,#4211),
(#4212,#4213,#4214),
(#4215,#4216,#4217),
(#4218,#4219,#4220),
(#4221,#4222,#4223),
(#4224,#4225,#4226),
(#4227,#4228,#4229),
(#4230,#4231,#4232),
(#4233,#4234,#4235),
(#4236,#4237,#4238),
(#4239,#4240,#4241),
(#4242,#4243,#4244),
(#4245,#4246,#4247),
(#4248,#4249,#4250),
(#4251,#4252,#4253),
(#4254,#4255,#4256),
(#4257,#4258,#4259),
(#4260,#4261,#4262),
(#4263,#4264,#4265),
(#4266,#4267,#4268),
(#4269,#4270,#4271),
(#4272,#4273,#4274),
(#4275,#4276,#4277),
(#4278,#4279,#4280),
(#4281,#4282,#4283),
(#4284,#4285,#4286),
(#4287,#4288,#4289),
(#4290,#4291,#4292),
(#4293,#4294,#4295),
(#4296,#4297,#4298),
(#4299,#4300,#4301),
(#4302,#4303,#4304),
(#4305,#4306,#4307),
(#4308,#4309,#4310),
(#4311,#4312,#4313),
(#4314,#4315,#4316),
(#4317,#4318,#4319),
(#4320,#4321,#4322),
(#4323,#4324,#4325),
(#4326,#4327,#4328),
(#4329,#4330,#4331),
(#4332,#4333,#4334),
(#4335,#4336,#4337),
(#4338,#4339,#4340),
(#4341,#4342,#4343),
(#4344,#4345,#4346),
(#4347,#4348,#4349),
(#4350,#4351,#4352),
(#4353,#4354,#4355),
(#4356,#4357,#4358),
(#4359,#4360,#4361),
(#4362,#4363,#4364),
(#4365,#4366,#4367),
(#4368,#4369,#4370),
(#4371,#4372,#4373),
(#4374,#4375,#4376),
(#4377,#4378,#4379),
(#4380,#4381,#4382),
(#4383,#4384,#4385),
(#4386,#4387,#4388),
(#4389,#4390,#4391),
(#4392,#4393,#4394),
(#4395,#4396,#4397)),
.UNSPECIFIED.,.T.,.F.,.F.)B_SPLINE_SURFACE_WITH_KNOTS((4,2,2,2,2,2,2,2,2,2,2,2,2,
2,2,2,2,2,2,2,2,2,2,2,2,2,2,2,2,2,2,2,2,2,2,2,2,2,2,2,2,2,2,2,2,2,2,2,4),
(3,3),
(0.,0.130899693899575,0.261799387799149,0.392699081698724,0.523598775598299,0.654498469497874,
0.785398163397448,0.916297857297023,1.0471975511966,1.17809724509617,1.30899693899575,
1.43989663289532,1.5707963267949,1.70169602069447,1.83259571459405,1.96349540849362,
2.0943951023932,2.22529479629277,2.35619449019234,2.48709418409192,2.61799387799149,
2.74889357189107,2.87979326579064,3.01069295969022,3.14159265358979,3.27249234748937,
3.40339204138894,3.53429173528852,3.66519142918809,3.79609112308767,3.92699081698724,
4.05789051088682,4.18879020478639,4.31968989868597,4.45058959258554,4.58148928648512,
4.71238898038469,4.84328867428426,4.97418836818384,5.10508806208341,5.23598775598299,
5.36688744988256,5.49778714378214,5.62868683768171,5.75958653158129,5.89048622548086,
6.02138591938044,6.15228561328001,6.28318530717959),
(0.,1.),
.UNSPECIFIED.)GEOMETRIC_REPRESENTATION_ITEM()RATIONAL_B_SPLINE_SURFACE((
(1.,0.38268343236509,1.),
(1.,0.38268343236509,1.),
(1.,0.386615193280104,1.),
(1.,0.386615193280104,1.),
(1.,0.398112608509062,1.),
(1.,0.398112608509062,1.),
(1.,0.416364334184503,1.),
(1.,0.416364334184503,1.),
(1.,0.440242867235919,1.),
(1.,0.440242867235919,1.),
(1.,0.468515993965556,1.),
(1.,0.468515993965556,1.),
(1.,0.499999999999999,1.),
(1.,0.499999999999999,1.),
(1.,0.533638766125139,1.),
(1.,0.533638766125139,1.),
(1.,0.568527312187694,1.),
(1.,0.568527312187694,1.),
(1.,0.603904773092124,1.),
(1.,0.603904773092124,1.),
(1.,0.639135078879175,1.),
(1.,0.639135078879175,1.),
(1.,0.673685402973354,1.),
(1.,0.673685402973354,1.),
(1.,0.707106781186548,1.),
(1.,0.707106781186548,1.),
(1.,0.73901825269788,1.),
(1.,0.73901825269788,1.),
(1.,0.769094500660426,1.),
(1.,0.769094500660426,1.),
(1.,0.797056475437312,1.),
(1.,0.797056475437312,1.),
(1.,0.822664388008036,1.),
(1.,0.822664388008036,1.),
(1.,0.845712520475155,1.),
(1.,0.845712520475155,1.),
(1.,0.866025403784439,1.),
(1.,0.866025403784439,1.),
(1.,0.883455014926321,1.),
(1.,0.883455014926321,1.),
(1.,0.89787873226171,1.),
(1.,0.89787873226171,1.),
(1.,0.909197855925263,1.),
(1.,0.909197855925263,1.),
(1.,0.917336552714493,1.),
(1.,0.917336552714493,1.),
(1.,0.922241124828528,1.),
(1.,0.922241124828528,1.),
(1.,0.923879532511286,1.),
(1.,0.923879532511286,1.),
(1.,0.922241124828528,1.),
(1.,0.922241124828528,1.),
(1.,0.917336552714493,1.),
(1.,0.917336552714493,1.),
(1.,0.909197855925262,1.),
(1.,0.909197855925262,1.),
(1.,0.897878732261711,1.),
(1.,0.897878732261711,1.),
(1.,0.883455014926321,1.),
(1.,0.883455014926321,1.),
(1.,0.866025403784439,1.),
(1.,0.866025403784439,1.),
(1.,0.845712520475155,1.),
(1.,0.845712520475155,1.),
(1.,0.822664388008036,1.),
(1.,0.822664388008036,1.),
(1.,0.797056475437312,1.),
(1.,0.797056475437312,1.),
(1.,0.769094500660426,1.),
(1.,0.769094500660426,1.),
(1.,0.739018252697881,1.),
(1.,0.739018252697881,1.),
(1.,0.707106781186548,1.),
(1.,0.707106781186548,1.),
(1.,0.673685402973354,1.),
(1.,0.673685402973354,1.),
(1.,0.639135078879176,1.),
(1.,0.639135078879176,1.),
(1.,0.603904773092125,1.),
(1.,0.603904773092125,1.),
(1.,0.568527312187693,1.),
(1.,0.568527312187693,1.),
(1.,0.533638766125138,1.),
(1.,0.533638766125138,1.),
(1.,0.500000000000001,1.),
(1.,0.500000000000001,1.),
(1.,0.468515993965558,1.),
(1.,0.468515993965558,1.),
(1.,0.44024286723592,1.),
(1.,0.44024286723592,1.),
(1.,0.416364334184504,1.),
(1.,0.416364334184504,1.),
(1.,0.398112608509062,1.),
(1.,0.398112608509062,1.),
(1.,0.386615193280104,1.),
(1.,0.386615193280104,1.),
(1.,0.38268343236509,1.),
(1.,0.38268343236509,1.)))REPRESENTATION_ITEM('')SURFACE());
#4104=CARTESIAN_POINT('',(58.8994949366127,94.4999999999987,130.100505063387));
#4105=CARTESIAN_POINT('',(70.8492424049185,94.4999999999988,118.150757595081));
#4106=CARTESIAN_POINT('',(70.8492424049186,94.4999999999987,135.050252531693));
#4107=CARTESIAN_POINT('',(58.8994949367854,95.55048657171,130.100505063128));
#4108=CARTESIAN_POINT('',(70.8492424055293,94.507674380562,118.150757595334));
#4109=CARTESIAN_POINT('',(70.8492424048754,95.2450539524396,135.05025253152));
#4110=CARTESIAN_POINT('',(58.9683471275298,96.6009680072381,130.03165287247));
#4111=CARTESIAN_POINT('',(70.771661347712,94.5290072209889,118.269239119898));
#4112=CARTESIAN_POINT('',(70.8980755821758,95.9901042623827,134.981400340776));
#4113=CARTESIAN_POINT('',(59.2425791518777,98.6839670341561,129.757420848122));
#4114=CARTESIAN_POINT('',(70.6548042133422,94.643160361871,118.304295319048));
#4115=CARTESIAN_POINT('',(71.0925736930766,97.4674640879308,134.707168316428));
#4116=CARTESIAN_POINT('',(59.4479576445294,99.7164744411067,129.55204235547));
#4117=CARTESIAN_POINT('',(70.4632176152545,94.8310629584604,118.611833134657));
#4118=CARTESIAN_POINT('',(71.2382376756857,98.1997663803694,134.501789823863));
#4119=CARTESIAN_POINT('',(59.9917295073038,101.745858660613,129.008270492696));
#4120=CARTESIAN_POINT('',(70.3069166061785,95.2003180102708,118.61803264391));
#4121=CARTESIAN_POINT('',(71.6239059808062,99.6391000899148,133.958017960916));
#4122=CARTESIAN_POINT('',(60.3301202187442,102.742725550944,128.669879781299));
#4123=CARTESIAN_POINT('',(70.099014679158,95.6441622692384,118.999361480747));
#4124=CARTESIAN_POINT('',(71.8639084176491,100.346124469727,133.619627249518));
#4125=CARTESIAN_POINT('',(61.1341278325545,104.683771636519,127.865872167402));
#4126=CARTESIAN_POINT('',(70.0177033153594,96.3301228737489,118.883920524735));
#4127=CARTESIAN_POINT('',(72.4341480254193,101.722804664624,132.815619635794));
#4128=CARTESIAN_POINT('',(61.5997408038706,105.627941341341,127.400259196043));
#4129=CARTESIAN_POINT('',(69.8955557543516,97.0222719763171,119.2147099378));
#4130=CARTESIAN_POINT('',(72.7643824082602,102.392453748641,132.350006664435));
#4131=CARTESIAN_POINT('',(62.6502273756293,107.447437456197,126.349772624457));
#4132=CARTESIAN_POINT('',(69.9935939095009,97.9945355414283,118.896140398347));
#4133=CARTESIAN_POINT('',(73.5094363608335,103.682925048897,131.299520092676));
#4134=CARTESIAN_POINT('',(63.2350958397893,108.322754970103,125.764904160254));
#4135=CARTESIAN_POINT('',(70.0267570419621,98.8632075271126,119.085792546079));
#4136=CARTESIAN_POINT('',(73.9242522878,104.303740955657,130.714651628473));
#4137=CARTESIAN_POINT('',(64.5140872529062,109.989569031329,124.485912747051));
#4138=CARTESIAN_POINT('',(70.372290055262,100.035952384442,118.515160356697));
#4139=CARTESIAN_POINT('',(74.8313725055844,105.485923039653,129.435660215443));
#4140=CARTESIAN_POINT('',(65.2082039483686,110.781057428966,123.791796051631));
#4141=CARTESIAN_POINT('',(70.5898983689379,100.989549230646,118.518088369052));
#4142=CARTESIAN_POINT('',(75.3236723611768,106.047283436856,128.741543519851));
#4143=CARTESIAN_POINT('',(66.6938163051866,112.266669785784,122.306183694813));
#4144=CARTESIAN_POINT('',(71.2116168212289,102.259188110879,117.680396440781));
#4145=CARTESIAN_POINT('',(76.3773377656017,107.100948841281,127.255931163206));
#4146=CARTESIAN_POINT('',(67.48530470291,112.960786481289,121.51469529709));
#4147=CARTESIAN_POINT('',(71.6119518348789,103.215109649215,117.487256869845));
#4148=CARTESIAN_POINT('',(76.9386981628055,107.593248696874,126.464442765396));
#4149=CARTESIAN_POINT('',(69.1521187639626,114.23977789432,119.847881236037));
#4150=CARTESIAN_POINT('',(72.5075185897737,104.483867854057,116.393272705502));
#4151=CARTESIAN_POINT('',(78.1208802468009,108.500368914658,124.797628704343));
#4152=CARTESIAN_POINT('',(70.027436277912,114.824646358523,118.972563722088));
#4153=CARTESIAN_POINT('',(73.0710241607392,105.379203613151,116.017250630645));
#4154=CARTESIAN_POINT('',(78.7416961535606,108.915184841625,123.922311190307));
#4155=CARTESIAN_POINT('',(71.8469323928541,115.875132930282,117.153067607146));
#4156=CARTESIAN_POINT('',(74.2175580724002,106.565189729536,114.694167136215));
#4157=CARTESIAN_POINT('',(80.0321674538172,109.660238794198,122.102815075538));
#4158=CARTESIAN_POINT('',(72.7911020976337,116.340745901554,116.208897902366));
#4159=CARTESIAN_POINT('',(74.9166830610259,107.356737013265,114.159935405526));
#4160=CARTESIAN_POINT('',(80.7018165378337,109.990473177039,121.158645370586));
#4161=CARTESIAN_POINT('',(74.732148183208,117.144753515451,114.267851816792));
#4162=CARTESIAN_POINT('',(76.2791431250818,108.395997285065,112.644238408366));
#4163=CARTESIAN_POINT('',(82.0784967327309,110.560712784809,119.217599285184));
#4164=CARTESIAN_POINT('',(75.7290150734963,117.483144226848,113.270984926504));
#4165=CARTESIAN_POINT('',(77.0840879133549,109.056365228025,111.981068708705));
#4166=CARTESIAN_POINT('',(82.7855211125001,110.800715221609,118.22073239481));
#4167=CARTESIAN_POINT('',(77.7583992930887,118.026916089623,111.241600706911));
#4168=CARTESIAN_POINT('',(78.6209047679894,109.901465207557,110.31393860995));
#4169=CARTESIAN_POINT('',(84.2248548221318,111.186383526816,116.191348175217));
#4170=CARTESIAN_POINT('',(78.7909066999915,118.232294582274,110.209093300008));
#4171=CARTESIAN_POINT('',(79.5024146645946,110.414803875017,109.552016323433));
#4172=CARTESIAN_POINT('',(84.9571571145671,111.332047509424,115.158840768228));
#4173=CARTESIAN_POINT('',(80.8739057269187,118.506526606623,108.126094273081));
#4174=CARTESIAN_POINT('',(81.1689850428491,111.032438362021,107.776583969123));
#4175=CARTESIAN_POINT('',(86.4345169400354,111.52654562024,113.075841741474));
#4176=CARTESIAN_POINT('',(81.9243871624811,118.575378797539,107.075612837519));
#4177=CARTESIAN_POINT('',(82.0994682578045,111.391033904684,106.945261313613));
#4178=CARTESIAN_POINT('',(87.179567249886,111.575378797539,112.025360305738));
#4179=CARTESIAN_POINT('',(84.0253603058258,118.575378797539,104.974639694174));
#4180=CARTESIAN_POINT('',(83.8502792105024,111.759723690394,105.10499121808));
#4181=CARTESIAN_POINT('',(88.6696751550326,111.575378797539,109.924387162566));
#4182=CARTESIAN_POINT('',(85.0758417413882,118.506526606623,103.924158258612));
#4183=CARTESIAN_POINT('',(84.8041218680783,111.961619997483,104.232054402448));
#4184=CARTESIAN_POINT('',(89.4147254648399,111.52654562024,108.873905726831));
#4185=CARTESIAN_POINT('',(87.1588407683154,118.232294582274,101.841159231685));
#4186=CARTESIAN_POINT('',(86.5940809853366,112.069813612482,102.369742744137));
#4187=CARTESIAN_POINT('',(90.8920852903946,111.332047509424,106.790906700077));
#4188=CARTESIAN_POINT('',(88.1913481753046,118.026916089623,100.808651824739));
#4189=CARTESIAN_POINT('',(87.547645103244,112.117258434093,101.481147044794));
#4190=CARTESIAN_POINT('',(91.6243875828299,111.186383526772,105.758399293001));
#4191=CARTESIAN_POINT('',(90.2207323947243,117.483144226848,98.7792676052325));
#4192=CARTESIAN_POINT('',(89.3329782704083,111.96184974939,99.6382295815537));
#4193=CARTESIAN_POINT('',(93.0637212923753,110.800715221652,103.729015073582));
#4194=CARTESIAN_POINT('',(91.217599285142,117.144753515451,97.7824007149011));
#4195=CARTESIAN_POINT('',(90.2645183160802,111.860309844802,98.7580172140585));
#4196=CARTESIAN_POINT('',(93.7707456721877,110.560712784809,102.732148183121));
#4197=CARTESIAN_POINT('',(93.1586453706301,116.340745901554,95.8413546293267));
#4198=CARTESIAN_POINT('',(92.0034403822236,111.445484468443,96.9740240876376));
#4199=CARTESIAN_POINT('',(95.1474258670848,109.990473177039,100.791102097719));
#4200=CARTESIAN_POINT('',(94.1028150754528,115.875132930282,94.897184924504));
#4201=CARTESIAN_POINT('',(92.8930366730358,111.203020581602,96.1242908553865));
#4202=CARTESIAN_POINT('',(95.8170749510582,109.660238794198,99.8469323927667));
#4203=CARTESIAN_POINT('',(95.9223111903949,114.824646358523,93.0776888096483));
#4204=CARTESIAN_POINT('',(94.5463031551849,110.539331732217,94.4363693163928));
#4205=CARTESIAN_POINT('',(97.1075462514011,108.915184841625,98.0274362779974));
#4206=CARTESIAN_POINT('',(96.7976287043011,114.23977789432,92.2023712956989));
#4207=CARTESIAN_POINT('',(95.3758426397056,110.166186034153,93.6372253035881));
#4208=CARTESIAN_POINT('',(97.7283621581177,108.500368914615,97.1521187639615));
#4209=CARTESIAN_POINT('',(98.4644427654401,112.960786481289,90.5355572345599));
#4210=CARTESIAN_POINT('',(96.9072346705676,109.269776793127,92.0796973861387));
#4211=CARTESIAN_POINT('',(98.9105442421131,107.593248696917,95.4853047029089));
#4212=CARTESIAN_POINT('',(99.2559311631203,112.266669785784,89.7440688368796));
#4213=CARTESIAN_POINT('',(97.6604394371419,108.778076712489,91.3492055492123));
#4214=CARTESIAN_POINT('',(99.4719046392737,107.100948841281,94.6938163050991));
#4215=CARTESIAN_POINT('',(100.741543519938,110.781057428966,88.2584564800617));
#4216=CARTESIAN_POINT('',(99.0372036003796,107.669987211186,89.9531514132662));
#4217=CARTESIAN_POINT('',(100.525570043785,106.047283436856,93.2082039484539));
#4218=CARTESIAN_POINT('',(101.435660215444,109.989569031285,87.5643397845993));
#4219=CARTESIAN_POINT('',(99.6996958917526,107.073506137798,89.3072451916265));
#4220=CARTESIAN_POINT('',(101.017869899377,105.485923039653,92.5140872528619));
#4221=CARTESIAN_POINT('',(102.714651628474,108.322754970146,86.2853483714824));
#4222=CARTESIAN_POINT('',(100.892944669054,105.779023483855,88.1001142475671));
#4223=CARTESIAN_POINT('',(101.924990117075,104.303740955657,91.2350958398314));
#4224=CARTESIAN_POINT('',(103.299520092721,107.447437456197,85.7004799072792));
#4225=CARTESIAN_POINT('',(101.452334215617,105.09296316139,87.5525020068321));
#4226=CARTESIAN_POINT('',(102.339806044085,103.682925048897,90.6502273756282));
#4227=CARTESIAN_POINT('',(104.350006664393,105.627941341341,84.6499933356069));
#4228=CARTESIAN_POINT('',(102.437404981078,103.640986915941,86.5577587964727));
#4229=CARTESIAN_POINT('',(103.084859996658,102.392453748641,89.5997408038696));
#4230=CARTESIAN_POINT('',(104.815619635709,104.683771636519,84.1843803642476));
#4231=CARTESIAN_POINT('',(102.883385148066,102.881761974826,86.1198246252389));
#4232=CARTESIAN_POINT('',(103.415094379499,101.722804664581,89.1341278325103));
#4233=CARTESIAN_POINT('',(105.619627249606,102.742725550944,83.3803727504374));
#4234=CARTESIAN_POINT('',(103.640152330064,101.304169035599,85.3566378966316));
#4235=CARTESIAN_POINT('',(103.985333987269,100.34612446977,88.3301202187864));
#4236=CARTESIAN_POINT('',(105.958017961003,101.745858660656,83.0419820389969));
#4237=CARTESIAN_POINT('',(103.964593594116,100.489183976567,85.0373477735961));
#4238=CARTESIAN_POINT('',(104.225336424112,99.6391000899579,87.9917295073891));
#4239=CARTESIAN_POINT('',(106.501789823778,99.7164744410635,82.4982101762225));
#4240=CARTESIAN_POINT('',(104.477727705612,98.8201846066073,84.5203309266757));
#4241=CARTESIAN_POINT('',(104.611004729233,98.1997663803262,87.447957644442));
#4242=CARTESIAN_POINT('',(106.707168316429,98.6839670341607,82.2928316835714));
#4243=CARTESIAN_POINT('',(104.674759324991,97.967599698201,84.3261518758121));
#4244=CARTESIAN_POINT('',(104.756668711841,97.4674640878909,87.2425791518772));
#4245=CARTESIAN_POINT('',(106.981400340778,96.6009680072335,82.0185996592223));
#4246=CARTESIAN_POINT('',(104.933926964787,96.2430819361238,84.0651618344096));
#4247=CARTESIAN_POINT('',(104.951166822743,95.9901042624226,86.9683471275281));
#4248=CARTESIAN_POINT('',(107.050252531694,95.5504865717143,81.9497474683058));
#4249=CARTESIAN_POINT('',(105.,95.3715682858938,84.));
#4250=CARTESIAN_POINT('',(105.,95.2450539526584,86.8994949366117));
#4251=CARTESIAN_POINT('',(107.050252531694,93.4495134282832,81.9497474683058));
#4252=CARTESIAN_POINT('',(105.,93.6284317141037,84.));
#4253=CARTESIAN_POINT('',(105.,93.7549460473391,86.8994949366117));
#4254=CARTESIAN_POINT('',(106.981400340778,92.399031992764,82.0185996591791));
#4255=CARTESIAN_POINT('',(104.933926964697,92.7569180637837,84.065161834433));
#4256=CARTESIAN_POINT('',(104.951166822743,93.0098957375749,86.9683471275281));
#4257=CARTESIAN_POINT('',(106.707168316429,90.3160329658368,82.2928316836146));
#4258=CARTESIAN_POINT('',(104.674759325081,91.0324003018865,84.3261518757887));
#4259=CARTESIAN_POINT('',(104.756668711841,91.5325359121066,87.2425791518772));
#4260=CARTESIAN_POINT('',(106.501789823734,89.283525558934,82.4982101762225));
#4261=CARTESIAN_POINT('',(104.477727705636,90.1798153933902,84.5203309267189));
#4262=CARTESIAN_POINT('',(104.611004729233,90.8002336196713,87.4479576445283));
#4263=CARTESIAN_POINT('',(105.958017961046,87.2541413393416,83.0419820389969));
#4264=CARTESIAN_POINT('',(103.964593594093,88.5108160234308,85.0373477735529));
#4265=CARTESIAN_POINT('',(104.225336424112,89.3608999100395,87.9917295073028));
#4266=CARTESIAN_POINT('',(105.619627249563,86.2572744490534,83.3803727504373));
#4267=CARTESIAN_POINT('',(103.640152329997,87.6958309643076,85.3566378966316));
#4268=CARTESIAN_POINT('',(103.985333987269,88.6538755302272,88.3301202187864));
#4269=CARTESIAN_POINT('',(104.815619635752,84.316228363479,84.1843803642476));
#4270=CARTESIAN_POINT('',(102.883385148133,86.1182380252619,86.1198246252388));
#4271=CARTESIAN_POINT('',(103.415094379499,87.2771953354164,89.1341278325103));
#4272=CARTESIAN_POINT('',(104.350006664393,83.3720586586562,84.6499933355637));
#4273=CARTESIAN_POINT('',(102.437404981169,85.3590130840561,86.5577587964967));
#4274=CARTESIAN_POINT('',(103.084859996658,86.6075462513567,89.5997408038695));
#4275=CARTESIAN_POINT('',(103.299520092721,81.5525625438005,85.7004799073224));
#4276=CARTESIAN_POINT('',(101.452334215526,83.9070368386078,87.5525020068081));
#4277=CARTESIAN_POINT('',(102.339806044085,85.3170749511001,90.6502273756282));
#4278=CARTESIAN_POINT('',(102.714651628518,80.6772450298511,86.2853483714824));
#4279=CARTESIAN_POINT('',(100.892944669097,83.2209765161429,88.1001142475239));
#4280=CARTESIAN_POINT('',(101.924990117119,84.6962590443403,91.2350958397451));
#4281=CARTESIAN_POINT('',(101.435660215401,79.0104309687121,87.5643397845993));
#4282=CARTESIAN_POINT('',(99.6996958917094,81.9264938621992,89.3072451916696));
#4283=CARTESIAN_POINT('',(101.017869899334,83.5140769603449,92.5140872529483));
#4284=CARTESIAN_POINT('',(100.741543519938,78.2189425710319,88.2584564800617));
#4285=CARTESIAN_POINT('',(99.0372036004045,81.3300127888797,89.9531514132662));
#4286=CARTESIAN_POINT('',(100.525570043742,82.9527165631843,93.2082039484539));
#4287=CARTESIAN_POINT('',(99.2559311631203,76.7333302142139,89.7440688368796));
#4288=CARTESIAN_POINT('',(97.6604394371169,80.2219232874405,91.3492055492123));
#4289=CARTESIAN_POINT('',(99.4719046393169,81.8990511586731,94.6938163050991));
#4290=CARTESIAN_POINT('',(98.4644427654833,76.0392135187515,90.5355572345167));
#4291=CARTESIAN_POINT('',(96.9072346704478,79.7302232069138,92.0796973860268));
#4292=CARTESIAN_POINT('',(98.9105442421131,81.4067513031239,95.4853047028226));
#4293=CARTESIAN_POINT('',(96.797628704258,74.7602221056346,92.202371295742));
#4294=CARTESIAN_POINT('',(95.3758426398253,78.8338139658013,93.6372253037));
#4295=CARTESIAN_POINT('',(97.7283621581177,80.4996310853395,97.1521187640479));
#4296=CARTESIAN_POINT('',(95.9223111903517,74.1753536414314,93.0776888096051));
#4297=CARTESIAN_POINT('',(94.5463031553762,78.4606682678757,94.4363693163233));
#4298=CARTESIAN_POINT('',(97.1075462514443,80.0848151584161,98.0274362779973));
#4299=CARTESIAN_POINT('',(94.102815075496,73.1248670697591,94.8971849245472));
#4300=CARTESIAN_POINT('',(92.8930366728445,77.7969794182994,96.1242908554559));
#4301=CARTESIAN_POINT('',(95.817074951015,79.3397612057565,99.8469323927667));
#4302=CARTESIAN_POINT('',(93.1586453706301,72.6592540983998,95.8413546293699));
#4303=CARTESIAN_POINT('',(92.0034403821534,77.5545155315817,96.9740240876105));
#4304=CARTESIAN_POINT('',(95.1474258670416,79.0095268229588,100.791102097719));
#4305=CARTESIAN_POINT('',(91.217599285142,71.8552464845895,97.782400714858));
#4306=CARTESIAN_POINT('',(90.2645183161505,77.1396901551687,98.7580172140856));
#4307=CARTESIAN_POINT('',(93.7707456722308,78.4392872151886,102.732148183121));
#4308=CARTESIAN_POINT('',(90.2207323947243,71.5168557731491,98.7792676052325));
#4309=CARTESIAN_POINT('',(89.332978270309,77.0381502506074,99.6382295815537));
#4310=CARTESIAN_POINT('',(93.0637212923753,78.1992847783456,103.729015073582));
#4311=CARTESIAN_POINT('',(88.1913481753046,70.9730839103747,100.808651824739));
#4312=CARTESIAN_POINT('',(87.5476451033433,76.8827415659046,101.481147044794));
#4313=CARTESIAN_POINT('',(91.6243875828299,77.8136164732251,105.758399293001));
#4314=CARTESIAN_POINT('',(87.1588407683154,70.7677054177235,101.841159231685));
#4315=CARTESIAN_POINT('',(86.5940809851334,76.9301863875159,102.369742744137));
#4316=CARTESIAN_POINT('',(90.8920852903946,77.6679524905734,106.790906700077));
#4317=CARTESIAN_POINT('',(85.0758417413882,70.4934733933745,103.924158258612));
#4318=CARTESIAN_POINT('',(84.8041218682815,77.0383800025141,104.232054402448));
#4319=CARTESIAN_POINT('',(89.4147254648399,77.473454379758,108.873905726831));
#4320=CARTESIAN_POINT('',(84.025360305869,70.424621202458,104.974639694174));
#4321=CARTESIAN_POINT('',(83.8502792105456,77.240276309603,105.104991218037));
#4322=CARTESIAN_POINT('',(88.6696751550758,77.424621202458,109.92438716248));
#4323=CARTESIAN_POINT('',(81.9243871624379,70.424621202458,107.075612837519));
#4324=CARTESIAN_POINT('',(82.0994682577613,77.608966095313,106.945261313656));
#4325=CARTESIAN_POINT('',(87.1795672498428,77.424621202458,112.025360305825));
#4326=CARTESIAN_POINT('',(80.8739057269187,70.4934733933313,108.126094273081));
#4327=CARTESIAN_POINT('',(81.1689850427418,77.9675616379017,107.776583969123));
#4328=CARTESIAN_POINT('',(86.4345169400354,77.473454379758,113.075841741474));
#4329=CARTESIAN_POINT('',(78.7909066999915,70.7677054177667,110.209093300008));
#4330=CARTESIAN_POINT('',(79.5024146647019,78.5851961250552,109.552016323433));
#4331=CARTESIAN_POINT('',(84.9571571145671,77.6679524905734,115.158840768228));
#4332=CARTESIAN_POINT('',(77.7583992930887,70.9730839103747,111.241600706911));
#4333=CARTESIAN_POINT('',(78.6209047679894,79.0985347926285,110.313938609729));
#4334=CARTESIAN_POINT('',(84.2248548221318,77.8136164732251,116.191348175217));
#4335=CARTESIAN_POINT('',(75.7290150734963,71.5168557731491,113.270984926504));
#4336=CARTESIAN_POINT('',(77.0840879133549,79.943634771785,111.981068708927));
#4337=CARTESIAN_POINT('',(82.7855211125001,78.1992847783456,118.220732394809));
#4338=CARTESIAN_POINT('',(74.7321481831649,71.8552464845464,114.267851816792));
#4339=CARTESIAN_POINT('',(76.2791431250387,80.6040027147031,112.64423840828));
#4340=CARTESIAN_POINT('',(82.0784967326877,78.4392872151886,119.217599285011));
#4341=CARTESIAN_POINT('',(72.7911020976769,72.659254098443,116.208897902366));
#4342=CARTESIAN_POINT('',(74.9166830610691,81.6432629869622,114.159935405612));
#4343=CARTESIAN_POINT('',(80.7018165378769,79.0095268229588,121.158645370758));
#4344=CARTESIAN_POINT('',(71.8469323928541,73.124867069759,117.153067607146));
#4345=CARTESIAN_POINT('',(74.2175580726384,82.4348102701855,114.694167135891));
#4346=CARTESIAN_POINT('',(80.0321674538172,79.3397612057996,122.102815075365));
#4347=CARTESIAN_POINT('',(70.0274362779121,74.1753536414314,118.972563722088));
#4348=CARTESIAN_POINT('',(73.0710241605009,83.6207963871223,116.01725063097));
#4349=CARTESIAN_POINT('',(78.7416961535606,80.0848151583729,123.92231119048));
#4350=CARTESIAN_POINT('',(69.152118764049,74.7602221056778,119.847881235951));
#4351=CARTESIAN_POINT('',(72.5075185896928,84.5161321459404,116.393272705583));
#4352=CARTESIAN_POINT('',(78.1208802468009,80.4996310853395,124.797628704343));
#4353=CARTESIAN_POINT('',(67.4853047028237,76.0392135187083,121.514695297176));
#4354=CARTESIAN_POINT('',(71.6119518349598,85.7848903507821,117.487256869764));
#4355=CARTESIAN_POINT('',(76.9386981628055,81.4067513031239,126.464442765396));
#4356=CARTESIAN_POINT('',(66.6938163051866,76.7333302142139,122.306183694813));
#4357=CARTESIAN_POINT('',(71.2116168213152,86.740811888859,117.680396440694));
#4358=CARTESIAN_POINT('',(76.3773377656449,81.8990511587162,127.255931163033));
#4359=CARTESIAN_POINT('',(65.2082039483686,78.2189425710318,123.791796051631));
#4360=CARTESIAN_POINT('',(70.5898983688516,88.01045076961,118.518088369139));
#4361=CARTESIAN_POINT('',(75.3236723611336,82.9527165631412,128.741543520024));
#4362=CARTESIAN_POINT('',(64.514087252863,79.0104309686689,124.485912747137));
#4363=CARTESIAN_POINT('',(70.3722900551728,88.9640476156906,118.515160356604));
#4364=CARTESIAN_POINT('',(74.8313725055844,83.5140769603449,129.435660215443));
#4365=CARTESIAN_POINT('',(63.2350958398325,80.6772450298942,125.764904160167));
#4366=CARTESIAN_POINT('',(70.0267570420514,90.1367924727496,119.085792546171));
#4367=CARTESIAN_POINT('',(73.9242522878,84.6962590443403,130.714651628473));
#4368=CARTESIAN_POINT('',(62.6502273755861,81.5525625438005,126.349772624371));
#4369=CARTESIAN_POINT('',(69.9935939092674,91.0054644585692,118.896140398163));
#4370=CARTESIAN_POINT('',(73.5094363608335,85.3170749511001,131.299520092676));
#4371=CARTESIAN_POINT('',(61.5997408039138,83.3720586586562,127.400259196129));
#4372=CARTESIAN_POINT('',(69.895555754585,91.9777280236805,119.214709937985));
#4373=CARTESIAN_POINT('',(72.7643824082602,86.6075462513567,132.350006664435));
#4374=CARTESIAN_POINT('',(61.1341278325545,84.3162283634789,127.865872167402));
#4375=CARTESIAN_POINT('',(70.0177033152125,92.6698771263436,118.883920524735));
#4376=CARTESIAN_POINT('',(72.4341480254193,87.2771953354164,132.815619635794));
#4377=CARTESIAN_POINT('',(60.3301202187442,86.2572744490533,128.669879781299));
#4378=CARTESIAN_POINT('',(70.0990146793049,93.3558377306641,118.999361480747));
#4379=CARTESIAN_POINT('',(71.8639084176491,88.6538755302272,133.619627249518));
#4380=CARTESIAN_POINT('',(59.9917295073038,87.2541413393848,129.008270492696));
#4381=CARTESIAN_POINT('',(70.3069166060269,93.7996819897267,118.61803264391));
#4382=CARTESIAN_POINT('',(71.6239059808062,89.3608999100827,133.958017960916));
#4383=CARTESIAN_POINT('',(59.4479576445294,89.2835255588908,129.55204235547));
#4384=CARTESIAN_POINT('',(70.4632176154062,94.168937041537,118.611833134657));
#4385=CARTESIAN_POINT('',(71.2382376756857,90.8002336196281,134.501789823863));
#4386=CARTESIAN_POINT('',(59.2425791518783,90.3160329658368,129.757420848122));
#4387=CARTESIAN_POINT('',(70.6548042133419,94.3568396379713,118.304295319048));
#4388=CARTESIAN_POINT('',(71.0925736930771,91.5325359120634,134.707168316427));
#4389=CARTESIAN_POINT('',(58.9683471275292,92.399031992764,130.031652872471));
#4390=CARTESIAN_POINT('',(70.7716613477123,94.4709927791636,118.269239119897));
#4391=CARTESIAN_POINT('',(70.8980755821754,93.0098957376181,134.981400340777));
#4392=CARTESIAN_POINT('',(58.8994949367854,93.4495134282401,130.100505063128));
#4393=CARTESIAN_POINT('',(70.8492424055293,94.4923256185958,118.150757595334));
#4394=CARTESIAN_POINT('',(70.8492424048754,93.7549460471664,135.05025253152));
#4395=CARTESIAN_POINT('',(58.8994949366127,94.4999999999987,130.100505063387));
#4396=CARTESIAN_POINT('',(70.8492424049185,94.4999999999988,118.150757595081));
#4397=CARTESIAN_POINT('',(70.8492424049186,94.4999999999987,135.050252531693));
#4398=FACE_BOUND('',#4399,.T.);
#4399=EDGE_LOOP('',(#6097,#6098,#6099));
#4400=(BOUNDED_SURFACE()B_SPLINE_SURFACE(3,2,(
(#4401,#4402,#4403),
(#4404,#4405,#4406),
(#4407,#4408,#4409),
(#4410,#4411,#4412),
(#4413,#4414,#4415),
(#4416,#4417,#4418),
(#4419,#4420,#4421),
(#4422,#4423,#4424),
(#4425,#4426,#4427),
(#4428,#4429,#4430),
(#4431,#4432,#4433),
(#4434,#4435,#4436),
(#4437,#4438,#4439),
(#4440,#4441,#4442),
(#4443,#4444,#4445),
(#4446,#4447,#4448)),
.UNSPECIFIED.,.F.,.F.,.F.)B_SPLINE_SURFACE_WITH_KNOTS((4,2,2,2,2,2,2,4),
(3,3),
(-1.27089277199323,-0.635446385996617,2.22044604925031E-16,0.788214487507544,1.57642897501509,
2.22014045845932,2.86385194190354,2.87558112462281),
(0.,1.),
.UNSPECIFIED.)GEOMETRIC_REPRESENTATION_ITEM()RATIONAL_B_SPLINE_SURFACE((
(1.,0.774661329007941,1.),
(1.,0.774661329007941,1.),
(1.,0.829589956951088,1.),
(1.,0.829589956951088,1.),
(1.,0.882202992907308,1.),
(1.,0.882202992907308,1.),
(1.,0.936670584266795,1.),
(1.,0.936670584266795,1.),
(1.,0.97518407625074,1.),
(1.,0.97518407625074,1.),
(1.,0.993664067499847,1.),
(1.,0.993664067499847,1.),
(1.,0.999997999998,1.),
(1.,0.999997999998,1.),
(1.,1.,1.),
(1.,1.,1.)))REPRESENTATION_ITEM('')SURFACE());
#4401=CARTESIAN_POINT('',(97.1749984226472,80.1473318730009,95.9119324399898));
#4402=CARTESIAN_POINT('',(95.6521922871306,79.1658745535602,90.4924456504348));
#4403=CARTESIAN_POINT('',(98.3802975863732,74.2634988945224,89.407462502027));
#4404=CARTESIAN_POINT('',(98.0299633788614,80.6983616980548,95.4325159696535));
#4405=CARTESIAN_POINT('',(96.3832124062692,79.5522692397466,90.3964639839595));
#4406=CARTESIAN_POINT('',(99.1035707377666,75.0404217421826,89.119812628845));
#4407=CARTESIAN_POINT('',(98.794050961355,81.2972373186785,94.8518468102668));
#4408=CARTESIAN_POINT('',(97.218034196321,79.9673037849719,90.2645399439043));
#4409=CARTESIAN_POINT('',(99.749964530978,75.8848046074786,88.7714111248283));
#4410=CARTESIAN_POINT('',(100.181512560557,82.5741432223887,93.5436375471804));
#4411=CARTESIAN_POINT('',(98.6962987902094,81.0867711540076,89.6760926379446));
#4412=CARTESIAN_POINT('',(100.923712906469,77.6851742312822,87.986485565706));
#4413=CARTESIAN_POINT('',(100.804276957199,83.2524044300618,92.8152419796243));
#4414=CARTESIAN_POINT('',(99.4766501383159,81.7022463028047,89.3193435479471));
#4415=CARTESIAN_POINT('',(101.450551776733,78.641486572986,87.5494482245371));
#4416=CARTESIAN_POINT('',(102.059773586004,84.8544845005819,91.0450582913791));
#4417=CARTESIAN_POINT('',(100.995966994932,83.3184367163908,88.2570846166188));
#4418=CARTESIAN_POINT('',(102.512661983988,80.9003345361061,86.4873380144362));
#4419=CARTESIAN_POINT('',(102.635963298825,85.7676663067054,90.0039597682688));
#4420=CARTESIAN_POINT('',(101.777198146518,84.2866188400509,87.5758432735477));
#4421=CARTESIAN_POINT('',(103.000100153117,82.1878724653558,85.862678899467));
#4422=CARTESIAN_POINT('',(103.597371503425,87.6412730010737,87.8326922724357));
#4423=CARTESIAN_POINT('',(103.045531739502,86.3733124972663,86.0355624747149));
#4424=CARTESIAN_POINT('',(103.813420910823,84.8295585696319,84.5599184010217));
#4425=CARTESIAN_POINT('',(103.981897097417,88.6017669657461,86.7020235846272));
#4426=CARTESIAN_POINT('',(103.582980842043,87.4766244532036,85.1939380670799));
#4427=CARTESIAN_POINT('',(104.138717332454,86.1838041254772,83.8815171802212));
#4428=CARTESIAN_POINT('',(104.519294402173,90.390237229338,84.5791740366266));
#4429=CARTESIAN_POINT('',(104.323619793463,89.5736848622325,83.5632209778456));
#4430=CARTESIAN_POINT('',(104.593338354958,88.705452394294,82.6078074670226));
#4431=CARTESIAN_POINT('',(104.697645734516,91.1974711256952,83.6146705643038));
#4432=CARTESIAN_POINT('',(104.575175373884,90.5334923536977,82.8067166856225));
#4433=CARTESIAN_POINT('',(104.744217909763,89.8436093819107,82.029105376493));
#4434=CARTESIAN_POINT('',(104.936932783332,92.8200286907995,81.6701787615986));
#4435=CARTESIAN_POINT('',(104.910716422748,92.4757925773364,81.2661564683249));
#4436=CARTESIAN_POINT('',(104.946647140521,92.1313295229049,80.8624102951272));
#4437=CARTESIAN_POINT('',(104.9978261539,93.6401877104827,80.6843239399598));
#4438=CARTESIAN_POINT('',(104.996934997001,93.4639510256228,80.4776082756002));
#4439=CARTESIAN_POINT('',(104.998160994797,93.287710257429,80.2708974020732));
#4440=CARTESIAN_POINT('',(104.999981062974,94.4705463426147,79.6861634059406));
#4441=CARTESIAN_POINT('',(104.999973299767,94.4645091234355,79.6790822440246));
#4442=CARTESIAN_POINT('',(104.999983979889,94.4584719046711,79.6720010815962));
#4443=CARTESIAN_POINT('',(104.999999999988,94.4852289807836,79.6685136143522));
#4444=CARTESIAN_POINT('',(104.999999999988,94.4822013133428,79.6649624104302));
#4445=CARTESIAN_POINT('',(104.999999999988,94.4791736459137,79.6614112065083));
#4446=CARTESIAN_POINT('',(105.,94.4999999999987,79.6507575950825));
#4447=CARTESIAN_POINT('',(105.,94.4999999999987,79.6507575950825));
#4448=CARTESIAN_POINT('',(105.,94.4999999999987,79.6507575950825));
#4449=FACE_BOUND('',#4450,.T.);
#4450=EDGE_LOOP('',(#6100,#6101,#6102));
#4451=(BOUNDED_SURFACE()B_SPLINE_SURFACE(3,2,(
(#4452,#4453,#4454),
(#4455,#4456,#4457),
(#4458,#4459,#4460),
(#4461,#4462,#4463),
(#4464,#4465,#4466),
(#4467,#4468,#4469),
(#4470,#4471,#4472),
(#4473,#4474,#4475),
(#4476,#4477,#4478),
(#4479,#4480,#4481),
(#4482,#4483,#4484),
(#4485,#4486,#4487),
(#4488,#4489,#4490),
(#4491,#4492,#4493),
(#4494,#4495,#4496),
(#4497,#4498,#4499)),
.UNSPECIFIED.,.F.,.F.,.F.)B_SPLINE_SURFACE_WITH_KNOTS((4,2,2,2,2,2,2,4),
(3,3),
(-1.27089277199324,-0.635446385996618,-1.33226762955019E-15,0.78821448750754,1.57642897501508,
2.22014045845932,2.86385194190356,2.87558112462284),
(0.,1.),
.UNSPECIFIED.)GEOMETRIC_REPRESENTATION_ITEM()RATIONAL_B_SPLINE_SURFACE((
(1.,0.774661329007939,1.),
(1.,0.774661329007939,1.),
(1.,0.829589956951086,1.),
(1.,0.829589956951086,1.),
(1.,0.882202992907306,1.),
(1.,0.882202992907306,1.),
(1.,0.936670584266793,1.),
(1.,0.936670584266793,1.),
(1.,0.975184076250739,1.),
(1.,0.975184076250739,1.),
(1.,0.993664067499847,1.),
(1.,0.993664067499847,1.),
(1.,0.999997999998,1.),
(1.,0.999997999998,1.),
(1.,1.,1.),
(1.,1.,1.)))REPRESENTATION_ITEM('')SURFACE());
#4452=CARTESIAN_POINT('',(98.3802975863731,114.736501105475,89.4074625020271));
#4453=CARTESIAN_POINT('',(95.6521922871306,109.834125446437,90.4924456504348));
#4454=CARTESIAN_POINT('',(97.1749984226471,108.852668126997,95.9119324399898));
#4455=CARTESIAN_POINT('',(99.1035707380841,113.959578257815,89.119812630433));
#4456=CARTESIAN_POINT('',(96.3832124032664,109.447730760251,90.3964639835698));
#4457=CARTESIAN_POINT('',(98.0299633798141,108.301638301943,95.432515970924));
#4458=CARTESIAN_POINT('',(99.7499645306603,113.115195392201,88.7714111251459));
#4459=CARTESIAN_POINT('',(97.2180341970214,109.032696214708,90.2645399437129));
#4460=CARTESIAN_POINT('',(98.7940509616725,107.702762681001,94.8518468102669));
#4461=CARTESIAN_POINT('',(100.923712906787,111.314825769033,87.9864855653885));
#4462=CARTESIAN_POINT('',(98.6962987895089,107.913228846308,89.6760926381361));
#4463=CARTESIAN_POINT('',(100.181512560239,106.425856777926,93.5436375471805));
#4464=CARTESIAN_POINT('',(101.450551776733,110.358513427012,87.5494482251724));
#4465=CARTESIAN_POINT('',(99.4766501384958,107.297753697193,89.3193435480847));
#4466=CARTESIAN_POINT('',(100.804276956881,105.747595569936,92.8152419799419));
#4467=CARTESIAN_POINT('',(102.512661983988,108.099665463892,86.4873380136484));
#4468=CARTESIAN_POINT('',(100.995966994709,105.681563283607,88.2570846164482));
#4469=CARTESIAN_POINT('',(102.059773586398,104.145515499416,91.0450582909852));
#4470=CARTESIAN_POINT('',(103.000100152723,106.812127535036,85.8626788982852));
#4471=CARTESIAN_POINT('',(101.777198146124,104.713381160945,87.5758432723659));
#4472=CARTESIAN_POINT('',(102.635963298431,103.23233369408,90.003959767087));
#4473=CARTESIAN_POINT('',(103.813420911217,104.170441429972,84.5599184022036));
#4474=CARTESIAN_POINT('',(103.045531739896,102.626687501733,86.0355624758968));
#4475=CARTESIAN_POINT('',(103.597371503819,101.358726998136,87.8326922736177));
#4476=CARTESIAN_POINT('',(104.138717331272,102.816195874127,83.8815171802213));
#4477=CARTESIAN_POINT('',(103.582980841457,101.523375545804,85.193938066282));
#4478=CARTESIAN_POINT('',(103.981897096629,100.398233033464,86.7020235846273));
#4479=CARTESIAN_POINT('',(104.593338355924,100.294547606025,82.6078074670227));
#4480=CARTESIAN_POINT('',(104.323619793942,99.4263151385735,83.5632209784973));
#4481=CARTESIAN_POINT('',(104.519294402817,98.6097627713031,84.5791740366266));
#4482=CARTESIAN_POINT('',(104.74421790912,99.1563906177651,82.0291053771365));
#4483=CARTESIAN_POINT('',(104.575175373563,98.46650764614,82.8067166862661));
#4484=CARTESIAN_POINT('',(104.697645734516,97.8025288736589,83.6146705649474));
#4485=CARTESIAN_POINT('',(104.946647141164,96.8686704774144,80.8624102944838));
#4486=CARTESIAN_POINT('',(104.91071642307,96.524207422821,81.2661564676815));
#4487=CARTESIAN_POINT('',(104.936932783332,96.1799713098415,81.6701787609552));
#4488=CARTESIAN_POINT('',(104.998160995118,95.7122897432118,80.2708974017516));
#4489=CARTESIAN_POINT('',(104.996934997322,95.5360489743746,80.4776082754395));
#4490=CARTESIAN_POINT('',(104.997826154221,95.3598122901581,80.6843239393165));
#4491=CARTESIAN_POINT('',(104.999983979883,94.5415280953145,79.6720010816021));
#4492=CARTESIAN_POINT('',(104.999973299761,94.5354908765619,79.6790822440277));
#4493=CARTESIAN_POINT('',(104.999981062968,94.529453657371,79.6861634059525));
#4494=CARTESIAN_POINT('',(105.000000000023,94.5208263541775,79.6614112066842));
#4495=CARTESIAN_POINT('',(105.000000000023,94.5177986867807,79.6649624104683));
#4496=CARTESIAN_POINT('',(105.000000000023,94.5147710194308,79.6685136142877));
#4497=CARTESIAN_POINT('',(105.,94.4999999999987,79.6507575950825));
#4498=CARTESIAN_POINT('',(105.,94.4999999999987,79.6507575950825));
#4499=CARTESIAN_POINT('',(105.,94.4999999999987,79.6507575950825));
#4500=FACE_BOUND('',#4501,.T.);
#4501=EDGE_LOOP('',(#6103,#6104,#6105,#6106));
#4502=(BOUNDED_SURFACE()B_SPLINE_SURFACE(3,2,(
(#4503,#4504,#4505),
(#4506,#4507,#4508),
(#4509,#4510,#4511),
(#4512,#4513,#4514),
(#4515,#4516,#4517),
(#4518,#4519,#4520),
(#4521,#4522,#4523),
(#4524,#4525,#4526),
(#4527,#4528,#4529),
(#4530,#4531,#4532),
(#4533,#4534,#4535),
(#4536,#4537,#4538),
(#4539,#4540,#4541),
(#4542,#4543,#4544),
(#4545,#4546,#4547),
(#4548,#4549,#4550),
(#4551,#4552,#4553),
(#4554,#4555,#4556),
(#4557,#4558,#4559),
(#4560,#4561,#4562),
(#4563,#4564,#4565),
(#4566,#4567,#4568),
(#4569,#4570,#4571),
(#4572,#4573,#4574),
(#4575,#4576,#4577),
(#4578,#4579,#4580),
(#4581,#4582,#4583),
(#4584,#4585,#4586),
(#4587,#4588,#4589),
(#4590,#4591,#4592),
(#4593,#4594,#4595),
(#4596,#4597,#4598),
(#4599,#4600,#4601),
(#4602,#4603,#4604),
(#4605,#4606,#4607),
(#4608,#4609,#4610),
(#4611,#4612,#4613),
(#4614,#4615,#4616),
(#4617,#4618,#4619),
(#4620,#4621,#4622),
(#4623,#4624,#4625),
(#4626,#4627,#4628),
(#4629,#4630,#4631),
(#4632,#4633,#4634),
(#4635,#4636,#4637),
(#4638,#4639,#4640),
(#4641,#4642,#4643),
(#4644,#4645,#4646),
(#4647,#4648,#4649),
(#4650,#4651,#4652),
(#4653,#4654,#4655),
(#4656,#4657,#4658),
(#4659,#4660,#4661),
(#4662,#4663,#4664),
(#4665,#4666,#4667),
(#4668,#4669,#4670),
(#4671,#4672,#4673),
(#4674,#4675,#4676),
(#4677,#4678,#4679),
(#4680,#4681,#4682),
(#4683,#4684,#4685),
(#4686,#4687,#4688),
(#4689,#4690,#4691),
(#4692,#4693,#4694),
(#4695,#4696,#4697),
(#4698,#4699,#4700),
(#4701,#4702,#4703),
(#4704,#4705,#4706),
(#4707,#4708,#4709),
(#4710,#4711,#4712),
(#4713,#4714,#4715),
(#4716,#4717,#4718),
(#4719,#4720,#4721),
(#4722,#4723,#4724),
(#4725,#4726,#4727),
(#4728,#4729,#4730),
(#4731,#4732,#4733),
(#4734,#4735,#4736),
(#4737,#4738,#4739),
(#4740,#4741,#4742),
(#4743,#4744,#4745),
(#4746,#4747,#4748),
(#4749,#4750,#4751),
(#4752,#4753,#4754),
(#4755,#4756,#4757),
(#4758,#4759,#4760),
(#4761,#4762,#4763),
(#4764,#4765,#4766),
(#4767,#4768,#4769),
(#4770,#4771,#4772),
(#4773,#4774,#4775),
(#4776,#4777,#4778),
(#4779,#4780,#4781),
(#4782,#4783,#4784),
(#4785,#4786,#4787),
(#4788,#4789,#4790),
(#4791,#4792,#4793),
(#4794,#4795,#4796)),
.UNSPECIFIED.,.T.,.F.,.F.)B_SPLINE_SURFACE_WITH_KNOTS((4,2,2,2,2,2,2,2,2,2,2,2,2,
2,2,2,2,2,2,2,2,2,2,2,2,2,2,2,2,2,2,2,2,2,2,2,2,2,2,2,2,2,2,2,2,2,2,2,4),
(3,3),
(0.,0.130899693899575,0.261799387799149,0.392699081698724,0.523598775598299,0.654498469497874,
0.785398163397448,0.916297857297023,1.0471975511966,1.17809724509617,1.30899693899575,
1.43989663289532,1.5707963267949,1.70169602069447,1.83259571459405,1.96349540849362,
2.0943951023932,2.22529479629277,2.35619449019234,2.48709418409192,2.61799387799149,
2.74889357189107,2.87979326579064,3.01069295969022,3.14159265358979,3.27249234748937,
3.40339204138894,3.53429173528852,3.66519142918809,3.79609112308767,3.92699081698724,
4.05789051088682,4.18879020478639,4.31968989868597,4.45058959258554,4.58148928648512,
4.71238898038469,4.84328867428426,4.97418836818384,5.10508806208341,5.23598775598299,
5.36688744988256,5.49778714378214,5.62868683768171,5.75958653158129,5.89048622548086,
6.02138591938044,6.15228561328001,6.28318530717959),
(0.,1.),
.UNSPECIFIED.)GEOMETRIC_REPRESENTATION_ITEM()RATIONAL_B_SPLINE_SURFACE((
(1.,0.38268343236509,1.),
(1.,0.38268343236509,1.),
(1.,0.386615193280104,1.),
(1.,0.386615193280104,1.),
(1.,0.398112608509062,1.),
(1.,0.398112608509062,1.),
(1.,0.416364334184503,1.),
(1.,0.416364334184503,1.),
(1.,0.440242867235919,1.),
(1.,0.440242867235919,1.),
(1.,0.468515993965556,1.),
(1.,0.468515993965556,1.),
(1.,0.499999999999999,1.),
(1.,0.499999999999999,1.),
(1.,0.533638766125139,1.),
(1.,0.533638766125139,1.),
(1.,0.568527312187694,1.),
(1.,0.568527312187694,1.),
(1.,0.603904773092124,1.),
(1.,0.603904773092124,1.),
(1.,0.639135078879175,1.),
(1.,0.639135078879175,1.),
(1.,0.673685402973354,1.),
(1.,0.673685402973354,1.),
(1.,0.707106781186548,1.),
(1.,0.707106781186548,1.),
(1.,0.73901825269788,1.),
(1.,0.73901825269788,1.),
(1.,0.769094500660426,1.),
(1.,0.769094500660426,1.),
(1.,0.797056475437312,1.),
(1.,0.797056475437312,1.),
(1.,0.822664388008036,1.),
(1.,0.822664388008036,1.),
(1.,0.845712520475155,1.),
(1.,0.845712520475155,1.),
(1.,0.866025403784439,1.),
(1.,0.866025403784439,1.),
(1.,0.883455014926321,1.),
(1.,0.883455014926321,1.),
(1.,0.89787873226171,1.),
(1.,0.89787873226171,1.),
(1.,0.909197855925263,1.),
(1.,0.909197855925263,1.),
(1.,0.917336552714493,1.),
(1.,0.917336552714493,1.),
(1.,0.922241124828528,1.),
(1.,0.922241124828528,1.),
(1.,0.923879532511286,1.),
(1.,0.923879532511286,1.),
(1.,0.922241124828528,1.),
(1.,0.922241124828528,1.),
(1.,0.917336552714493,1.),
(1.,0.917336552714493,1.),
(1.,0.909197855925262,1.),
(1.,0.909197855925262,1.),
(1.,0.897878732261711,1.),
(1.,0.897878732261711,1.),
(1.,0.883455014926321,1.),
(1.,0.883455014926321,1.),
(1.,0.866025403784439,1.),
(1.,0.866025403784439,1.),
(1.,0.845712520475155,1.),
(1.,0.845712520475155,1.),
(1.,0.822664388008036,1.),
(1.,0.822664388008036,1.),
(1.,0.797056475437312,1.),
(1.,0.797056475437312,1.),
(1.,0.769094500660426,1.),
(1.,0.769094500660426,1.),
(1.,0.739018252697881,1.),
(1.,0.739018252697881,1.),
(1.,0.707106781186548,1.),
(1.,0.707106781186548,1.),
(1.,0.673685402973354,1.),
(1.,0.673685402973354,1.),
(1.,0.639135078879176,1.),
(1.,0.639135078879176,1.),
(1.,0.603904773092125,1.),
(1.,0.603904773092125,1.),
(1.,0.568527312187693,1.),
(1.,0.568527312187693,1.),
(1.,0.533638766125138,1.),
(1.,0.533638766125138,1.),
(1.,0.500000000000001,1.),
(1.,0.500000000000001,1.),
(1.,0.468515993965558,1.),
(1.,0.468515993965558,1.),
(1.,0.44024286723592,1.),
(1.,0.44024286723592,1.),
(1.,0.416364334184504,1.),
(1.,0.416364334184504,1.),
(1.,0.398112608509062,1.),
(1.,0.398112608509062,1.),
(1.,0.386615193280104,1.),
(1.,0.386615193280104,1.),
(1.,0.38268343236509,1.),
(1.,0.38268343236509,1.)))REPRESENTATION_ITEM('')SURFACE());
#4503=CARTESIAN_POINT('',(58.8994949366127,94.4999999999987,130.100505063387));
#4504=CARTESIAN_POINT('',(70.8492424049185,94.4999999999988,118.150757595081));
#4505=CARTESIAN_POINT('',(70.8492424049186,94.4999999999987,135.050252531693));
#4506=CARTESIAN_POINT('',(58.8994949367854,95.55048657171,130.100505063128));
#4507=CARTESIAN_POINT('',(70.8492424055293,94.507674380562,118.150757595334));
#4508=CARTESIAN_POINT('',(70.8492424048754,95.2450539524396,135.05025253152));
#4509=CARTESIAN_POINT('',(58.9683471275298,96.6009680072381,130.03165287247));
#4510=CARTESIAN_POINT('',(70.771661347712,94.5290072209889,118.269239119898));
#4511=CARTESIAN_POINT('',(70.8980755821758,95.9901042623827,134.981400340776));
#4512=CARTESIAN_POINT('',(59.2425791518777,98.6839670341561,129.757420848122));
#4513=CARTESIAN_POINT('',(70.6548042133422,94.643160361871,118.304295319048));
#4514=CARTESIAN_POINT('',(71.0925736930766,97.4674640879308,134.707168316428));
#4515=CARTESIAN_POINT('',(59.4479576445294,99.7164744411067,129.55204235547));
#4516=CARTESIAN_POINT('',(70.4632176152545,94.8310629584604,118.611833134657));
#4517=CARTESIAN_POINT('',(71.2382376756857,98.1997663803694,134.501789823863));
#4518=CARTESIAN_POINT('',(59.9917295073038,101.745858660613,129.008270492696));
#4519=CARTESIAN_POINT('',(70.3069166061785,95.2003180102708,118.61803264391));
#4520=CARTESIAN_POINT('',(71.6239059808062,99.6391000899148,133.958017960916));
#4521=CARTESIAN_POINT('',(60.3301202187442,102.742725550944,128.669879781299));
#4522=CARTESIAN_POINT('',(70.099014679158,95.6441622692384,118.999361480747));
#4523=CARTESIAN_POINT('',(71.8639084176491,100.346124469727,133.619627249518));
#4524=CARTESIAN_POINT('',(61.1341278325545,104.683771636519,127.865872167402));
#4525=CARTESIAN_POINT('',(70.0177033153594,96.3301228737489,118.883920524735));
#4526=CARTESIAN_POINT('',(72.4341480254193,101.722804664624,132.815619635794));
#4527=CARTESIAN_POINT('',(61.5997408038706,105.627941341341,127.400259196043));
#4528=CARTESIAN_POINT('',(69.8955557543516,97.0222719763171,119.2147099378));
#4529=CARTESIAN_POINT('',(72.7643824082602,102.392453748641,132.350006664435));
#4530=CARTESIAN_POINT('',(62.6502273756293,107.447437456197,126.349772624457));
#4531=CARTESIAN_POINT('',(69.9935939095009,97.9945355414283,118.896140398347));
#4532=CARTESIAN_POINT('',(73.5094363608335,103.682925048897,131.299520092676));
#4533=CARTESIAN_POINT('',(63.2350958397893,108.322754970103,125.764904160254));
#4534=CARTESIAN_POINT('',(70.0267570419621,98.8632075271126,119.085792546079));
#4535=CARTESIAN_POINT('',(73.9242522878,104.303740955657,130.714651628473));
#4536=CARTESIAN_POINT('',(64.5140872529062,109.989569031329,124.485912747051));
#4537=CARTESIAN_POINT('',(70.372290055262,100.035952384442,118.515160356697));
#4538=CARTESIAN_POINT('',(74.8313725055844,105.485923039653,129.435660215443));
#4539=CARTESIAN_POINT('',(65.2082039483686,110.781057428966,123.791796051631));
#4540=CARTESIAN_POINT('',(70.5898983689379,100.989549230646,118.518088369052));
#4541=CARTESIAN_POINT('',(75.3236723611768,106.047283436856,128.741543519851));
#4542=CARTESIAN_POINT('',(66.6938163051866,112.266669785784,122.306183694813));
#4543=CARTESIAN_POINT('',(71.2116168212289,102.259188110879,117.680396440781));
#4544=CARTESIAN_POINT('',(76.3773377656017,107.100948841281,127.255931163206));
#4545=CARTESIAN_POINT('',(67.48530470291,112.960786481289,121.51469529709));
#4546=CARTESIAN_POINT('',(71.6119518348789,103.215109649215,117.487256869845));
#4547=CARTESIAN_POINT('',(76.9386981628055,107.593248696874,126.464442765396));
#4548=CARTESIAN_POINT('',(69.1521187639626,114.23977789432,119.847881236037));
#4549=CARTESIAN_POINT('',(72.5075185897737,104.483867854057,116.393272705502));
#4550=CARTESIAN_POINT('',(78.1208802468009,108.500368914658,124.797628704343));
#4551=CARTESIAN_POINT('',(70.027436277912,114.824646358523,118.972563722088));
#4552=CARTESIAN_POINT('',(73.0710241607392,105.379203613151,116.017250630645));
#4553=CARTESIAN_POINT('',(78.7416961535606,108.915184841625,123.922311190307));
#4554=CARTESIAN_POINT('',(71.8469323928541,115.875132930282,117.153067607146));
#4555=CARTESIAN_POINT('',(74.2175580724002,106.565189729536,114.694167136215));
#4556=CARTESIAN_POINT('',(80.0321674538172,109.660238794198,122.102815075538));
#4557=CARTESIAN_POINT('',(72.7911020976337,116.340745901554,116.208897902366));
#4558=CARTESIAN_POINT('',(74.9166830610259,107.356737013265,114.159935405526));
#4559=CARTESIAN_POINT('',(80.7018165378337,109.990473177039,121.158645370586));
#4560=CARTESIAN_POINT('',(74.732148183208,117.144753515451,114.267851816792));
#4561=CARTESIAN_POINT('',(76.2791431250818,108.395997285065,112.644238408366));
#4562=CARTESIAN_POINT('',(82.0784967327309,110.560712784809,119.217599285184));
#4563=CARTESIAN_POINT('',(75.7290150734963,117.483144226848,113.270984926504));
#4564=CARTESIAN_POINT('',(77.0840879133549,109.056365228025,111.981068708705));
#4565=CARTESIAN_POINT('',(82.7855211125001,110.800715221609,118.22073239481));
#4566=CARTESIAN_POINT('',(77.7583992930887,118.026916089623,111.241600706911));
#4567=CARTESIAN_POINT('',(78.6209047679894,109.901465207557,110.31393860995));
#4568=CARTESIAN_POINT('',(84.2248548221318,111.186383526816,116.191348175217));
#4569=CARTESIAN_POINT('',(78.7909066999915,118.232294582274,110.209093300008));
#4570=CARTESIAN_POINT('',(79.5024146645946,110.414803875017,109.552016323433));
#4571=CARTESIAN_POINT('',(84.9571571145671,111.332047509424,115.158840768228));
#4572=CARTESIAN_POINT('',(80.8739057269187,118.506526606623,108.126094273081));
#4573=CARTESIAN_POINT('',(81.1689850428491,111.032438362021,107.776583969123));
#4574=CARTESIAN_POINT('',(86.4345169400354,111.52654562024,113.075841741474));
#4575=CARTESIAN_POINT('',(81.9243871624811,118.575378797539,107.075612837519));
#4576=CARTESIAN_POINT('',(82.0994682578045,111.391033904684,106.945261313613));
#4577=CARTESIAN_POINT('',(87.179567249886,111.575378797539,112.025360305738));
#4578=CARTESIAN_POINT('',(84.0253603058258,118.575378797539,104.974639694174));
#4579=CARTESIAN_POINT('',(83.8502792105024,111.759723690394,105.10499121808));
#4580=CARTESIAN_POINT('',(88.6696751550326,111.575378797539,109.924387162566));
#4581=CARTESIAN_POINT('',(85.0758417413882,118.506526606623,103.924158258612));
#4582=CARTESIAN_POINT('',(84.8041218680783,111.961619997483,104.232054402448));
#4583=CARTESIAN_POINT('',(89.4147254648399,111.52654562024,108.873905726831));
#4584=CARTESIAN_POINT('',(87.1588407683154,118.232294582274,101.841159231685));
#4585=CARTESIAN_POINT('',(86.5940809853366,112.069813612482,102.369742744137));
#4586=CARTESIAN_POINT('',(90.8920852903946,111.332047509424,106.790906700077));
#4587=CARTESIAN_POINT('',(88.1913481753046,118.026916089623,100.808651824739));
#4588=CARTESIAN_POINT('',(87.547645103244,112.117258434093,101.481147044794));
#4589=CARTESIAN_POINT('',(91.6243875828299,111.186383526772,105.758399293001));
#4590=CARTESIAN_POINT('',(90.2207323947243,117.483144226848,98.7792676052325));
#4591=CARTESIAN_POINT('',(89.3329782704083,111.96184974939,99.6382295815537));
#4592=CARTESIAN_POINT('',(93.0637212923753,110.800715221652,103.729015073582));
#4593=CARTESIAN_POINT('',(91.217599285142,117.144753515451,97.7824007149011));
#4594=CARTESIAN_POINT('',(90.2645183160802,111.860309844802,98.7580172140585));
#4595=CARTESIAN_POINT('',(93.7707456721877,110.560712784809,102.732148183121));
#4596=CARTESIAN_POINT('',(93.1586453706301,116.340745901554,95.8413546293267));
#4597=CARTESIAN_POINT('',(92.0034403822236,111.445484468443,96.9740240876376));
#4598=CARTESIAN_POINT('',(95.1474258670848,109.990473177039,100.791102097719));
#4599=CARTESIAN_POINT('',(94.1028150754528,115.875132930282,94.897184924504));
#4600=CARTESIAN_POINT('',(92.8930366730358,111.203020581602,96.1242908553865));
#4601=CARTESIAN_POINT('',(95.8170749510582,109.660238794198,99.8469323927667));
#4602=CARTESIAN_POINT('',(95.9223111903949,114.824646358523,93.0776888096483));
#4603=CARTESIAN_POINT('',(94.5463031551849,110.539331732217,94.4363693163928));
#4604=CARTESIAN_POINT('',(97.1075462514011,108.915184841625,98.0274362779974));
#4605=CARTESIAN_POINT('',(96.7976287043011,114.23977789432,92.2023712956989));
#4606=CARTESIAN_POINT('',(95.3758426397056,110.166186034153,93.6372253035881));
#4607=CARTESIAN_POINT('',(97.7283621581177,108.500368914615,97.1521187639615));
#4608=CARTESIAN_POINT('',(98.4644427654401,112.960786481289,90.5355572345599));
#4609=CARTESIAN_POINT('',(96.9072346705676,109.269776793127,92.0796973861387));
#4610=CARTESIAN_POINT('',(98.9105442421131,107.593248696917,95.4853047029089));
#4611=CARTESIAN_POINT('',(99.2559311631203,112.266669785784,89.7440688368796));
#4612=CARTESIAN_POINT('',(97.6604394371419,108.778076712489,91.3492055492123));
#4613=CARTESIAN_POINT('',(99.4719046392737,107.100948841281,94.6938163050991));
#4614=CARTESIAN_POINT('',(100.741543519938,110.781057428966,88.2584564800617));
#4615=CARTESIAN_POINT('',(99.0372036003796,107.669987211186,89.9531514132662));
#4616=CARTESIAN_POINT('',(100.525570043785,106.047283436856,93.2082039484539));
#4617=CARTESIAN_POINT('',(101.435660215444,109.989569031285,87.5643397845993));
#4618=CARTESIAN_POINT('',(99.6996958917526,107.073506137798,89.3072451916265));
#4619=CARTESIAN_POINT('',(101.017869899377,105.485923039653,92.5140872528619));
#4620=CARTESIAN_POINT('',(102.714651628474,108.322754970146,86.2853483714824));
#4621=CARTESIAN_POINT('',(100.892944669054,105.779023483855,88.1001142475671));
#4622=CARTESIAN_POINT('',(101.924990117075,104.303740955657,91.2350958398314));
#4623=CARTESIAN_POINT('',(103.299520092721,107.447437456197,85.7004799072792));
#4624=CARTESIAN_POINT('',(101.452334215617,105.09296316139,87.5525020068321));
#4625=CARTESIAN_POINT('',(102.339806044085,103.682925048897,90.6502273756282));
#4626=CARTESIAN_POINT('',(104.350006664393,105.627941341341,84.6499933356069));
#4627=CARTESIAN_POINT('',(102.437404981078,103.640986915941,86.5577587964727));
#4628=CARTESIAN_POINT('',(103.084859996658,102.392453748641,89.5997408038696));
#4629=CARTESIAN_POINT('',(104.815619635709,104.683771636519,84.1843803642476));
#4630=CARTESIAN_POINT('',(102.883385148066,102.881761974826,86.1198246252389));
#4631=CARTESIAN_POINT('',(103.415094379499,101.722804664581,89.1341278325103));
#4632=CARTESIAN_POINT('',(105.619627249606,102.742725550944,83.3803727504374));
#4633=CARTESIAN_POINT('',(103.640152330064,101.304169035599,85.3566378966316));
#4634=CARTESIAN_POINT('',(103.985333987269,100.34612446977,88.3301202187864));
#4635=CARTESIAN_POINT('',(105.958017961003,101.745858660656,83.0419820389969));
#4636=CARTESIAN_POINT('',(103.964593594116,100.489183976567,85.0373477735961));
#4637=CARTESIAN_POINT('',(104.225336424112,99.6391000899579,87.9917295073891));
#4638=CARTESIAN_POINT('',(106.501789823778,99.7164744410635,82.4982101762225));
#4639=CARTESIAN_POINT('',(104.477727705612,98.8201846066073,84.5203309266757));
#4640=CARTESIAN_POINT('',(104.611004729233,98.1997663803262,87.447957644442));
#4641=CARTESIAN_POINT('',(106.707168316429,98.6839670341607,82.2928316835714));
#4642=CARTESIAN_POINT('',(104.674759324991,97.967599698201,84.3261518758121));
#4643=CARTESIAN_POINT('',(104.756668711841,97.4674640878909,87.2425791518772));
#4644=CARTESIAN_POINT('',(106.981400340778,96.6009680072335,82.0185996592223));
#4645=CARTESIAN_POINT('',(104.933926964787,96.2430819361238,84.0651618344096));
#4646=CARTESIAN_POINT('',(104.951166822743,95.9901042624226,86.9683471275281));
#4647=CARTESIAN_POINT('',(107.050252531694,95.5504865717143,81.9497474683058));
#4648=CARTESIAN_POINT('',(105.,95.3715682858938,84.));
#4649=CARTESIAN_POINT('',(105.,95.2450539526584,86.8994949366117));
#4650=CARTESIAN_POINT('',(107.050252531694,93.4495134282832,81.9497474683058));
#4651=CARTESIAN_POINT('',(105.,93.6284317141037,84.));
#4652=CARTESIAN_POINT('',(105.,93.7549460473391,86.8994949366117));
#4653=CARTESIAN_POINT('',(106.981400340778,92.399031992764,82.0185996591791));
#4654=CARTESIAN_POINT('',(104.933926964697,92.7569180637837,84.065161834433));
#4655=CARTESIAN_POINT('',(104.951166822743,93.0098957375749,86.9683471275281));
#4656=CARTESIAN_POINT('',(106.707168316429,90.3160329658368,82.2928316836146));
#4657=CARTESIAN_POINT('',(104.674759325081,91.0324003018865,84.3261518757887));
#4658=CARTESIAN_POINT('',(104.756668711841,91.5325359121066,87.2425791518772));
#4659=CARTESIAN_POINT('',(106.501789823734,89.283525558934,82.4982101762225));
#4660=CARTESIAN_POINT('',(104.477727705636,90.1798153933902,84.5203309267189));
#4661=CARTESIAN_POINT('',(104.611004729233,90.8002336196713,87.4479576445283));
#4662=CARTESIAN_POINT('',(105.958017961046,87.2541413393416,83.0419820389969));
#4663=CARTESIAN_POINT('',(103.964593594093,88.5108160234308,85.0373477735529));
#4664=CARTESIAN_POINT('',(104.225336424112,89.3608999100395,87.9917295073028));
#4665=CARTESIAN_POINT('',(105.619627249563,86.2572744490534,83.3803727504373));
#4666=CARTESIAN_POINT('',(103.640152329997,87.6958309643076,85.3566378966316));
#4667=CARTESIAN_POINT('',(103.985333987269,88.6538755302272,88.3301202187864));
#4668=CARTESIAN_POINT('',(104.815619635752,84.316228363479,84.1843803642476));
#4669=CARTESIAN_POINT('',(102.883385148133,86.1182380252619,86.1198246252388));
#4670=CARTESIAN_POINT('',(103.415094379499,87.2771953354164,89.1341278325103));
#4671=CARTESIAN_POINT('',(104.350006664393,83.3720586586562,84.6499933355637));
#4672=CARTESIAN_POINT('',(102.437404981169,85.3590130840561,86.5577587964967));
#4673=CARTESIAN_POINT('',(103.084859996658,86.6075462513567,89.5997408038695));
#4674=CARTESIAN_POINT('',(103.299520092721,81.5525625438005,85.7004799073224));
#4675=CARTESIAN_POINT('',(101.452334215526,83.9070368386078,87.5525020068081));
#4676=CARTESIAN_POINT('',(102.339806044085,85.3170749511001,90.6502273756282));
#4677=CARTESIAN_POINT('',(102.714651628518,80.6772450298511,86.2853483714824));
#4678=CARTESIAN_POINT('',(100.892944669097,83.2209765161429,88.1001142475239));
#4679=CARTESIAN_POINT('',(101.924990117119,84.6962590443403,91.2350958397451));
#4680=CARTESIAN_POINT('',(101.435660215401,79.0104309687121,87.5643397845993));
#4681=CARTESIAN_POINT('',(99.6996958917094,81.9264938621992,89.3072451916696));
#4682=CARTESIAN_POINT('',(101.017869899334,83.5140769603449,92.5140872529483));
#4683=CARTESIAN_POINT('',(100.741543519938,78.2189425710319,88.2584564800617));
#4684=CARTESIAN_POINT('',(99.0372036004045,81.3300127888797,89.9531514132662));
#4685=CARTESIAN_POINT('',(100.525570043742,82.9527165631843,93.2082039484539));
#4686=CARTESIAN_POINT('',(99.2559311631203,76.7333302142139,89.7440688368796));
#4687=CARTESIAN_POINT('',(97.6604394371169,80.2219232874405,91.3492055492123));
#4688=CARTESIAN_POINT('',(99.4719046393169,81.8990511586731,94.6938163050991));
#4689=CARTESIAN_POINT('',(98.4644427654833,76.0392135187515,90.5355572345167));
#4690=CARTESIAN_POINT('',(96.9072346704478,79.7302232069138,92.0796973860268));
#4691=CARTESIAN_POINT('',(98.9105442421131,81.4067513031239,95.4853047028226));
#4692=CARTESIAN_POINT('',(96.797628704258,74.7602221056346,92.202371295742));
#4693=CARTESIAN_POINT('',(95.3758426398253,78.8338139658013,93.6372253037));
#4694=CARTESIAN_POINT('',(97.7283621581177,80.4996310853395,97.1521187640479));
#4695=CARTESIAN_POINT('',(95.9223111903517,74.1753536414314,93.0776888096051));
#4696=CARTESIAN_POINT('',(94.5463031553762,78.4606682678757,94.4363693163233));
#4697=CARTESIAN_POINT('',(97.1075462514443,80.0848151584161,98.0274362779973));
#4698=CARTESIAN_POINT('',(94.102815075496,73.1248670697591,94.8971849245472));
#4699=CARTESIAN_POINT('',(92.8930366728445,77.7969794182994,96.1242908554559));
#4700=CARTESIAN_POINT('',(95.817074951015,79.3397612057565,99.8469323927667));
#4701=CARTESIAN_POINT('',(93.1586453706301,72.6592540983998,95.8413546293699));
#4702=CARTESIAN_POINT('',(92.0034403821534,77.5545155315817,96.9740240876105));
#4703=CARTESIAN_POINT('',(95.1474258670416,79.0095268229588,100.791102097719));
#4704=CARTESIAN_POINT('',(91.217599285142,71.8552464845895,97.782400714858));
#4705=CARTESIAN_POINT('',(90.2645183161505,77.1396901551687,98.7580172140856));
#4706=CARTESIAN_POINT('',(93.7707456722308,78.4392872151886,102.732148183121));
#4707=CARTESIAN_POINT('',(90.2207323947243,71.5168557731491,98.7792676052325));
#4708=CARTESIAN_POINT('',(89.332978270309,77.0381502506074,99.6382295815537));
#4709=CARTESIAN_POINT('',(93.0637212923753,78.1992847783456,103.729015073582));
#4710=CARTESIAN_POINT('',(88.1913481753046,70.9730839103747,100.808651824739));
#4711=CARTESIAN_POINT('',(87.5476451033433,76.8827415659046,101.481147044794));
#4712=CARTESIAN_POINT('',(91.6243875828299,77.8136164732251,105.758399293001));
#4713=CARTESIAN_POINT('',(87.1588407683154,70.7677054177235,101.841159231685));
#4714=CARTESIAN_POINT('',(86.5940809851334,76.9301863875159,102.369742744137));
#4715=CARTESIAN_POINT('',(90.8920852903946,77.6679524905734,106.790906700077));
#4716=CARTESIAN_POINT('',(85.0758417413882,70.4934733933745,103.924158258612));
#4717=CARTESIAN_POINT('',(84.8041218682815,77.0383800025141,104.232054402448));
#4718=CARTESIAN_POINT('',(89.4147254648399,77.473454379758,108.873905726831));
#4719=CARTESIAN_POINT('',(84.025360305869,70.424621202458,104.974639694174));
#4720=CARTESIAN_POINT('',(83.8502792105456,77.240276309603,105.104991218037));
#4721=CARTESIAN_POINT('',(88.6696751550758,77.424621202458,109.92438716248));
#4722=CARTESIAN_POINT('',(81.9243871624379,70.424621202458,107.075612837519));
#4723=CARTESIAN_POINT('',(82.0994682577613,77.608966095313,106.945261313656));
#4724=CARTESIAN_POINT('',(87.1795672498428,77.424621202458,112.025360305825));
#4725=CARTESIAN_POINT('',(80.8739057269187,70.4934733933313,108.126094273081));
#4726=CARTESIAN_POINT('',(81.1689850427418,77.9675616379017,107.776583969123));
#4727=CARTESIAN_POINT('',(86.4345169400354,77.473454379758,113.075841741474));
#4728=CARTESIAN_POINT('',(78.7909066999915,70.7677054177667,110.209093300008));
#4729=CARTESIAN_POINT('',(79.5024146647019,78.5851961250552,109.552016323433));
#4730=CARTESIAN_POINT('',(84.9571571145671,77.6679524905734,115.158840768228));
#4731=CARTESIAN_POINT('',(77.7583992930887,70.9730839103747,111.241600706911));
#4732=CARTESIAN_POINT('',(78.6209047679894,79.0985347926285,110.313938609729));
#4733=CARTESIAN_POINT('',(84.2248548221318,77.8136164732251,116.191348175217));
#4734=CARTESIAN_POINT('',(75.7290150734963,71.5168557731491,113.270984926504));
#4735=CARTESIAN_POINT('',(77.0840879133549,79.943634771785,111.981068708927));
#4736=CARTESIAN_POINT('',(82.7855211125001,78.1992847783456,118.220732394809));
#4737=CARTESIAN_POINT('',(74.7321481831649,71.8552464845464,114.267851816792));
#4738=CARTESIAN_POINT('',(76.2791431250387,80.6040027147031,112.64423840828));
#4739=CARTESIAN_POINT('',(82.0784967326877,78.4392872151886,119.217599285011));
#4740=CARTESIAN_POINT('',(72.7911020976769,72.659254098443,116.208897902366));
#4741=CARTESIAN_POINT('',(74.9166830610691,81.6432629869622,114.159935405612));
#4742=CARTESIAN_POINT('',(80.7018165378769,79.0095268229588,121.158645370758));
#4743=CARTESIAN_POINT('',(71.8469323928541,73.124867069759,117.153067607146));
#4744=CARTESIAN_POINT('',(74.2175580726384,82.4348102701855,114.694167135891));
#4745=CARTESIAN_POINT('',(80.0321674538172,79.3397612057996,122.102815075365));
#4746=CARTESIAN_POINT('',(70.0274362779121,74.1753536414314,118.972563722088));
#4747=CARTESIAN_POINT('',(73.0710241605009,83.6207963871223,116.01725063097));
#4748=CARTESIAN_POINT('',(78.7416961535606,80.0848151583729,123.92231119048));
#4749=CARTESIAN_POINT('',(69.152118764049,74.7602221056778,119.847881235951));
#4750=CARTESIAN_POINT('',(72.5075185896928,84.5161321459404,116.393272705583));
#4751=CARTESIAN_POINT('',(78.1208802468009,80.4996310853395,124.797628704343));
#4752=CARTESIAN_POINT('',(67.4853047028237,76.0392135187083,121.514695297176));
#4753=CARTESIAN_POINT('',(71.6119518349598,85.7848903507821,117.487256869764));
#4754=CARTESIAN_POINT('',(76.9386981628055,81.4067513031239,126.464442765396));
#4755=CARTESIAN_POINT('',(66.6938163051866,76.7333302142139,122.306183694813));
#4756=CARTESIAN_POINT('',(71.2116168213152,86.740811888859,117.680396440694));
#4757=CARTESIAN_POINT('',(76.3773377656449,81.8990511587162,127.255931163033));
#4758=CARTESIAN_POINT('',(65.2082039483686,78.2189425710318,123.791796051631));
#4759=CARTESIAN_POINT('',(70.5898983688516,88.01045076961,118.518088369139));
#4760=CARTESIAN_POINT('',(75.3236723611336,82.9527165631412,128.741543520024));
#4761=CARTESIAN_POINT('',(64.514087252863,79.0104309686689,124.485912747137));
#4762=CARTESIAN_POINT('',(70.3722900551728,88.9640476156906,118.515160356604));
#4763=CARTESIAN_POINT('',(74.8313725055844,83.5140769603449,129.435660215443));
#4764=CARTESIAN_POINT('',(63.2350958398325,80.6772450298942,125.764904160167));
#4765=CARTESIAN_POINT('',(70.0267570420514,90.1367924727496,119.085792546171));
#4766=CARTESIAN_POINT('',(73.9242522878,84.6962590443403,130.714651628473));
#4767=CARTESIAN_POINT('',(62.6502273755861,81.5525625438005,126.349772624371));
#4768=CARTESIAN_POINT('',(69.9935939092674,91.0054644585692,118.896140398163));
#4769=CARTESIAN_POINT('',(73.5094363608335,85.3170749511001,131.299520092676));
#4770=CARTESIAN_POINT('',(61.5997408039138,83.3720586586562,127.400259196129));
#4771=CARTESIAN_POINT('',(69.895555754585,91.9777280236805,119.214709937985));
#4772=CARTESIAN_POINT('',(72.7643824082602,86.6075462513567,132.350006664435));
#4773=CARTESIAN_POINT('',(61.1341278325545,84.3162283634789,127.865872167402));
#4774=CARTESIAN_POINT('',(70.0177033152125,92.6698771263436,118.883920524735));
#4775=CARTESIAN_POINT('',(72.4341480254193,87.2771953354164,132.815619635794));
#4776=CARTESIAN_POINT('',(60.3301202187442,86.2572744490533,128.669879781299));
#4777=CARTESIAN_POINT('',(70.0990146793049,93.3558377306641,118.999361480747));
#4778=CARTESIAN_POINT('',(71.8639084176491,88.6538755302272,133.619627249518));
#4779=CARTESIAN_POINT('',(59.9917295073038,87.2541413393848,129.008270492696));
#4780=CARTESIAN_POINT('',(70.3069166060269,93.7996819897267,118.61803264391));
#4781=CARTESIAN_POINT('',(71.6239059808062,89.3608999100827,133.958017960916));
#4782=CARTESIAN_POINT('',(59.4479576445294,89.2835255588908,129.55204235547));
#4783=CARTESIAN_POINT('',(70.4632176154062,94.168937041537,118.611833134657));
#4784=CARTESIAN_POINT('',(71.2382376756857,90.8002336196281,134.501789823863));
#4785=CARTESIAN_POINT('',(59.2425791518783,90.3160329658368,129.757420848122));
#4786=CARTESIAN_POINT('',(70.6548042133419,94.3568396379713,118.304295319048));
#4787=CARTESIAN_POINT('',(71.0925736930771,91.5325359120634,134.707168316427));
#4788=CARTESIAN_POINT('',(58.9683471275292,92.399031992764,130.031652872471));
#4789=CARTESIAN_POINT('',(70.7716613477123,94.4709927791636,118.269239119897));
#4790=CARTESIAN_POINT('',(70.8980755821754,93.0098957376181,134.981400340777));
#4791=CARTESIAN_POINT('',(58.8994949367854,93.4495134282401,130.100505063128));
#4792=CARTESIAN_POINT('',(70.8492424055293,94.4923256185958,118.150757595334));
#4793=CARTESIAN_POINT('',(70.8492424048754,93.7549460471664,135.05025253152));
#4794=CARTESIAN_POINT('',(58.8994949366127,94.4999999999987,130.100505063387));
#4795=CARTESIAN_POINT('',(70.8492424049185,94.4999999999988,118.150757595081));
#4796=CARTESIAN_POINT('',(70.8492424049186,94.4999999999987,135.050252531693));
#4797=FACE_BOUND('',#4798,.T.);
#4798=EDGE_LOOP('',(#6107,#6108,#6109,#6110));
#4799=(BOUNDED_SURFACE()B_SPLINE_SURFACE(3,2,(
(#4800,#4801,#4802),
(#4803,#4804,#4805),
(#4806,#4807,#4808),
(#4809,#4810,#4811),
(#4812,#4813,#4814),
(#4815,#4816,#4817),
(#4818,#4819,#4820),
(#4821,#4822,#4823),
(#4824,#4825,#4826),
(#4827,#4828,#4829),
(#4830,#4831,#4832),
(#4833,#4834,#4835),
(#4836,#4837,#4838),
(#4839,#4840,#4841),
(#4842,#4843,#4844),
(#4845,#4846,#4847),
(#4848,#4849,#4850),
(#4851,#4852,#4853),
(#4854,#4855,#4856),
(#4857,#4858,#4859),
(#4860,#4861,#4862),
(#4863,#4864,#4865),
(#4866,#4867,#4868),
(#4869,#4870,#4871),
(#4872,#4873,#4874),
(#4875,#4876,#4877),
(#4878,#4879,#4880),
(#4881,#4882,#4883),
(#4884,#4885,#4886),
(#4887,#4888,#4889),
(#4890,#4891,#4892),
(#4893,#4894,#4895),
(#4896,#4897,#4898),
(#4899,#4900,#4901),
(#4902,#4903,#4904),
(#4905,#4906,#4907),
(#4908,#4909,#4910),
(#4911,#4912,#4913)),
.UNSPECIFIED.,.F.,.F.,.F.)B_SPLINE_SURFACE_WITH_KNOTS((4,2,2,2,2,2,2,2,2,2,2,2,2,
2,2,2,2,2,4),
(3,3),
(2.11615580373455,2.57717083110813,3.03818585848171,3.54542452468389,4.05266319088608,
4.34394599191442,4.63522879294275,4.92651159397108,5.21779439499942,5.44214803970936,
5.6665016844193,5.89085532912925,6.11520897383919,6.40123567239286,6.68726237094654,
6.97328906950021,7.25931576805388,7.83136916516123,8.40342256226858),
(0.,1.),
.UNSPECIFIED.)GEOMETRIC_REPRESENTATION_ITEM()RATIONAL_B_SPLINE_SURFACE((
(1.,0.776192944888897,1.),
(1.,0.776192944888897,1.),
(1.,0.82165927719883,1.),
(1.,0.82165927719883,1.),
(1.,0.861862248943214,1.),
(1.,0.861862248943214,1.),
(1.,0.900729194755931,1.),
(1.,0.900729194755931,1.),
(1.,0.933646036337118,1.),
(1.,0.933646036337118,1.),
(1.,0.949530891616036,1.),
(1.,0.949530891616036,1.),
(1.,0.962845184155542,1.),
(1.,0.962845184155542,1.),
(1.,0.973449073022326,1.),
(1.,0.973449073022326,1.),
(1.,0.98113749852037,1.),
(1.,0.98113749852037,1.),
(1.,0.984853820408153,1.),
(1.,0.984853820408153,1.),
(1.,0.986509255942402,1.),
(1.,0.986509255942402,1.),
(1.,0.986056284028993,1.),
(1.,0.986056284028993,1.),
(1.,0.983449678544135,1.),
(1.,0.983449678544135,1.),
(1.,0.977081793491934,1.),
(1.,0.977081793491934,1.),
(1.,0.967483787948291,1.),
(1.,0.967483787948291,1.),
(1.,0.954673851008732,1.),
(1.,0.954673851008732,1.),
(1.,0.938587659165952,1.),
(1.,0.938587659165952,1.),
(1.,0.896043686346104,1.),
(1.,0.896043686346104,1.),
(1.,0.838177090802696,1.),
(1.,0.838177090802696,1.)))REPRESENTATION_ITEM('')SURFACE());
#4800=CARTESIAN_POINT('',(101.829868281629,104.41023030746,90.0206896073448));
#4801=CARTESIAN_POINT('',(99.2511902944968,108.028426195573,86.4724241036148));
#4802=CARTESIAN_POINT('',(103.25479637232,112.,85.7452036276798));
#4803=CARTESIAN_POINT('',(101.551043690688,104.801454636214,90.8688693640503));
#4804=CARTESIAN_POINT('',(99.0733830545765,108.005751651317,87.264331856212));
#4805=CARTESIAN_POINT('',(102.634142569364,112.,86.3658574310916));
#4806=CARTESIAN_POINT('',(101.232454081307,105.21345453836,91.6547134259775));
#4807=CARTESIAN_POINT('',(98.9533803092454,108.061915548794,88.0838960286248));
#4808=CARTESIAN_POINT('',(102.016623288903,112.,86.9833767110968));
#4809=CARTESIAN_POINT('',(100.508738831447,106.054934340585,93.121947748554));
#4810=CARTESIAN_POINT('',(98.4564270395343,108.24267156181,89.6080733115905));
#4811=CARTESIAN_POINT('',(100.77280606136,112.,88.22719393864));
#4812=CARTESIAN_POINT('',(100.10357925346,106.484517681908,93.8031885906989));
#4813=CARTESIAN_POINT('',(98.2234091906335,108.401932623608,90.3798887167113));
#4814=CARTESIAN_POINT('',(100.146558878367,112.,88.8534411217848));
#4815=CARTESIAN_POINT('',(99.1537117909922,107.38195361899,95.1424513499168));
#4816=CARTESIAN_POINT('',(97.5251262654925,108.765475092547,91.9113511341816));
#4817=CARTESIAN_POINT('',(98.8072961175535,112.,90.1927038822793));
#4818=CARTESIAN_POINT('',(98.6108306005858,107.838015187616,95.7748984961146));
#4819=CARTESIAN_POINT('',(97.1438302643645,109.013749377286,92.6913432808146));
#4820=CARTESIAN_POINT('',(98.1083556973185,112.,90.8916443028487));
#4821=CARTESIAN_POINT('',(97.4377376449673,108.698532883614,96.9415529600855));
#4822=CARTESIAN_POINT('',(96.2133693427188,109.497041506561,94.156328053116));
#4823=CARTESIAN_POINT('',(96.6980290288054,112.,92.3019709710274));
#4824=CARTESIAN_POINT('',(96.8074250186944,109.103108709561,97.4753896861976));
#4825=CARTESIAN_POINT('',(95.7107947173223,109.768410327673,94.865798949195));
#4826=CARTESIAN_POINT('',(95.9867569745658,112.,93.0132430254342));
#4827=CARTESIAN_POINT('',(95.7504315943241,109.682840189705,98.2701846322209));
#4828=CARTESIAN_POINT('',(94.8100445320813,110.161961558477,95.9389737080902));
#4829=CARTESIAN_POINT('',(94.8442071551154,112.,94.1557928448846));
#4830=CARTESIAN_POINT('',(95.3555157287365,109.880042844159,98.5474911272875));
#4831=CARTESIAN_POINT('',(94.4710322038408,110.307605313639,96.322073087947));
#4832=CARTESIAN_POINT('',(94.4271486921507,112.,94.5728513078492));
#4833=CARTESIAN_POINT('',(94.5498943539065,110.243877127985,99.0878177668488));
#4834=CARTESIAN_POINT('',(93.7578569688606,110.573464113039,97.0699873615432));
#4835=CARTESIAN_POINT('',(93.5890436594121,112.,95.4109563405879));
#4836=CARTESIAN_POINT('',(94.1391638047912,110.410510220077,99.3507612051205));
#4837=CARTESIAN_POINT('',(93.3897932613982,110.703146957615,97.4382224337481));
#4838=CARTESIAN_POINT('',(93.1680177915148,112.,95.8319822085812));
#4839=CARTESIAN_POINT('',(93.3056615372316,110.711393532136,99.8756051451519));
#4840=CARTESIAN_POINT('',(92.6246360083206,110.935110881742,98.1679335684364));
#4841=CARTESIAN_POINT('',(92.3179988176111,112.,96.6820011822928));
#4842=CARTESIAN_POINT('',(92.8828444208492,110.845636401599,100.13737708313));
#4843=CARTESIAN_POINT('',(92.2306153585177,111.043399023513,98.5311253264445));
#4844=CARTESIAN_POINT('',(91.8890379906123,112.,97.1109620094837));
#4845=CARTESIAN_POINT('',(92.03080965305,111.080199736806,100.678516619289));
#4846=CARTESIAN_POINT('',(91.4186823381884,111.230511698359,99.2651824311416));
#4847=CARTESIAN_POINT('',(91.0178062975698,112.,97.9821937023341));
#4848=CARTESIAN_POINT('',(91.6015361298184,111.180492627673,100.957746455064));
#4849=CARTESIAN_POINT('',(91.0021460242826,111.312769629044,99.6368033814134));
#4850=CARTESIAN_POINT('',(90.5755649236721,112.,98.4244350763278));
#4851=CARTESIAN_POINT('',(90.8440577023025,111.327303816258,101.492742668912));
#4852=CARTESIAN_POINT('',(90.2479755721872,111.430428823702,100.319280891133));
#4853=CARTESIAN_POINT('',(89.7740646089602,112.,99.2259353910398));
#4854=CARTESIAN_POINT('',(90.5193022492342,111.380113344369,101.736710057366));
#4855=CARTESIAN_POINT('',(89.918463268254,111.472775140254,100.621385803755));
#4856=CARTESIAN_POINT('',(89.4231369277352,112.,99.5768630722648));
#4857=CARTESIAN_POINT('',(89.8861546182492,111.465346529726,102.259714281233));
#4858=CARTESIAN_POINT('',(89.2604495810474,111.537799866429,101.243537425098));
#4859=CARTESIAN_POINT('',(88.715282520235,112.,100.284717479765));
#4860=CARTESIAN_POINT('',(89.5778700699352,111.497777586276,102.538958091403));
#4861=CARTESIAN_POINT('',(88.9321414736128,111.561087251909,101.563805696013));
#4862=CARTESIAN_POINT('',(88.3583281807406,112.,100.641671819333));
#4863=CARTESIAN_POINT('',(88.9827168005088,111.545178447153,103.141791586061));
#4864=CARTESIAN_POINT('',(88.2800643777298,111.589260319732,102.228113278826));
#4865=CARTESIAN_POINT('',(87.6373441558017,112.,101.362655844124));
#4866=CARTESIAN_POINT('',(88.6959014381054,111.560184487096,103.465478331381));
#4867=CARTESIAN_POINT('',(87.9563472930047,111.594289241481,102.572228188677));
#4868=CARTESIAN_POINT('',(87.2733035556954,112.,101.726696444231));
#4869=CARTESIAN_POINT('',(88.1440219760816,111.576200726569,104.157262683711));
#4870=CARTESIAN_POINT('',(87.314749289052,111.587625308102,103.284406248893));
#4871=CARTESIAN_POINT('',(86.538350988657,112.,102.461649011417));
#4872=CARTESIAN_POINT('',(87.8788760667211,111.57724135713,104.525197131667));
#4873=CARTESIAN_POINT('',(86.9967948039349,111.575625000898,103.652333303011));
#4874=CARTESIAN_POINT('',(86.1674629285496,112.,102.832537071524));
#4875=CARTESIAN_POINT('',(87.2958440442045,111.566926954618,105.403294260843));
#4876=CARTESIAN_POINT('',(86.2792008006518,111.53110740506,104.510956384391));
#4877=CARTESIAN_POINT('',(85.3173922410652,112.,103.68260775884));
#4878=CARTESIAN_POINT('',(86.9899289932532,111.552319123469,105.913911478046));
#4879=CARTESIAN_POINT('',(85.8891950907422,111.493113741479,104.997093835856));
#4880=CARTESIAN_POINT('',(84.8464216326658,112.,104.153578367334));
#4881=CARTESIAN_POINT('',(86.4026389581835,111.509961994322,106.956390305797));
#4882=CARTESIAN_POINT('',(85.1236856093033,111.397537154087,105.973174339902));
#4883=CARTESIAN_POINT('',(83.9111583124784,112.,105.088841687522));
#4884=CARTESIAN_POINT('',(86.1212987903589,111.482136370817,107.488270284959));
#4885=CARTESIAN_POINT('',(84.7479211561106,111.337057505283,106.462716129161));
#4886=CARTESIAN_POINT('',(83.4468809628736,112.,105.553119037221));
#4887=CARTESIAN_POINT('',(85.5727162158381,111.414889008725,108.563392342696));
#4888=CARTESIAN_POINT('',(84.0046138599699,111.199389973667,107.440965479063));
#4889=CARTESIAN_POINT('',(82.5225837611393,112.,106.477416238766));
#4890=CARTESIAN_POINT('',(85.3055562824407,111.375434171447,109.106708123728));
#4891=CARTESIAN_POINT('',(83.636629401232,111.116516638633,107.928818254176));
#4892=CARTESIAN_POINT('',(82.0625851998709,112.,106.937414800223));
#4893=CARTESIAN_POINT('',(84.7794783492112,111.285346465141,110.199066336238));
#4894=CARTESIAN_POINT('',(82.9054042626468,110.937546229296,108.90060989807));
#4895=CARTESIAN_POINT('',(81.1455350966055,112.,107.8544649033));
#4896=CARTESIAN_POINT('',(84.5206122991311,111.23470144593,110.748157002906));
#4897=CARTESIAN_POINT('',(82.5413506592457,110.831141635311,109.382748276936));
#4898=CARTESIAN_POINT('',(80.6884960600758,112.,108.311503939924));
#4899=CARTESIAN_POINT('',(83.751189329284,111.065832819031,112.398914696911));
#4900=CARTESIAN_POINT('',(81.4534794703278,110.499869883105,110.820212384588));
#4901=CARTESIAN_POINT('',(79.3206944166096,112.,109.67930558339));
#4902=CARTESIAN_POINT('',(83.2475719467885,110.930802600373,113.503863564235));
#4903=CARTESIAN_POINT('',(80.7293564206748,110.208201412679,111.755450840066));
#4904=CARTESIAN_POINT('',(78.413183078337,112.,110.586816921474));
#4905=CARTESIAN_POINT('',(82.2436308773997,110.611251120342,115.70667432097));
#4906=CARTESIAN_POINT('',(79.2816263317482,109.589514445969,113.576776464521));
#4907=CARTESIAN_POINT('',(76.6040258597591,112.,112.395974140429));
#4908=CARTESIAN_POINT('',(81.7436057995251,110.426784171222,116.804839322211));
#4909=CARTESIAN_POINT('',(78.5500019938415,109.165118160912,114.436367594565));
#4910=CARTESIAN_POINT('',(75.7024389350141,112.,113.297561064986));
#4911=CARTESIAN_POINT('',(81.2405654769074,110.212796063629,117.893910445198));
#4912=CARTESIAN_POINT('',(77.8193042485288,108.757428055952,115.262615907732));
#4913=CARTESIAN_POINT('',(74.8032732806422,112.,114.196726719358));
#4914=FACE_BOUND('',#4915,.T.);
#4915=EDGE_LOOP('',(#6111,#6112,#6113,#6114));
#4916=(BOUNDED_SURFACE()B_SPLINE_SURFACE(3,2,(
(#4917,#4918,#4919),
(#4920,#4921,#4922),
(#4923,#4924,#4925),
(#4926,#4927,#4928),
(#4929,#4930,#4931),
(#4932,#4933,#4934),
(#4935,#4936,#4937),
(#4938,#4939,#4940),
(#4941,#4942,#4943),
(#4944,#4945,#4946),
(#4947,#4948,#4949),
(#4950,#4951,#4952),
(#4953,#4954,#4955),
(#4956,#4957,#4958),
(#4959,#4960,#4961),
(#4962,#4963,#4964),
(#4965,#4966,#4967),
(#4968,#4969,#4970),
(#4971,#4972,#4973),
(#4974,#4975,#4976),
(#4977,#4978,#4979),
(#4980,#4981,#4982)),
.UNSPECIFIED.,.F.,.F.,.F.)B_SPLINE_SURFACE_WITH_KNOTS((4,2,2,2,2,2,2,2,2,2,4),
(3,3),
(1.56153908254026,1.83612681007427,2.11071453760828,2.20366345622929,2.2966123748503,
2.70860076406624,3.12058915328218,3.33281274685425,3.54503634042633,3.7572599339984,
3.96948352757047),
(0.,1.),
.UNSPECIFIED.)GEOMETRIC_REPRESENTATION_ITEM()RATIONAL_B_SPLINE_SURFACE((
(1.,0.866892623165532,1.),
(1.,0.866892623165532,1.),
(1.,0.888702014865012,1.),
(1.,0.888702014865012,1.),
(1.,0.910445410587404,1.),
(1.,0.910445410587404,1.),
(1.,0.917619312800986,1.),
(1.,0.917619312800986,1.),
(1.,0.924598718194655,1.),
(1.,0.924598718194655,1.),
(1.,0.951913758016627,1.),
(1.,0.951913758016627,1.),
(1.,0.971794651617156,1.),
(1.,0.971794651617156,1.),
(1.,0.97868276889856,1.),
(1.,0.97868276889856,1.),
(1.,0.983285665458402,1.),
(1.,0.983285665458402,1.),
(1.,0.985891886097242,1.),
(1.,0.985891886097242,1.),
(1.,0.986967510802679,1.),
(1.,0.986967510802679,1.)))REPRESENTATION_ITEM('')SURFACE());
#4917=CARTESIAN_POINT('',(77.1376906977154,112.,104.694826863138));
#4918=CARTESIAN_POINT('',(79.0141612653792,109.068063904258,106.716037326261));
#4919=CARTESIAN_POINT('',(79.2181332717599,109.188962829011,110.734303328863));
#4920=CARTESIAN_POINT('',(77.4618289851728,112.,104.774728288819));
#4921=CARTESIAN_POINT('',(79.2562647997699,109.209975772022,106.818751010306));
#4922=CARTESIAN_POINT('',(79.6131417889603,109.423093509402,110.696100151952));
#4923=CARTESIAN_POINT('',(77.7957339956247,112.,104.840835449306));
#4924=CARTESIAN_POINT('',(79.5102772193354,109.379291430182,106.904007563255));
#4925=CARTESIAN_POINT('',(80.0111313407165,109.637520318566,110.613674464055));
#4926=CARTESIAN_POINT('',(78.4926925418122,112.,104.941880849841));
#4927=CARTESIAN_POINT('',(80.0817652708966,109.684969837368,106.988628403347));
#4928=CARTESIAN_POINT('',(80.8128965825244,110.030332132333,110.370133794586));
#4929=CARTESIAN_POINT('',(78.8557359656573,112.,104.976827758818));
#4930=CARTESIAN_POINT('',(80.3853052872648,109.857030612279,107.00749749737));
#4931=CARTESIAN_POINT('',(81.216667014768,110.208697182935,110.208919172788));
#4932=CARTESIAN_POINT('',(79.3667449275901,112.,104.996954976926));
#4933=CARTESIAN_POINT('',(80.8297023377589,110.06234419428,106.974994505901));
#4934=CARTESIAN_POINT('',(81.7607129030134,110.424720108004,109.943203019263));
#4935=CARTESIAN_POINT('',(79.4975525200695,112.,104.999718146435));
#4936=CARTESIAN_POINT('',(80.9432161681239,110.118428124158,106.964759059593));
#4937=CARTESIAN_POINT('',(81.8980044321258,110.47716354826,109.872008255793));
#4938=CARTESIAN_POINT('',(79.7625271046064,112.,105.000240974809));
#4939=CARTESIAN_POINT('',(81.1765828186749,110.219943377273,106.932200424376));
#4940=CARTESIAN_POINT('',(82.1720057983542,110.57785062579,109.721900350602));
#4941=CARTESIAN_POINT('',(79.8966942837171,112.,104.998000614432));
#4942=CARTESIAN_POINT('',(81.2945888693818,110.274186362818,106.913511451527));
#4943=CARTESIAN_POINT('',(82.3087155718005,110.626094148248,109.642986740873));
#4944=CARTESIAN_POINT('',(80.6351291609492,112.,104.971127165128));
#4945=CARTESIAN_POINT('',(81.9510463896384,110.541710039181,106.780583885902));
#4946=CARTESIAN_POINT('',(83.0498168739303,110.877193148142,109.193962367952));
#4947=CARTESIAN_POINT('',(81.2611342288719,112.,104.897022808876));
#4948=CARTESIAN_POINT('',(82.5146803993845,110.751324192131,106.597528254253));
#4949=CARTESIAN_POINT('',(83.6366879111782,111.038633065387,108.761787825304));
#4950=CARTESIAN_POINT('',(82.5587659962031,112.,104.6111267097));
#4951=CARTESIAN_POINT('',(83.6819377748153,111.085907259718,106.069071479978));
#4952=CARTESIAN_POINT('',(84.7819383381266,111.293936410514,107.793189992836));
#4953=CARTESIAN_POINT('',(83.2311317681585,112.,104.398469787006));
#4954=CARTESIAN_POINT('',(84.2841367614092,111.229152402814,105.728608103689));
#4955=CARTESIAN_POINT('',(85.3400478583501,111.387697915532,107.256069494743));
#4956=CARTESIAN_POINT('',(84.257121756233,112.,103.943358951971));
#4957=CARTESIAN_POINT('',(85.2013559799418,111.387410397521,105.100630134399));
#4958=CARTESIAN_POINT('',(86.1719211104523,111.487576246936,106.386840740716));
#4959=CARTESIAN_POINT('',(84.6044536672416,112.,103.766441916578));
#4960=CARTESIAN_POINT('',(85.511851457446,111.433360780315,104.869642536496));
#4961=CARTESIAN_POINT('',(86.4505322991347,111.513880885463,106.083770614435));
#4962=CARTESIAN_POINT('',(85.2867113798629,112.,103.368036733425));
#4963=CARTESIAN_POINT('',(86.1250381830322,111.50547692988,104.376171871738));
#4964=CARTESIAN_POINT('',(87.0024130057179,111.552701044196,105.467901917531));
#4965=CARTESIAN_POINT('',(85.6215623410957,112.,103.14650185101));
#4966=CARTESIAN_POINT('',(86.4278229777273,111.533498827159,104.114038689575));
#4967=CARTESIAN_POINT('',(87.2757442052672,111.56521049851,105.155208921198));
#4968=CARTESIAN_POINT('',(86.2669248776448,112.,102.663261239286));
#4969=CARTESIAN_POINT('',(87.019556815591,111.572531515913,103.564065698755));
#4970=CARTESIAN_POINT('',(87.8192643924663,111.577217295659,104.523900604797));
#4971=CARTESIAN_POINT('',(86.5772797658705,112.,102.401635154577));
#4972=CARTESIAN_POINT('',(87.3085429991989,111.584451780672,103.276458899386));
#4973=CARTESIAN_POINT('',(88.0895228348564,111.576690475002,104.205403492408));
#4974=CARTESIAN_POINT('',(87.1627953536871,112.,101.847233235088));
#4975=CARTESIAN_POINT('',(87.8661199079631,111.594413896629,102.680435493526));
#4976=CARTESIAN_POINT('',(88.6259657137585,111.563079031197,103.560906374095));
#4977=CARTESIAN_POINT('',(87.4378659675467,112.,101.554640658973));
#4978=CARTESIAN_POINT('',(88.1347052750456,111.592855131425,102.372144040631));
#4979=CARTESIAN_POINT('',(88.892133440676,111.549963161945,103.234876419024));
#4980=CARTESIAN_POINT('',(87.6926398247818,112.,101.251157693584));
#4981=CARTESIAN_POINT('',(88.3903460964701,111.586174959328,102.053994596612));
#4982=CARTESIAN_POINT('',(89.1536801121508,111.531088493575,102.90068164653));
#4983=FACE_BOUND('',#4984,.T.);
#4984=EDGE_LOOP('',(#6115,#6116,#6117,#6118));
#4985=PLANE('',#4986);
#4986=AXIS2_PLACEMENT_3D('',#4987,#4988,#4989);
#4987=CARTESIAN_POINT('',(-90.5402020253555,7.,90.5402020253552));
#4988=DIRECTION('',(-0.707106781186549,0.,0.707106781186546));
#4989=DIRECTION('',(0.707106781186546,0.,0.707106781186549));
#4990=FACE_BOUND('',#4991,.T.);
#4991=EDGE_LOOP('',(#6119,#6120,#6121,#6122));
#4992=CYLINDRICAL_SURFACE('',#4993,4.9);
#4993=AXIS2_PLACEMENT_3D('',#4994,#4995,#4996);
#4994=CARTESIAN_POINT('',(-79.6507575950825,7.,94.5));
#4995=DIRECTION('',(0.,-1.,0.));
#4996=DIRECTION('',(0.,0.,-1.));
#4997=FACE_BOUND('',#4998,.T.);
#4998=EDGE_LOOP('',(#6123,#6124,#6125,#6126));
#4999=PLANE('',#5000);
#5000=AXIS2_PLACEMENT_3D('',#5001,#5002,#5003);
#5001=CARTESIAN_POINT('',(0.,7.,99.4));
#5002=DIRECTION('',(0.,0.,1.));
#5003=DIRECTION('',(1.,0.,0.));
#5004=FACE_BOUND('',#5005,.T.);
#5005=EDGE_LOOP('',(#6127,#6128,#6129,#6130));
#5006=PLANE('',#5007);
#5007=AXIS2_PLACEMENT_3D('',#5008,#5009,#5010);
#5008=CARTESIAN_POINT('',(-77.6622091820936,7.,0.));
#5009=DIRECTION('',(1.,0.,0.));
#5010=DIRECTION('',(0.,0.,-1.));
#5011=FACE_BOUND('',#5012,.T.);
#5012=EDGE_LOOP('',(#6131,#6132,#6133,#6134));
#5013=PLANE('',#5014);
#5014=AXIS2_PLACEMENT_3D('',#5015,#5016,#5017);
#5015=CARTESIAN_POINT('',(8.98149716429068E-13,7.,77.6622091820935));
#5016=DIRECTION('',(-1.15648231731754E-14,0.,-1.));
#5017=DIRECTION('',(-1.,0.,1.15648231731754E-14));
#5018=FACE_BOUND('',#5019,.T.);
#5019=EDGE_LOOP('',(#6135,#6136,#6137,#6138));
#5020=PLANE('',#5021);
#5021=AXIS2_PLACEMENT_3D('',#5022,#5023,#5024);
#5022=CARTESIAN_POINT('',(-99.3999999999917,7.,-1.03187581322735E-11));
#5023=DIRECTION('',(-1.,0.,-1.03810443986663E-13));
#5024=DIRECTION('',(-1.03810443986663E-13,0.,1.));
#5025=FACE_BOUND('',#5026,.T.);
#5026=EDGE_LOOP('',(#6139,#6140,#6141,#6142));
#5027=CYLINDRICAL_SURFACE('',#5028,4.90000000000001);
#5028=AXIS2_PLACEMENT_3D('',#5029,#5030,#5031);
#5029=CARTESIAN_POINT('',(-94.5,7.,79.6507575950824));
#5030=DIRECTION('',(0.,-1.,0.));
#5031=DIRECTION('',(0.,0.,-1.));
#5032=FACE_BOUND('',#5033,.T.);
#5033=EDGE_LOOP('',(#6143,#6144,#6145,#6146,#6147,#6148,#6149));
#5034=PLANE('',#5035);
#5035=AXIS2_PLACEMENT_3D('',#5036,#5037,#5038);
#5036=CARTESIAN_POINT('',(0.,7.,0.));
#5037=DIRECTION('',(0.,-1.,0.));
#5038=DIRECTION('',(0.,0.,-1.));
#5039=FACE_BOUND('',#5040,.T.);
#5040=EDGE_LOOP('',(#6150,#6151,#6152,#6153));
#5041=PLANE('',#5042);
#5042=AXIS2_PLACEMENT_3D('',#5043,#5044,#5045);
#5043=CARTESIAN_POINT('',(90.5402020253555,7.,90.5402020253552));
#5044=DIRECTION('',(0.707106781186549,0.,0.707106781186546));
#5045=DIRECTION('',(-0.707106781186546,0.,0.707106781186549));
#5046=FACE_BOUND('',#5047,.T.);
#5047=EDGE_LOOP('',(#6154,#6155,#6156,#6157));
#5048=CYLINDRICAL_SURFACE('',#5049,4.9);
#5049=AXIS2_PLACEMENT_3D('',#5050,#5051,#5052);
#5050=CARTESIAN_POINT('',(79.6507575950825,7.,94.5));
#5051=DIRECTION('',(0.,-1.,0.));
#5052=DIRECTION('',(0.,0.,-1.));
#5053=FACE_BOUND('',#5054,.T.);
#5054=EDGE_LOOP('',(#6158,#6159,#6160,#6161));
#5055=PLANE('',#5056);
#5056=AXIS2_PLACEMENT_3D('',#5057,#5058,#5059);
#5057=CARTESIAN_POINT('',(0.,7.,99.4));
#5058=DIRECTION('',(0.,0.,1.));
#5059=DIRECTION('',(-1.,0.,0.));
#5060=FACE_BOUND('',#5061,.T.);
#5061=EDGE_LOOP('',(#6162,#6163,#6164,#6165));
#5062=PLANE('',#5063);
#5063=AXIS2_PLACEMENT_3D('',#5064,#5065,#5066);
#5064=CARTESIAN_POINT('',(77.6622091820936,7.,0.));
#5065=DIRECTION('',(-1.,0.,0.));
#5066=DIRECTION('',(0.,0.,-1.));
#5067=FACE_BOUND('',#5068,.T.);
#5068=EDGE_LOOP('',(#6166,#6167,#6168,#6169));
#5069=PLANE('',#5070);
#5070=AXIS2_PLACEMENT_3D('',#5071,#5072,#5073);
#5071=CARTESIAN_POINT('',(-8.98149716429068E-13,7.,77.6622091820935));
#5072=DIRECTION('',(1.15648231731754E-14,0.,-1.));
#5073=DIRECTION('',(1.,0.,1.15648231731754E-14));
#5074=FACE_BOUND('',#5075,.T.);
#5075=EDGE_LOOP('',(#6170,#6171,#6172,#6173));
#5076=PLANE('',#5077);
#5077=AXIS2_PLACEMENT_3D('',#5078,#5079,#5080);
#5078=CARTESIAN_POINT('',(99.3999999999917,7.,-1.03187581322735E-11));
#5079=DIRECTION('',(1.,0.,-1.03810443986663E-13));
#5080=DIRECTION('',(1.03810443986663E-13,0.,1.));
#5081=FACE_BOUND('',#5082,.T.);
#5082=EDGE_LOOP('',(#6174,#6175,#6176,#6177));
#5083=CYLINDRICAL_SURFACE('',#5084,4.90000000000001);
#5084=AXIS2_PLACEMENT_3D('',#5085,#5086,#5087);
#5085=CARTESIAN_POINT('',(94.5,7.,79.6507575950824));
#5086=DIRECTION('',(0.,-1.,0.));
#5087=DIRECTION('',(0.,0.,-1.));
#5088=FACE_BOUND('',#5089,.T.);
#5089=EDGE_LOOP('',(#6178,#6179,#6180,#6181,#6182,#6183,#6184));
#5090=PLANE('',#5091);
#5091=AXIS2_PLACEMENT_3D('',#5092,#5093,#5094);
#5092=CARTESIAN_POINT('',(0.,7.,0.));
#5093=DIRECTION('',(0.,-1.,0.));
#5094=DIRECTION('',(0.,0.,-1.));
#5095=FACE_BOUND('',#5096,.T.);
#5096=EDGE_LOOP('',(#6185,#6186,#6187,#6188));
#5097=PLANE('',#5098);
#5098=AXIS2_PLACEMENT_3D('',#5099,#5100,#5101);
#5099=CARTESIAN_POINT('',(90.5402020253555,7.,-90.5402020253552));
#5100=DIRECTION('',(0.707106781186549,0.,-0.707106781186546));
#5101=DIRECTION('',(-0.707106781186546,0.,-0.707106781186549));
#5102=FACE_BOUND('',#5103,.T.);
#5103=EDGE_LOOP('',(#6189,#6190,#6191,#6192));
#5104=CYLINDRICAL_SURFACE('',#5105,4.9);
#5105=AXIS2_PLACEMENT_3D('',#5106,#5107,#5108);
#5106=CARTESIAN_POINT('',(79.6507575950825,7.,-94.5));
#5107=DIRECTION('',(0.,-1.,0.));
#5108=DIRECTION('',(0.,0.,1.));
#5109=FACE_BOUND('',#5110,.T.);
#5110=EDGE_LOOP('',(#6193,#6194,#6195,#6196));
#5111=PLANE('',#5112);
#5112=AXIS2_PLACEMENT_3D('',#5113,#5114,#5115);
#5113=CARTESIAN_POINT('',(0.,7.,-99.4));
#5114=DIRECTION('',(0.,0.,-1.));
#5115=DIRECTION('',(-1.,0.,0.));
#5116=FACE_BOUND('',#5117,.T.);
#5117=EDGE_LOOP('',(#6197,#6198,#6199,#6200));
#5118=PLANE('',#5119);
#5119=AXIS2_PLACEMENT_3D('',#5120,#5121,#5122);
#5120=CARTESIAN_POINT('',(77.6622091820936,7.,0.));
#5121=DIRECTION('',(-1.,0.,0.));
#5122=DIRECTION('',(0.,0.,1.));
#5123=FACE_BOUND('',#5124,.T.);
#5124=EDGE_LOOP('',(#6201,#6202,#6203,#6204));
#5125=PLANE('',#5126);
#5126=AXIS2_PLACEMENT_3D('',#5127,#5128,#5129);
#5127=CARTESIAN_POINT('',(-8.98149716429068E-13,7.,-77.6622091820935));
#5128=DIRECTION('',(1.15648231731754E-14,0.,1.));
#5129=DIRECTION('',(1.,0.,-1.15648231731754E-14));
#5130=FACE_BOUND('',#5131,.T.);
#5131=EDGE_LOOP('',(#6205,#6206,#6207,#6208));
#5132=PLANE('',#5133);
#5133=AXIS2_PLACEMENT_3D('',#5134,#5135,#5136);
#5134=CARTESIAN_POINT('',(99.3999999999917,7.,1.03187581322735E-11));
#5135=DIRECTION('',(1.,0.,1.03810443986663E-13));
#5136=DIRECTION('',(1.03810443986663E-13,0.,-1.));
#5137=FACE_BOUND('',#5138,.T.);
#5138=EDGE_LOOP('',(#6209,#6210,#6211,#6212));
#5139=CYLINDRICAL_SURFACE('',#5140,4.90000000000001);
#5140=AXIS2_PLACEMENT_3D('',#5141,#5142,#5143);
#5141=CARTESIAN_POINT('',(94.5,7.,-79.6507575950824));
#5142=DIRECTION('',(0.,-1.,0.));
#5143=DIRECTION('',(0.,0.,1.));
#5144=FACE_BOUND('',#5145,.T.);
#5145=EDGE_LOOP('',(#6213,#6214,#6215,#6216,#6217,#6218,#6219));
#5146=PLANE('',#5147);
#5147=AXIS2_PLACEMENT_3D('',#5148,#5149,#5150);
#5148=CARTESIAN_POINT('',(0.,7.,0.));
#5149=DIRECTION('',(0.,-1.,0.));
#5150=DIRECTION('',(0.,0.,1.));
#5151=FACE_BOUND('',#5152,.T.);
#5152=EDGE_LOOP('',(#6220,#6221,#6222,#6223));
#5153=PLANE('',#5154);
#5154=AXIS2_PLACEMENT_3D('',#5155,#5156,#5157);
#5155=CARTESIAN_POINT('',(-90.5402020253555,7.,-90.5402020253552));
#5156=DIRECTION('',(-0.707106781186549,0.,-0.707106781186546));
#5157=DIRECTION('',(0.707106781186546,0.,-0.707106781186549));
#5158=FACE_BOUND('',#5159,.T.);
#5159=EDGE_LOOP('',(#6224,#6225,#6226,#6227));
#5160=CYLINDRICAL_SURFACE('',#5161,4.9);
#5161=AXIS2_PLACEMENT_3D('',#5162,#5163,#5164);
#5162=CARTESIAN_POINT('',(-79.6507575950825,7.,-94.5));
#5163=DIRECTION('',(0.,-1.,0.));
#5164=DIRECTION('',(0.,0.,1.));
#5165=FACE_BOUND('',#5166,.T.);
#5166=EDGE_LOOP('',(#6228,#6229,#6230,#6231));
#5167=PLANE('',#5168);
#5168=AXIS2_PLACEMENT_3D('',#5169,#5170,#5171);
#5169=CARTESIAN_POINT('',(0.,7.,-99.4));
#5170=DIRECTION('',(0.,0.,-1.));
#5171=DIRECTION('',(1.,0.,0.));
#5172=FACE_BOUND('',#5173,.T.);
#5173=EDGE_LOOP('',(#6232,#6233,#6234,#6235));
#5174=PLANE('',#5175);
#5175=AXIS2_PLACEMENT_3D('',#5176,#5177,#5178);
#5176=CARTESIAN_POINT('',(-77.6622091820936,7.,0.));
#5177=DIRECTION('',(1.,0.,0.));
#5178=DIRECTION('',(0.,0.,1.));
#5179=FACE_BOUND('',#5180,.T.);
#5180=EDGE_LOOP('',(#6236,#6237,#6238,#6239));
#5181=PLANE('',#5182);
#5182=AXIS2_PLACEMENT_3D('',#5183,#5184,#5185);
#5183=CARTESIAN_POINT('',(8.98149716429068E-13,7.,-77.6622091820935));
#5184=DIRECTION('',(-1.15648231731754E-14,0.,1.));
#5185=DIRECTION('',(-1.,0.,-1.15648231731754E-14));
#5186=FACE_BOUND('',#5187,.T.);
#5187=EDGE_LOOP('',(#6240,#6241,#6242,#6243));
#5188=PLANE('',#5189);
#5189=AXIS2_PLACEMENT_3D('',#5190,#5191,#5192);
#5190=CARTESIAN_POINT('',(-99.3999999999917,7.,1.03187581322735E-11));
#5191=DIRECTION('',(-1.,0.,1.03810443986663E-13));
#5192=DIRECTION('',(-1.03810443986663E-13,0.,-1.));
#5193=FACE_BOUND('',#5194,.T.);
#5194=EDGE_LOOP('',(#6244,#6245,#6246,#6247));
#5195=CYLINDRICAL_SURFACE('',#5196,4.90000000000001);
#5196=AXIS2_PLACEMENT_3D('',#5197,#5198,#5199);
#5197=CARTESIAN_POINT('',(-94.5,7.,-79.6507575950824));
#5198=DIRECTION('',(0.,-1.,0.));
#5199=DIRECTION('',(0.,0.,1.));
#5200=FACE_BOUND('',#5201,.T.);
#5201=EDGE_LOOP('',(#6248,#6249,#6250,#6251,#6252,#6253,#6254));
#5202=PLANE('',#5203);
#5203=AXIS2_PLACEMENT_3D('',#5204,#5205,#5206);
#5204=CARTESIAN_POINT('',(0.,7.,0.));
#5205=DIRECTION('',(0.,-1.,0.));
#5206=DIRECTION('',(0.,0.,1.));
#5207=FACE_OUTER_BOUND('',#5208,.T.);
#5208=EDGE_LOOP('',(#6255));
#5209=FACE_BOUND('',#5210,.T.);
#5210=EDGE_LOOP('',(#6256,#6257));
#5211=CONICAL_SURFACE('',#5212,12.9500000000005,0.785398163397447);
#5212=AXIS2_PLACEMENT_3D('',#5213,#5214,#5215);
#5213=CARTESIAN_POINT('',(87.9246212024593,94.4999999999987,-103.25));
#5214=DIRECTION('',(0.,0.,-1.));
#5215=DIRECTION('',(-1.,0.,0.));
#5216=FACE_OUTER_BOUND('',#5217,.T.);
#5217=EDGE_LOOP('',(#6258));
#5218=FACE_BOUND('',#5219,.T.);
#5219=EDGE_LOOP('',(#6259,#6260));
#5220=CONICAL_SURFACE('',#5221,12.9500000000005,0.78539816339745);
#5221=AXIS2_PLACEMENT_3D('',#5222,#5223,#5224);
#5222=CARTESIAN_POINT('',(-87.9246212024593,94.4999999999987,-103.25));
#5223=DIRECTION('',(0.,0.,-1.));
#5224=DIRECTION('',(-1.,0.,0.));
#5225=FACE_BOUND('',#5226,.T.);
#5226=EDGE_LOOP('',(#6261,#6262));
#5227=FACE_OUTER_BOUND('',#5228,.T.);
#5228=EDGE_LOOP('',(#6263));
#5229=CONICAL_SURFACE('',#5230,12.9500000000005,0.78539816339745);
#5230=AXIS2_PLACEMENT_3D('',#5231,#5232,#5233);
#5231=CARTESIAN_POINT('',(87.9246212024593,94.4999999999987,103.25));
#5232=DIRECTION('',(0.,0.,1.));
#5233=DIRECTION('',(1.,0.,0.));
#5234=FACE_BOUND('',#5235,.T.);
#5235=EDGE_LOOP('',(#6264,#6265));
#5236=FACE_OUTER_BOUND('',#5237,.T.);
#5237=EDGE_LOOP('',(#6266));
#5238=CONICAL_SURFACE('',#5239,12.9500000000005,0.785398163397447);
#5239=AXIS2_PLACEMENT_3D('',#5240,#5241,#5242);
#5240=CARTESIAN_POINT('',(-87.9246212024593,94.4999999999987,103.25));
#5241=DIRECTION('',(0.,0.,1.));
#5242=DIRECTION('',(1.,0.,0.));
#5243=ORIENTED_EDGE('',*,*,#6267,.T.);
#5244=ORIENTED_EDGE('',*,*,#6268,.T.);
#5245=ORIENTED_EDGE('',*,*,#6269,.T.);
#5246=ORIENTED_EDGE('',*,*,#6270,.F.);
#5247=ORIENTED_EDGE('',*,*,#6271,.F.);
#5248=ORIENTED_EDGE('',*,*,#6272,.T.);
#5249=ORIENTED_EDGE('',*,*,#6267,.F.);
#5250=ORIENTED_EDGE('',*,*,#6273,.F.);
#5251=ORIENTED_EDGE('',*,*,#6274,.T.);
#5252=ORIENTED_EDGE('',*,*,#6275,.T.);
#5253=ORIENTED_EDGE('',*,*,#6276,.T.);
#5254=ORIENTED_EDGE('',*,*,#6277,.F.);
#5255=ORIENTED_EDGE('',*,*,#6278,.F.);
#5256=ORIENTED_EDGE('',*,*,#6279,.T.);
#5257=ORIENTED_EDGE('',*,*,#6274,.F.);
#5258=ORIENTED_EDGE('',*,*,#6280,.F.);
#5259=ORIENTED_EDGE('',*,*,#6276,.F.);
#5260=ORIENTED_EDGE('',*,*,#6281,.T.);
#5261=ORIENTED_EDGE('',*,*,#6282,.F.);
#5262=ORIENTED_EDGE('',*,*,#6283,.F.);
#5263=ORIENTED_EDGE('',*,*,#6284,.F.);
#5264=ORIENTED_EDGE('',*,*,#6285,.T.);
#5265=ORIENTED_EDGE('',*,*,#6286,.F.);
#5266=ORIENTED_EDGE('',*,*,#6287,.F.);
#5267=ORIENTED_EDGE('',*,*,#6288,.T.);
#5268=ORIENTED_EDGE('',*,*,#6289,.T.);
#5269=ORIENTED_EDGE('',*,*,#6290,.T.);
#5270=ORIENTED_EDGE('',*,*,#6291,.F.);
#5271=ORIENTED_EDGE('',*,*,#6292,.F.);
#5272=ORIENTED_EDGE('',*,*,#6293,.T.);
#5273=ORIENTED_EDGE('',*,*,#6288,.F.);
#5274=ORIENTED_EDGE('',*,*,#6294,.F.);
#5275=ORIENTED_EDGE('',*,*,#6290,.F.);
#5276=ORIENTED_EDGE('',*,*,#6295,.T.);
#5277=ORIENTED_EDGE('',*,*,#6296,.F.);
#5278=ORIENTED_EDGE('',*,*,#6297,.F.);
#5279=ORIENTED_EDGE('',*,*,#6298,.F.);
#5280=ORIENTED_EDGE('',*,*,#6299,.T.);
#5281=ORIENTED_EDGE('',*,*,#6300,.F.);
#5282=ORIENTED_EDGE('',*,*,#6301,.F.);
#5283=ORIENTED_EDGE('',*,*,#6302,.T.);
#5284=ORIENTED_EDGE('',*,*,#6303,.T.);
#5285=ORIENTED_EDGE('',*,*,#6304,.T.);
#5286=ORIENTED_EDGE('',*,*,#6305,.F.);
#5287=ORIENTED_EDGE('',*,*,#6306,.F.);
#5288=ORIENTED_EDGE('',*,*,#6307,.T.);
#5289=ORIENTED_EDGE('',*,*,#6302,.F.);
#5290=ORIENTED_EDGE('',*,*,#6308,.F.);
#5291=ORIENTED_EDGE('',*,*,#6309,.T.);
#5292=ORIENTED_EDGE('',*,*,#6310,.T.);
#5293=ORIENTED_EDGE('',*,*,#6296,.T.);
#5294=ORIENTED_EDGE('',*,*,#6298,.T.);
#5295=ORIENTED_EDGE('',*,*,#6311,.F.);
#5296=ORIENTED_EDGE('',*,*,#6312,.T.);
#5297=ORIENTED_EDGE('',*,*,#6313,.F.);
#5298=ORIENTED_EDGE('',*,*,#6314,.F.);
#5299=ORIENTED_EDGE('',*,*,#6315,.T.);
#5300=ORIENTED_EDGE('',*,*,#6316,.F.);
#5301=ORIENTED_EDGE('',*,*,#6317,.F.);
#5302=ORIENTED_EDGE('',*,*,#6318,.F.);
#5303=ORIENTED_EDGE('',*,*,#6319,.F.);
#5304=ORIENTED_EDGE('',*,*,#6320,.F.);
#5305=ORIENTED_EDGE('',*,*,#6321,.F.);
#5306=ORIENTED_EDGE('',*,*,#6322,.F.);
#5307=ORIENTED_EDGE('',*,*,#6323,.F.);
#5308=ORIENTED_EDGE('',*,*,#6324,.T.);
#5309=ORIENTED_EDGE('',*,*,#6325,.T.);
#5310=ORIENTED_EDGE('',*,*,#6326,.F.);
#5311=ORIENTED_EDGE('',*,*,#6327,.F.);
#5312=ORIENTED_EDGE('',*,*,#6328,.F.);
#5313=ORIENTED_EDGE('',*,*,#6329,.F.);
#5314=ORIENTED_EDGE('',*,*,#6330,.F.);
#5315=ORIENTED_EDGE('',*,*,#6331,.F.);
#5316=ORIENTED_EDGE('',*,*,#6332,.F.);
#5317=ORIENTED_EDGE('',*,*,#6333,.F.);
#5318=ORIENTED_EDGE('',*,*,#6334,.F.);
#5319=ORIENTED_EDGE('',*,*,#6335,.F.);
#5320=ORIENTED_EDGE('',*,*,#6336,.T.);
#5321=ORIENTED_EDGE('',*,*,#6337,.T.);
#5322=ORIENTED_EDGE('',*,*,#6338,.T.);
#5323=ORIENTED_EDGE('',*,*,#6339,.T.);
#5324=ORIENTED_EDGE('',*,*,#6340,.T.);
#5325=ORIENTED_EDGE('',*,*,#6341,.T.);
#5326=ORIENTED_EDGE('',*,*,#6342,.T.);
#5327=ORIENTED_EDGE('',*,*,#6343,.F.);
#5328=ORIENTED_EDGE('',*,*,#6344,.T.);
#5329=ORIENTED_EDGE('',*,*,#6345,.T.);
#5330=ORIENTED_EDGE('',*,*,#6346,.T.);
#5331=ORIENTED_EDGE('',*,*,#6347,.F.);
#5332=ORIENTED_EDGE('',*,*,#6348,.F.);
#5333=ORIENTED_EDGE('',*,*,#6349,.F.);
#5334=ORIENTED_EDGE('',*,*,#6350,.F.);
#5335=ORIENTED_EDGE('',*,*,#6351,.F.);
#5336=ORIENTED_EDGE('',*,*,#6352,.F.);
#5337=ORIENTED_EDGE('',*,*,#6353,.F.);
#5338=ORIENTED_EDGE('',*,*,#6354,.F.);
#5339=ORIENTED_EDGE('',*,*,#6355,.F.);
#5340=ORIENTED_EDGE('',*,*,#6356,.F.);
#5341=ORIENTED_EDGE('',*,*,#6357,.T.);
#5342=ORIENTED_EDGE('',*,*,#6358,.T.);
#5343=ORIENTED_EDGE('',*,*,#6282,.T.);
#5344=ORIENTED_EDGE('',*,*,#6284,.T.);
#5345=ORIENTED_EDGE('',*,*,#6359,.F.);
#5346=ORIENTED_EDGE('',*,*,#6360,.T.);
#5347=ORIENTED_EDGE('',*,*,#6361,.T.);
#5348=ORIENTED_EDGE('',*,*,#6362,.F.);
#5349=ORIENTED_EDGE('',*,*,#6363,.F.);
#5350=ORIENTED_EDGE('',*,*,#6364,.F.);
#5351=ORIENTED_EDGE('',*,*,#6365,.F.);
#5352=ORIENTED_EDGE('',*,*,#6366,.F.);
#5353=ORIENTED_EDGE('',*,*,#6367,.F.);
#5354=ORIENTED_EDGE('',*,*,#6368,.F.);
#5355=ORIENTED_EDGE('',*,*,#6369,.F.);
#5356=ORIENTED_EDGE('',*,*,#6370,.F.);
#5357=ORIENTED_EDGE('',*,*,#6371,.F.);
#5358=ORIENTED_EDGE('',*,*,#6372,.T.);
#5359=ORIENTED_EDGE('',*,*,#6373,.T.);
#5360=ORIENTED_EDGE('',*,*,#6374,.T.);
#5361=ORIENTED_EDGE('',*,*,#6375,.T.);
#5362=ORIENTED_EDGE('',*,*,#6376,.T.);
#5363=ORIENTED_EDGE('',*,*,#6377,.T.);
#5364=ORIENTED_EDGE('',*,*,#6378,.T.);
#5365=ORIENTED_EDGE('',*,*,#6379,.F.);
#5366=ORIENTED_EDGE('',*,*,#6380,.T.);
#5367=ORIENTED_EDGE('',*,*,#6381,.T.);
#5368=ORIENTED_EDGE('',*,*,#6382,.F.);
#5369=ORIENTED_EDGE('',*,*,#6383,.F.);
#5370=ORIENTED_EDGE('',*,*,#6384,.T.);
#5371=ORIENTED_EDGE('',*,*,#6271,.T.);
#5372=ORIENTED_EDGE('',*,*,#6385,.F.);
#5373=ORIENTED_EDGE('',*,*,#6386,.T.);
#5374=ORIENTED_EDGE('',*,*,#6387,.T.);
#5375=ORIENTED_EDGE('',*,*,#6292,.T.);
#5376=ORIENTED_EDGE('',*,*,#6388,.T.);
#5377=ORIENTED_EDGE('',*,*,#6389,.F.);
#5378=ORIENTED_EDGE('',*,*,#6390,.F.);
#5379=ORIENTED_EDGE('',*,*,#6391,.T.);
#5380=ORIENTED_EDGE('',*,*,#6392,.T.);
#5381=ORIENTED_EDGE('',*,*,#6393,.T.);
#5382=ORIENTED_EDGE('',*,*,#6394,.F.);
#5383=ORIENTED_EDGE('',*,*,#6395,.F.);
#5384=ORIENTED_EDGE('',*,*,#6396,.T.);
#5385=ORIENTED_EDGE('',*,*,#6306,.T.);
#5386=ORIENTED_EDGE('',*,*,#6397,.F.);
#5387=ORIENTED_EDGE('',*,*,#6398,.T.);
#5388=ORIENTED_EDGE('',*,*,#6399,.T.);
#5389=ORIENTED_EDGE('',*,*,#6278,.T.);
#5390=ORIENTED_EDGE('',*,*,#6400,.T.);
#5391=ORIENTED_EDGE('',*,*,#6401,.F.);
#5392=ORIENTED_EDGE('',*,*,#6402,.F.);
#5393=ORIENTED_EDGE('',*,*,#6403,.T.);
#5394=ORIENTED_EDGE('',*,*,#6404,.T.);
#5395=ORIENTED_EDGE('',*,*,#6405,.F.);
#5396=ORIENTED_EDGE('',*,*,#6406,.T.);
#5397=ORIENTED_EDGE('',*,*,#6407,.T.);
#5398=ORIENTED_EDGE('',*,*,#6311,.T.);
#5399=ORIENTED_EDGE('',*,*,#6301,.T.);
#5400=ORIENTED_EDGE('',*,*,#6408,.T.);
#5401=ORIENTED_EDGE('',*,*,#6409,.T.);
#5402=ORIENTED_EDGE('',*,*,#6410,.T.);
#5403=ORIENTED_EDGE('',*,*,#6390,.T.);
#5404=ORIENTED_EDGE('',*,*,#6411,.F.);
#5405=ORIENTED_EDGE('',*,*,#6412,.T.);
#5406=ORIENTED_EDGE('',*,*,#6413,.T.);
#5407=ORIENTED_EDGE('',*,*,#6327,.T.);
#5408=ORIENTED_EDGE('',*,*,#6414,.F.);
#5409=ORIENTED_EDGE('',*,*,#6415,.T.);
#5410=ORIENTED_EDGE('',*,*,#6416,.T.);
#5411=ORIENTED_EDGE('',*,*,#6343,.T.);
#5412=ORIENTED_EDGE('',*,*,#6417,.T.);
#5413=ORIENTED_EDGE('',*,*,#6418,.T.);
#5414=ORIENTED_EDGE('',*,*,#6419,.T.);
#5415=ORIENTED_EDGE('',*,*,#6420,.T.);
#5416=ORIENTED_EDGE('',*,*,#6395,.T.);
#5417=ORIENTED_EDGE('',*,*,#6421,.F.);
#5418=ORIENTED_EDGE('',*,*,#6422,.T.);
#5419=ORIENTED_EDGE('',*,*,#6423,.T.);
#5420=ORIENTED_EDGE('',*,*,#6348,.T.);
#5421=ORIENTED_EDGE('',*,*,#6424,.F.);
#5422=ORIENTED_EDGE('',*,*,#6425,.T.);
#5423=ORIENTED_EDGE('',*,*,#6426,.T.);
#5424=ORIENTED_EDGE('',*,*,#6359,.T.);
#5425=ORIENTED_EDGE('',*,*,#6287,.T.);
#5426=ORIENTED_EDGE('',*,*,#6427,.T.);
#5427=ORIENTED_EDGE('',*,*,#6428,.T.);
#5428=ORIENTED_EDGE('',*,*,#6429,.T.);
#5429=ORIENTED_EDGE('',*,*,#6402,.T.);
#5430=ORIENTED_EDGE('',*,*,#6430,.F.);
#5431=ORIENTED_EDGE('',*,*,#6431,.T.);
#5432=ORIENTED_EDGE('',*,*,#6432,.T.);
#5433=ORIENTED_EDGE('',*,*,#6363,.T.);
#5434=ORIENTED_EDGE('',*,*,#6433,.F.);
#5435=ORIENTED_EDGE('',*,*,#6434,.T.);
#5436=ORIENTED_EDGE('',*,*,#6435,.T.);
#5437=ORIENTED_EDGE('',*,*,#6379,.T.);
#5438=ORIENTED_EDGE('',*,*,#6436,.T.);
#5439=ORIENTED_EDGE('',*,*,#6437,.T.);
#5440=ORIENTED_EDGE('',*,*,#6438,.T.);
#5441=ORIENTED_EDGE('',*,*,#6439,.T.);
#5442=ORIENTED_EDGE('',*,*,#6383,.T.);
#5443=ORIENTED_EDGE('',*,*,#6440,.F.);
#5444=ORIENTED_EDGE('',*,*,#6441,.T.);
#5445=ORIENTED_EDGE('',*,*,#6442,.T.);
#5446=ORIENTED_EDGE('',*,*,#6314,.T.);
#5447=ORIENTED_EDGE('',*,*,#6443,.F.);
#5448=ORIENTED_EDGE('',*,*,#6444,.F.);
#5449=ORIENTED_EDGE('',*,*,#6445,.F.);
#5450=ORIENTED_EDGE('',*,*,#6446,.F.);
#5451=ORIENTED_EDGE('',*,*,#6447,.F.);
#5452=ORIENTED_EDGE('',*,*,#6448,.F.);
#5453=ORIENTED_EDGE('',*,*,#6449,.F.);
#5454=ORIENTED_EDGE('',*,*,#6450,.F.);
#5455=ORIENTED_EDGE('',*,*,#6451,.T.);
#5456=ORIENTED_EDGE('',*,*,#6452,.T.);
#5457=ORIENTED_EDGE('',*,*,#6312,.F.);
#5458=ORIENTED_EDGE('',*,*,#6453,.F.);
#5459=ORIENTED_EDGE('',*,*,#6454,.T.);
#5460=ORIENTED_EDGE('',*,*,#6455,.T.);
#5461=ORIENTED_EDGE('',*,*,#6381,.F.);
#5462=ORIENTED_EDGE('',*,*,#6273,.T.);
#5463=ORIENTED_EDGE('',*,*,#6270,.T.);
#5464=ORIENTED_EDGE('',*,*,#6456,.T.);
#5465=ORIENTED_EDGE('',*,*,#6373,.F.);
#5466=ORIENTED_EDGE('',*,*,#6457,.F.);
#5467=ORIENTED_EDGE('',*,*,#6458,.T.);
#5468=ORIENTED_EDGE('',*,*,#6459,.T.);
#5469=ORIENTED_EDGE('',*,*,#6361,.F.);
#5470=ORIENTED_EDGE('',*,*,#6460,.F.);
#5471=ORIENTED_EDGE('',*,*,#6461,.T.);
#5472=ORIENTED_EDGE('',*,*,#6462,.T.);
#5473=ORIENTED_EDGE('',*,*,#6400,.F.);
#5474=ORIENTED_EDGE('',*,*,#6280,.T.);
#5475=ORIENTED_EDGE('',*,*,#6277,.T.);
#5476=ORIENTED_EDGE('',*,*,#6283,.T.);
#5477=ORIENTED_EDGE('',*,*,#6358,.F.);
#5478=ORIENTED_EDGE('',*,*,#6463,.F.);
#5479=ORIENTED_EDGE('',*,*,#6464,.T.);
#5480=ORIENTED_EDGE('',*,*,#6465,.T.);
#5481=ORIENTED_EDGE('',*,*,#6346,.F.);
#5482=ORIENTED_EDGE('',*,*,#6466,.F.);
#5483=ORIENTED_EDGE('',*,*,#6467,.T.);
#5484=ORIENTED_EDGE('',*,*,#6468,.T.);
#5485=ORIENTED_EDGE('',*,*,#6393,.F.);
#5486=ORIENTED_EDGE('',*,*,#6308,.T.);
#5487=ORIENTED_EDGE('',*,*,#6305,.T.);
#5488=ORIENTED_EDGE('',*,*,#6469,.T.);
#5489=ORIENTED_EDGE('',*,*,#6337,.F.);
#5490=ORIENTED_EDGE('',*,*,#6470,.F.);
#5491=ORIENTED_EDGE('',*,*,#6471,.T.);
#5492=ORIENTED_EDGE('',*,*,#6472,.T.);
#5493=ORIENTED_EDGE('',*,*,#6325,.F.);
#5494=ORIENTED_EDGE('',*,*,#6473,.F.);
#5495=ORIENTED_EDGE('',*,*,#6474,.T.);
#5496=ORIENTED_EDGE('',*,*,#6475,.T.);
#5497=ORIENTED_EDGE('',*,*,#6388,.F.);
#5498=ORIENTED_EDGE('',*,*,#6294,.T.);
#5499=ORIENTED_EDGE('',*,*,#6291,.T.);
#5500=ORIENTED_EDGE('',*,*,#6297,.T.);
#5501=ORIENTED_EDGE('',*,*,#6310,.F.);
#5502=ORIENTED_EDGE('',*,*,#6476,.F.);
#5503=ORIENTED_EDGE('',*,*,#6477,.T.);
#5504=ORIENTED_EDGE('',*,*,#6478,.T.);
#5505=ORIENTED_EDGE('',*,*,#6479,.T.);
#5506=ORIENTED_EDGE('',*,*,#6480,.T.);
#5507=ORIENTED_EDGE('',*,*,#6481,.T.);
#5508=ORIENTED_EDGE('',*,*,#6482,.T.);
#5509=ORIENTED_EDGE('',*,*,#6483,.T.);
#5510=ORIENTED_EDGE('',*,*,#6484,.F.);
#5511=ORIENTED_EDGE('',*,*,#6485,.F.);
#5512=ORIENTED_EDGE('',*,*,#6486,.F.);
#5513=ORIENTED_EDGE('',*,*,#6487,.F.);
#5514=ORIENTED_EDGE('',*,*,#6488,.F.);
#5515=ORIENTED_EDGE('',*,*,#6489,.F.);
#5516=ORIENTED_EDGE('',*,*,#6490,.F.);
#5517=ORIENTED_EDGE('',*,*,#6491,.T.);
#5518=ORIENTED_EDGE('',*,*,#6492,.T.);
#5519=ORIENTED_EDGE('',*,*,#6493,.T.);
#5520=ORIENTED_EDGE('',*,*,#6494,.T.);
#5521=ORIENTED_EDGE('',*,*,#6495,.T.);
#5522=ORIENTED_EDGE('',*,*,#6496,.T.);
#5523=ORIENTED_EDGE('',*,*,#6497,.T.);
#5524=ORIENTED_EDGE('',*,*,#6498,.F.);
#5525=ORIENTED_EDGE('',*,*,#6499,.F.);
#5526=ORIENTED_EDGE('',*,*,#6500,.F.);
#5527=ORIENTED_EDGE('',*,*,#6501,.F.);
#5528=ORIENTED_EDGE('',*,*,#6502,.F.);
#5529=ORIENTED_EDGE('',*,*,#6503,.F.);
#5530=ORIENTED_EDGE('',*,*,#6504,.F.);
#5531=ORIENTED_EDGE('',*,*,#6286,.T.);
#5532=ORIENTED_EDGE('',*,*,#6505,.T.);
#5533=ORIENTED_EDGE('',*,*,#6427,.F.);
#5534=ORIENTED_EDGE('',*,*,#6419,.F.);
#5535=ORIENTED_EDGE('',*,*,#6506,.T.);
#5536=ORIENTED_EDGE('',*,*,#6507,.T.);
#5537=ORIENTED_EDGE('',*,*,#6300,.T.);
#5538=ORIENTED_EDGE('',*,*,#6508,.T.);
#5539=ORIENTED_EDGE('',*,*,#6408,.F.);
#5540=ORIENTED_EDGE('',*,*,#6438,.F.);
#5541=ORIENTED_EDGE('',*,*,#6509,.T.);
#5542=ORIENTED_EDGE('',*,*,#6510,.T.);
#5543=ORIENTED_EDGE('',*,*,#6443,.T.);
#5544=ORIENTED_EDGE('',*,*,#6511,.F.);
#5545=ORIENTED_EDGE('',*,*,#6512,.F.);
#5546=ORIENTED_EDGE('',*,*,#6513,.T.);
#5547=ORIENTED_EDGE('',*,*,#6444,.T.);
#5548=ORIENTED_EDGE('',*,*,#6513,.F.);
#5549=ORIENTED_EDGE('',*,*,#6514,.F.);
#5550=ORIENTED_EDGE('',*,*,#6515,.T.);
#5551=ORIENTED_EDGE('',*,*,#6445,.T.);
#5552=ORIENTED_EDGE('',*,*,#6515,.F.);
#5553=ORIENTED_EDGE('',*,*,#6516,.F.);
#5554=ORIENTED_EDGE('',*,*,#6517,.T.);
#5555=ORIENTED_EDGE('',*,*,#6446,.T.);
#5556=ORIENTED_EDGE('',*,*,#6517,.F.);
#5557=ORIENTED_EDGE('',*,*,#6518,.F.);
#5558=ORIENTED_EDGE('',*,*,#6519,.T.);
#5559=ORIENTED_EDGE('',*,*,#6447,.T.);
#5560=ORIENTED_EDGE('',*,*,#6519,.F.);
#5561=ORIENTED_EDGE('',*,*,#6520,.F.);
#5562=ORIENTED_EDGE('',*,*,#6521,.T.);
#5563=ORIENTED_EDGE('',*,*,#6448,.T.);
#5564=ORIENTED_EDGE('',*,*,#6521,.F.);
#5565=ORIENTED_EDGE('',*,*,#6522,.F.);
#5566=ORIENTED_EDGE('',*,*,#6523,.T.);
#5567=ORIENTED_EDGE('',*,*,#6449,.T.);
#5568=ORIENTED_EDGE('',*,*,#6523,.F.);
#5569=ORIENTED_EDGE('',*,*,#6524,.F.);
#5570=ORIENTED_EDGE('',*,*,#6525,.T.);
#5571=ORIENTED_EDGE('',*,*,#6450,.T.);
#5572=ORIENTED_EDGE('',*,*,#6525,.F.);
#5573=ORIENTED_EDGE('',*,*,#6526,.F.);
#5574=ORIENTED_EDGE('',*,*,#6511,.T.);
#5575=ORIENTED_EDGE('',*,*,#6512,.T.);
#5576=ORIENTED_EDGE('',*,*,#6526,.T.);
#5577=ORIENTED_EDGE('',*,*,#6524,.T.);
#5578=ORIENTED_EDGE('',*,*,#6522,.T.);
#5579=ORIENTED_EDGE('',*,*,#6520,.T.);
#5580=ORIENTED_EDGE('',*,*,#6518,.T.);
#5581=ORIENTED_EDGE('',*,*,#6516,.T.);
#5582=ORIENTED_EDGE('',*,*,#6514,.T.);
#5583=ORIENTED_EDGE('',*,*,#6507,.F.);
#5584=ORIENTED_EDGE('',*,*,#6527,.T.);
#5585=ORIENTED_EDGE('',*,*,#6396,.F.);
#5586=ORIENTED_EDGE('',*,*,#6420,.F.);
#5587=ORIENTED_EDGE('',*,*,#6304,.F.);
#5588=ORIENTED_EDGE('',*,*,#6528,.T.);
#5589=ORIENTED_EDGE('',*,*,#6338,.F.);
#5590=ORIENTED_EDGE('',*,*,#6469,.F.);
#5591=ORIENTED_EDGE('',*,*,#6510,.F.);
#5592=ORIENTED_EDGE('',*,*,#6529,.T.);
#5593=ORIENTED_EDGE('',*,*,#6384,.F.);
#5594=ORIENTED_EDGE('',*,*,#6439,.F.);
#5595=ORIENTED_EDGE('',*,*,#6269,.F.);
#5596=ORIENTED_EDGE('',*,*,#6530,.T.);
#5597=ORIENTED_EDGE('',*,*,#6374,.F.);
#5598=ORIENTED_EDGE('',*,*,#6456,.F.);
#5599=ORIENTED_EDGE('',*,*,#6362,.T.);
#5600=ORIENTED_EDGE('',*,*,#6459,.F.);
#5601=ORIENTED_EDGE('',*,*,#6531,.F.);
#5602=ORIENTED_EDGE('',*,*,#6433,.T.);
#5603=ORIENTED_EDGE('',*,*,#6372,.F.);
#5604=ORIENTED_EDGE('',*,*,#6435,.F.);
#5605=ORIENTED_EDGE('',*,*,#6532,.T.);
#5606=ORIENTED_EDGE('',*,*,#6457,.T.);
#5607=ORIENTED_EDGE('',*,*,#6531,.T.);
#5608=ORIENTED_EDGE('',*,*,#6458,.F.);
#5609=ORIENTED_EDGE('',*,*,#6532,.F.);
#5610=ORIENTED_EDGE('',*,*,#6434,.F.);
#5611=ORIENTED_EDGE('',*,*,#6401,.T.);
#5612=ORIENTED_EDGE('',*,*,#6462,.F.);
#5613=ORIENTED_EDGE('',*,*,#6533,.F.);
#5614=ORIENTED_EDGE('',*,*,#6430,.T.);
#5615=ORIENTED_EDGE('',*,*,#6360,.F.);
#5616=ORIENTED_EDGE('',*,*,#6432,.F.);
#5617=ORIENTED_EDGE('',*,*,#6534,.T.);
#5618=ORIENTED_EDGE('',*,*,#6460,.T.);
#5619=ORIENTED_EDGE('',*,*,#6533,.T.);
#5620=ORIENTED_EDGE('',*,*,#6461,.F.);
#5621=ORIENTED_EDGE('',*,*,#6534,.F.);
#5622=ORIENTED_EDGE('',*,*,#6431,.F.);
#5623=ORIENTED_EDGE('',*,*,#6365,.T.);
#5624=ORIENTED_EDGE('',*,*,#6535,.F.);
#5625=ORIENTED_EDGE('',*,*,#6536,.F.);
#5626=ORIENTED_EDGE('',*,*,#6537,.T.);
#5627=ORIENTED_EDGE('',*,*,#6366,.T.);
#5628=ORIENTED_EDGE('',*,*,#6537,.F.);
#5629=ORIENTED_EDGE('',*,*,#6538,.F.);
#5630=ORIENTED_EDGE('',*,*,#6539,.T.);
#5631=ORIENTED_EDGE('',*,*,#6367,.T.);
#5632=ORIENTED_EDGE('',*,*,#6539,.F.);
#5633=ORIENTED_EDGE('',*,*,#6540,.F.);
#5634=ORIENTED_EDGE('',*,*,#6541,.T.);
#5635=ORIENTED_EDGE('',*,*,#6368,.T.);
#5636=ORIENTED_EDGE('',*,*,#6541,.F.);
#5637=ORIENTED_EDGE('',*,*,#6542,.F.);
#5638=ORIENTED_EDGE('',*,*,#6543,.T.);
#5639=ORIENTED_EDGE('',*,*,#6369,.T.);
#5640=ORIENTED_EDGE('',*,*,#6543,.F.);
#5641=ORIENTED_EDGE('',*,*,#6544,.F.);
#5642=ORIENTED_EDGE('',*,*,#6545,.T.);
#5643=ORIENTED_EDGE('',*,*,#6370,.T.);
#5644=ORIENTED_EDGE('',*,*,#6545,.F.);
#5645=ORIENTED_EDGE('',*,*,#6546,.F.);
#5646=ORIENTED_EDGE('',*,*,#6547,.T.);
#5647=ORIENTED_EDGE('',*,*,#6371,.T.);
#5648=ORIENTED_EDGE('',*,*,#6547,.F.);
#5649=ORIENTED_EDGE('',*,*,#6548,.F.);
#5650=ORIENTED_EDGE('',*,*,#6549,.T.);
#5651=ORIENTED_EDGE('',*,*,#6364,.T.);
#5652=ORIENTED_EDGE('',*,*,#6549,.F.);
#5653=ORIENTED_EDGE('',*,*,#6550,.F.);
#5654=ORIENTED_EDGE('',*,*,#6535,.T.);
#5655=ORIENTED_EDGE('',*,*,#6536,.T.);
#5656=ORIENTED_EDGE('',*,*,#6550,.T.);
#5657=ORIENTED_EDGE('',*,*,#6548,.T.);
#5658=ORIENTED_EDGE('',*,*,#6546,.T.);
#5659=ORIENTED_EDGE('',*,*,#6544,.T.);
#5660=ORIENTED_EDGE('',*,*,#6542,.T.);
#5661=ORIENTED_EDGE('',*,*,#6540,.T.);
#5662=ORIENTED_EDGE('',*,*,#6538,.T.);
#5663=ORIENTED_EDGE('',*,*,#6551,.F.);
#5664=ORIENTED_EDGE('',*,*,#6552,.F.);
#5665=ORIENTED_EDGE('',*,*,#6553,.F.);
#5666=ORIENTED_EDGE('',*,*,#6554,.F.);
#5667=ORIENTED_EDGE('',*,*,#6555,.F.);
#5668=ORIENTED_EDGE('',*,*,#6556,.F.);
#5669=ORIENTED_EDGE('',*,*,#6557,.F.);
#5670=ORIENTED_EDGE('',*,*,#6558,.F.);
#5671=ORIENTED_EDGE('',*,*,#6559,.F.);
#5672=ORIENTED_EDGE('',*,*,#6560,.F.);
#5673=ORIENTED_EDGE('',*,*,#6558,.T.);
#5674=ORIENTED_EDGE('',*,*,#6561,.T.);
#5675=ORIENTED_EDGE('',*,*,#6562,.F.);
#5676=ORIENTED_EDGE('',*,*,#6563,.F.);
#5677=ORIENTED_EDGE('',*,*,#6551,.T.);
#5678=ORIENTED_EDGE('',*,*,#6560,.T.);
#5679=ORIENTED_EDGE('',*,*,#6564,.F.);
#5680=ORIENTED_EDGE('',*,*,#6565,.F.);
#5681=ORIENTED_EDGE('',*,*,#6552,.T.);
#5682=ORIENTED_EDGE('',*,*,#6563,.T.);
#5683=ORIENTED_EDGE('',*,*,#6566,.F.);
#5684=ORIENTED_EDGE('',*,*,#6567,.F.);
#5685=ORIENTED_EDGE('',*,*,#6553,.T.);
#5686=ORIENTED_EDGE('',*,*,#6565,.T.);
#5687=ORIENTED_EDGE('',*,*,#6568,.F.);
#5688=ORIENTED_EDGE('',*,*,#6569,.F.);
#5689=ORIENTED_EDGE('',*,*,#6554,.T.);
#5690=ORIENTED_EDGE('',*,*,#6567,.T.);
#5691=ORIENTED_EDGE('',*,*,#6570,.F.);
#5692=ORIENTED_EDGE('',*,*,#6571,.F.);
#5693=ORIENTED_EDGE('',*,*,#6555,.T.);
#5694=ORIENTED_EDGE('',*,*,#6569,.T.);
#5695=ORIENTED_EDGE('',*,*,#6572,.F.);
#5696=ORIENTED_EDGE('',*,*,#6573,.F.);
#5697=ORIENTED_EDGE('',*,*,#6556,.T.);
#5698=ORIENTED_EDGE('',*,*,#6571,.T.);
#5699=ORIENTED_EDGE('',*,*,#6574,.F.);
#5700=ORIENTED_EDGE('',*,*,#6561,.F.);
#5701=ORIENTED_EDGE('',*,*,#6557,.T.);
#5702=ORIENTED_EDGE('',*,*,#6573,.T.);
#5703=ORIENTED_EDGE('',*,*,#6559,.T.);
#5704=ORIENTED_EDGE('',*,*,#6574,.T.);
#5705=ORIENTED_EDGE('',*,*,#6572,.T.);
#5706=ORIENTED_EDGE('',*,*,#6570,.T.);
#5707=ORIENTED_EDGE('',*,*,#6568,.T.);
#5708=ORIENTED_EDGE('',*,*,#6566,.T.);
#5709=ORIENTED_EDGE('',*,*,#6564,.T.);
#5710=ORIENTED_EDGE('',*,*,#6562,.T.);
#5711=ORIENTED_EDGE('',*,*,#6382,.T.);
#5712=ORIENTED_EDGE('',*,*,#6455,.F.);
#5713=ORIENTED_EDGE('',*,*,#6575,.F.);
#5714=ORIENTED_EDGE('',*,*,#6440,.T.);
#5715=ORIENTED_EDGE('',*,*,#6315,.F.);
#5716=ORIENTED_EDGE('',*,*,#6442,.F.);
#5717=ORIENTED_EDGE('',*,*,#6576,.T.);
#5718=ORIENTED_EDGE('',*,*,#6453,.T.);
#5719=ORIENTED_EDGE('',*,*,#6575,.T.);
#5720=ORIENTED_EDGE('',*,*,#6454,.F.);
#5721=ORIENTED_EDGE('',*,*,#6576,.F.);
#5722=ORIENTED_EDGE('',*,*,#6441,.F.);
#5723=ORIENTED_EDGE('',*,*,#6347,.T.);
#5724=ORIENTED_EDGE('',*,*,#6465,.F.);
#5725=ORIENTED_EDGE('',*,*,#6577,.F.);
#5726=ORIENTED_EDGE('',*,*,#6424,.T.);
#5727=ORIENTED_EDGE('',*,*,#6357,.F.);
#5728=ORIENTED_EDGE('',*,*,#6426,.F.);
#5729=ORIENTED_EDGE('',*,*,#6578,.T.);
#5730=ORIENTED_EDGE('',*,*,#6463,.T.);
#5731=ORIENTED_EDGE('',*,*,#6577,.T.);
#5732=ORIENTED_EDGE('',*,*,#6464,.F.);
#5733=ORIENTED_EDGE('',*,*,#6578,.F.);
#5734=ORIENTED_EDGE('',*,*,#6425,.F.);
#5735=ORIENTED_EDGE('',*,*,#6394,.T.);
#5736=ORIENTED_EDGE('',*,*,#6468,.F.);
#5737=ORIENTED_EDGE('',*,*,#6579,.F.);
#5738=ORIENTED_EDGE('',*,*,#6421,.T.);
#5739=ORIENTED_EDGE('',*,*,#6345,.F.);
#5740=ORIENTED_EDGE('',*,*,#6423,.F.);
#5741=ORIENTED_EDGE('',*,*,#6580,.T.);
#5742=ORIENTED_EDGE('',*,*,#6466,.T.);
#5743=ORIENTED_EDGE('',*,*,#6579,.T.);
#5744=ORIENTED_EDGE('',*,*,#6467,.F.);
#5745=ORIENTED_EDGE('',*,*,#6580,.F.);
#5746=ORIENTED_EDGE('',*,*,#6422,.F.);
#5747=ORIENTED_EDGE('',*,*,#6326,.T.);
#5748=ORIENTED_EDGE('',*,*,#6472,.F.);
#5749=ORIENTED_EDGE('',*,*,#6581,.F.);
#5750=ORIENTED_EDGE('',*,*,#6414,.T.);
#5751=ORIENTED_EDGE('',*,*,#6336,.F.);
#5752=ORIENTED_EDGE('',*,*,#6416,.F.);
#5753=ORIENTED_EDGE('',*,*,#6582,.T.);
#5754=ORIENTED_EDGE('',*,*,#6470,.T.);
#5755=ORIENTED_EDGE('',*,*,#6581,.T.);
#5756=ORIENTED_EDGE('',*,*,#6471,.F.);
#5757=ORIENTED_EDGE('',*,*,#6582,.F.);
#5758=ORIENTED_EDGE('',*,*,#6415,.F.);
#5759=ORIENTED_EDGE('',*,*,#6389,.T.);
#5760=ORIENTED_EDGE('',*,*,#6475,.F.);
#5761=ORIENTED_EDGE('',*,*,#6583,.F.);
#5762=ORIENTED_EDGE('',*,*,#6411,.T.);
#5763=ORIENTED_EDGE('',*,*,#6324,.F.);
#5764=ORIENTED_EDGE('',*,*,#6413,.F.);
#5765=ORIENTED_EDGE('',*,*,#6584,.T.);
#5766=ORIENTED_EDGE('',*,*,#6473,.T.);
#5767=ORIENTED_EDGE('',*,*,#6583,.T.);
#5768=ORIENTED_EDGE('',*,*,#6474,.F.);
#5769=ORIENTED_EDGE('',*,*,#6584,.F.);
#5770=ORIENTED_EDGE('',*,*,#6412,.F.);
#5771=ORIENTED_EDGE('',*,*,#6313,.T.);
#5772=ORIENTED_EDGE('',*,*,#6452,.F.);
#5773=ORIENTED_EDGE('',*,*,#6585,.F.);
#5774=ORIENTED_EDGE('',*,*,#6405,.T.);
#5775=ORIENTED_EDGE('',*,*,#6309,.F.);
#5776=ORIENTED_EDGE('',*,*,#6407,.F.);
#5777=ORIENTED_EDGE('',*,*,#6586,.T.);
#5778=ORIENTED_EDGE('',*,*,#6476,.T.);
#5779=ORIENTED_EDGE('',*,*,#6585,.T.);
#5780=ORIENTED_EDGE('',*,*,#6451,.F.);
#5781=ORIENTED_EDGE('',*,*,#6586,.F.);
#5782=ORIENTED_EDGE('',*,*,#6406,.F.);
#5783=ORIENTED_EDGE('',*,*,#6350,.T.);
#5784=ORIENTED_EDGE('',*,*,#6587,.F.);
#5785=ORIENTED_EDGE('',*,*,#6588,.F.);
#5786=ORIENTED_EDGE('',*,*,#6589,.T.);
#5787=ORIENTED_EDGE('',*,*,#6351,.T.);
#5788=ORIENTED_EDGE('',*,*,#6589,.F.);
#5789=ORIENTED_EDGE('',*,*,#6590,.F.);
#5790=ORIENTED_EDGE('',*,*,#6591,.T.);
#5791=ORIENTED_EDGE('',*,*,#6352,.T.);
#5792=ORIENTED_EDGE('',*,*,#6591,.F.);
#5793=ORIENTED_EDGE('',*,*,#6592,.F.);
#5794=ORIENTED_EDGE('',*,*,#6593,.T.);
#5795=ORIENTED_EDGE('',*,*,#6353,.T.);
#5796=ORIENTED_EDGE('',*,*,#6593,.F.);
#5797=ORIENTED_EDGE('',*,*,#6594,.F.);
#5798=ORIENTED_EDGE('',*,*,#6595,.T.);
#5799=ORIENTED_EDGE('',*,*,#6354,.T.);
#5800=ORIENTED_EDGE('',*,*,#6595,.F.);
#5801=ORIENTED_EDGE('',*,*,#6596,.F.);
#5802=ORIENTED_EDGE('',*,*,#6597,.T.);
#5803=ORIENTED_EDGE('',*,*,#6355,.T.);
#5804=ORIENTED_EDGE('',*,*,#6597,.F.);
#5805=ORIENTED_EDGE('',*,*,#6598,.F.);
#5806=ORIENTED_EDGE('',*,*,#6599,.T.);
#5807=ORIENTED_EDGE('',*,*,#6356,.T.);
#5808=ORIENTED_EDGE('',*,*,#6599,.F.);
#5809=ORIENTED_EDGE('',*,*,#6600,.F.);
#5810=ORIENTED_EDGE('',*,*,#6601,.T.);
#5811=ORIENTED_EDGE('',*,*,#6349,.T.);
#5812=ORIENTED_EDGE('',*,*,#6601,.F.);
#5813=ORIENTED_EDGE('',*,*,#6602,.F.);
#5814=ORIENTED_EDGE('',*,*,#6587,.T.);
#5815=ORIENTED_EDGE('',*,*,#6329,.T.);
#5816=ORIENTED_EDGE('',*,*,#6603,.F.);
#5817=ORIENTED_EDGE('',*,*,#6604,.F.);
#5818=ORIENTED_EDGE('',*,*,#6605,.T.);
#5819=ORIENTED_EDGE('',*,*,#6330,.T.);
#5820=ORIENTED_EDGE('',*,*,#6605,.F.);
#5821=ORIENTED_EDGE('',*,*,#6606,.F.);
#5822=ORIENTED_EDGE('',*,*,#6607,.T.);
#5823=ORIENTED_EDGE('',*,*,#6331,.T.);
#5824=ORIENTED_EDGE('',*,*,#6607,.F.);
#5825=ORIENTED_EDGE('',*,*,#6608,.F.);
#5826=ORIENTED_EDGE('',*,*,#6609,.T.);
#5827=ORIENTED_EDGE('',*,*,#6332,.T.);
#5828=ORIENTED_EDGE('',*,*,#6609,.F.);
#5829=ORIENTED_EDGE('',*,*,#6610,.F.);
#5830=ORIENTED_EDGE('',*,*,#6611,.T.);
#5831=ORIENTED_EDGE('',*,*,#6333,.T.);
#5832=ORIENTED_EDGE('',*,*,#6611,.F.);
#5833=ORIENTED_EDGE('',*,*,#6612,.F.);
#5834=ORIENTED_EDGE('',*,*,#6613,.T.);
#5835=ORIENTED_EDGE('',*,*,#6334,.T.);
#5836=ORIENTED_EDGE('',*,*,#6613,.F.);
#5837=ORIENTED_EDGE('',*,*,#6614,.F.);
#5838=ORIENTED_EDGE('',*,*,#6615,.T.);
#5839=ORIENTED_EDGE('',*,*,#6335,.T.);
#5840=ORIENTED_EDGE('',*,*,#6615,.F.);
#5841=ORIENTED_EDGE('',*,*,#6616,.F.);
#5842=ORIENTED_EDGE('',*,*,#6617,.T.);
#5843=ORIENTED_EDGE('',*,*,#6328,.T.);
#5844=ORIENTED_EDGE('',*,*,#6617,.F.);
#5845=ORIENTED_EDGE('',*,*,#6618,.F.);
#5846=ORIENTED_EDGE('',*,*,#6603,.T.);
#5847=ORIENTED_EDGE('',*,*,#6604,.T.);
#5848=ORIENTED_EDGE('',*,*,#6618,.T.);
#5849=ORIENTED_EDGE('',*,*,#6616,.T.);
#5850=ORIENTED_EDGE('',*,*,#6614,.T.);
#5851=ORIENTED_EDGE('',*,*,#6612,.T.);
#5852=ORIENTED_EDGE('',*,*,#6610,.T.);
#5853=ORIENTED_EDGE('',*,*,#6608,.T.);
#5854=ORIENTED_EDGE('',*,*,#6606,.T.);
#5855=ORIENTED_EDGE('',*,*,#6619,.F.);
#5856=ORIENTED_EDGE('',*,*,#6620,.F.);
#5857=ORIENTED_EDGE('',*,*,#6621,.F.);
#5858=ORIENTED_EDGE('',*,*,#6622,.F.);
#5859=ORIENTED_EDGE('',*,*,#6623,.F.);
#5860=ORIENTED_EDGE('',*,*,#6624,.F.);
#5861=ORIENTED_EDGE('',*,*,#6625,.F.);
#5862=ORIENTED_EDGE('',*,*,#6626,.F.);
#5863=ORIENTED_EDGE('',*,*,#6627,.F.);
#5864=ORIENTED_EDGE('',*,*,#6628,.F.);
#5865=ORIENTED_EDGE('',*,*,#6626,.T.);
#5866=ORIENTED_EDGE('',*,*,#6629,.T.);
#5867=ORIENTED_EDGE('',*,*,#6630,.F.);
#5868=ORIENTED_EDGE('',*,*,#6631,.F.);
#5869=ORIENTED_EDGE('',*,*,#6619,.T.);
#5870=ORIENTED_EDGE('',*,*,#6628,.T.);
#5871=ORIENTED_EDGE('',*,*,#6632,.F.);
#5872=ORIENTED_EDGE('',*,*,#6633,.F.);
#5873=ORIENTED_EDGE('',*,*,#6620,.T.);
#5874=ORIENTED_EDGE('',*,*,#6631,.T.);
#5875=ORIENTED_EDGE('',*,*,#6634,.F.);
#5876=ORIENTED_EDGE('',*,*,#6635,.F.);
#5877=ORIENTED_EDGE('',*,*,#6621,.T.);
#5878=ORIENTED_EDGE('',*,*,#6633,.T.);
#5879=ORIENTED_EDGE('',*,*,#6636,.F.);
#5880=ORIENTED_EDGE('',*,*,#6637,.F.);
#5881=ORIENTED_EDGE('',*,*,#6622,.T.);
#5882=ORIENTED_EDGE('',*,*,#6635,.T.);
#5883=ORIENTED_EDGE('',*,*,#6638,.F.);
#5884=ORIENTED_EDGE('',*,*,#6639,.F.);
#5885=ORIENTED_EDGE('',*,*,#6623,.T.);
#5886=ORIENTED_EDGE('',*,*,#6637,.T.);
#5887=ORIENTED_EDGE('',*,*,#6640,.F.);
#5888=ORIENTED_EDGE('',*,*,#6641,.F.);
#5889=ORIENTED_EDGE('',*,*,#6624,.T.);
#5890=ORIENTED_EDGE('',*,*,#6639,.T.);
#5891=ORIENTED_EDGE('',*,*,#6642,.F.);
#5892=ORIENTED_EDGE('',*,*,#6629,.F.);
#5893=ORIENTED_EDGE('',*,*,#6625,.T.);
#5894=ORIENTED_EDGE('',*,*,#6641,.T.);
#5895=ORIENTED_EDGE('',*,*,#6317,.T.);
#5896=ORIENTED_EDGE('',*,*,#6643,.F.);
#5897=ORIENTED_EDGE('',*,*,#6644,.T.);
#5898=ORIENTED_EDGE('',*,*,#6645,.T.);
#5899=ORIENTED_EDGE('',*,*,#6318,.T.);
#5900=ORIENTED_EDGE('',*,*,#6645,.F.);
#5901=ORIENTED_EDGE('',*,*,#6646,.T.);
#5902=ORIENTED_EDGE('',*,*,#6647,.T.);
#5903=ORIENTED_EDGE('',*,*,#6319,.T.);
#5904=ORIENTED_EDGE('',*,*,#6647,.F.);
#5905=ORIENTED_EDGE('',*,*,#6648,.T.);
#5906=ORIENTED_EDGE('',*,*,#6649,.T.);
#5907=ORIENTED_EDGE('',*,*,#6320,.T.);
#5908=ORIENTED_EDGE('',*,*,#6649,.F.);
#5909=ORIENTED_EDGE('',*,*,#6650,.T.);
#5910=ORIENTED_EDGE('',*,*,#6651,.T.);
#5911=ORIENTED_EDGE('',*,*,#6321,.T.);
#5912=ORIENTED_EDGE('',*,*,#6651,.F.);
#5913=ORIENTED_EDGE('',*,*,#6652,.T.);
#5914=ORIENTED_EDGE('',*,*,#6653,.T.);
#5915=ORIENTED_EDGE('',*,*,#6322,.T.);
#5916=ORIENTED_EDGE('',*,*,#6653,.F.);
#5917=ORIENTED_EDGE('',*,*,#6654,.T.);
#5918=ORIENTED_EDGE('',*,*,#6655,.T.);
#5919=ORIENTED_EDGE('',*,*,#6323,.T.);
#5920=ORIENTED_EDGE('',*,*,#6655,.F.);
#5921=ORIENTED_EDGE('',*,*,#6656,.T.);
#5922=ORIENTED_EDGE('',*,*,#6657,.T.);
#5923=ORIENTED_EDGE('',*,*,#6316,.T.);
#5924=ORIENTED_EDGE('',*,*,#6657,.F.);
#5925=ORIENTED_EDGE('',*,*,#6658,.T.);
#5926=ORIENTED_EDGE('',*,*,#6643,.T.);
#5927=ORIENTED_EDGE('',*,*,#6627,.T.);
#5928=ORIENTED_EDGE('',*,*,#6642,.T.);
#5929=ORIENTED_EDGE('',*,*,#6640,.T.);
#5930=ORIENTED_EDGE('',*,*,#6638,.T.);
#5931=ORIENTED_EDGE('',*,*,#6636,.T.);
#5932=ORIENTED_EDGE('',*,*,#6634,.T.);
#5933=ORIENTED_EDGE('',*,*,#6632,.T.);
#5934=ORIENTED_EDGE('',*,*,#6630,.T.);
#5935=ORIENTED_EDGE('',*,*,#6590,.T.);
#5936=ORIENTED_EDGE('',*,*,#6588,.T.);
#5937=ORIENTED_EDGE('',*,*,#6602,.T.);
#5938=ORIENTED_EDGE('',*,*,#6600,.T.);
#5939=ORIENTED_EDGE('',*,*,#6598,.T.);
#5940=ORIENTED_EDGE('',*,*,#6596,.T.);
#5941=ORIENTED_EDGE('',*,*,#6594,.T.);
#5942=ORIENTED_EDGE('',*,*,#6592,.T.);
#5943=ORIENTED_EDGE('',*,*,#6658,.F.);
#5944=ORIENTED_EDGE('',*,*,#6656,.F.);
#5945=ORIENTED_EDGE('',*,*,#6654,.F.);
#5946=ORIENTED_EDGE('',*,*,#6652,.F.);
#5947=ORIENTED_EDGE('',*,*,#6650,.F.);
#5948=ORIENTED_EDGE('',*,*,#6648,.F.);
#5949=ORIENTED_EDGE('',*,*,#6646,.F.);
#5950=ORIENTED_EDGE('',*,*,#6644,.F.);
#5951=ORIENTED_EDGE('',*,*,#6341,.F.);
#5952=ORIENTED_EDGE('',*,*,#6659,.T.);
#5953=ORIENTED_EDGE('',*,*,#6660,.T.);
#5954=ORIENTED_EDGE('',*,*,#6661,.T.);
#5955=ORIENTED_EDGE('',*,*,#6662,.T.);
#5956=ORIENTED_EDGE('',*,*,#6663,.T.);
#5957=ORIENTED_EDGE('',*,*,#6664,.T.);
#5958=ORIENTED_EDGE('',*,*,#6665,.T.);
#5959=ORIENTED_EDGE('',*,*,#6666,.T.);
#5960=ORIENTED_EDGE('',*,*,#6667,.T.);
#5961=ORIENTED_EDGE('',*,*,#6668,.F.);
#5962=ORIENTED_EDGE('',*,*,#6667,.F.);
#5963=ORIENTED_EDGE('',*,*,#6669,.F.);
#5964=ORIENTED_EDGE('',*,*,#6668,.T.);
#5965=ORIENTED_EDGE('',*,*,#6669,.T.);
#5966=ORIENTED_EDGE('',*,*,#6385,.T.);
#5967=ORIENTED_EDGE('',*,*,#6670,.T.);
#5968=ORIENTED_EDGE('',*,*,#6671,.T.);
#5969=ORIENTED_EDGE('',*,*,#6672,.T.);
#5970=ORIENTED_EDGE('',*,*,#6673,.T.);
#5971=ORIENTED_EDGE('',*,*,#6674,.T.);
#5972=ORIENTED_EDGE('',*,*,#6675,.T.);
#5973=ORIENTED_EDGE('',*,*,#6676,.T.);
#5974=ORIENTED_EDGE('',*,*,#6677,.T.);
#5975=ORIENTED_EDGE('',*,*,#6678,.F.);
#5976=ORIENTED_EDGE('',*,*,#6679,.T.);
#5977=ORIENTED_EDGE('',*,*,#6680,.F.);
#5978=ORIENTED_EDGE('',*,*,#6680,.T.);
#5979=ORIENTED_EDGE('',*,*,#6678,.T.);
#5980=ORIENTED_EDGE('',*,*,#6679,.F.);
#5981=ORIENTED_EDGE('',*,*,#6397,.T.);
#5982=ORIENTED_EDGE('',*,*,#6681,.T.);
#5983=ORIENTED_EDGE('',*,*,#6682,.T.);
#5984=ORIENTED_EDGE('',*,*,#6683,.T.);
#5985=ORIENTED_EDGE('',*,*,#6684,.T.);
#5986=ORIENTED_EDGE('',*,*,#6685,.T.);
#5987=ORIENTED_EDGE('',*,*,#6686,.T.);
#5988=ORIENTED_EDGE('',*,*,#6687,.T.);
#5989=ORIENTED_EDGE('',*,*,#6688,.T.);
#5990=ORIENTED_EDGE('',*,*,#6689,.F.);
#5991=ORIENTED_EDGE('',*,*,#6690,.F.);
#5992=ORIENTED_EDGE('',*,*,#6691,.T.);
#5993=ORIENTED_EDGE('',*,*,#6690,.T.);
#5994=ORIENTED_EDGE('',*,*,#6689,.T.);
#5995=ORIENTED_EDGE('',*,*,#6691,.F.);
#5996=ORIENTED_EDGE('',*,*,#6377,.F.);
#5997=ORIENTED_EDGE('',*,*,#6692,.T.);
#5998=ORIENTED_EDGE('',*,*,#6693,.T.);
#5999=ORIENTED_EDGE('',*,*,#6694,.T.);
#6000=ORIENTED_EDGE('',*,*,#6695,.T.);
#6001=ORIENTED_EDGE('',*,*,#6696,.T.);
#6002=ORIENTED_EDGE('',*,*,#6697,.T.);
#6003=ORIENTED_EDGE('',*,*,#6698,.T.);
#6004=ORIENTED_EDGE('',*,*,#6699,.T.);
#6005=ORIENTED_EDGE('',*,*,#6700,.T.);
#6006=ORIENTED_EDGE('',*,*,#6701,.F.);
#6007=ORIENTED_EDGE('',*,*,#6700,.F.);
#6008=ORIENTED_EDGE('',*,*,#6701,.T.);
#6009=ORIENTED_EDGE('',*,*,#6702,.F.);
#6010=ORIENTED_EDGE('',*,*,#6702,.T.);
#6011=ORIENTED_EDGE('',*,*,#6673,.F.);
#6012=ORIENTED_EDGE('',*,*,#6703,.F.);
#6013=ORIENTED_EDGE('',*,*,#6299,.F.);
#6014=ORIENTED_EDGE('',*,*,#6703,.T.);
#6015=ORIENTED_EDGE('',*,*,#6672,.F.);
#6016=ORIENTED_EDGE('',*,*,#6704,.F.);
#6017=ORIENTED_EDGE('',*,*,#6508,.F.);
#6018=ORIENTED_EDGE('',*,*,#6704,.T.);
#6019=ORIENTED_EDGE('',*,*,#6671,.F.);
#6020=ORIENTED_EDGE('',*,*,#6705,.F.);
#6021=ORIENTED_EDGE('',*,*,#6409,.F.);
#6022=ORIENTED_EDGE('',*,*,#6391,.F.);
#6023=ORIENTED_EDGE('',*,*,#6410,.F.);
#6024=ORIENTED_EDGE('',*,*,#6705,.T.);
#6025=ORIENTED_EDGE('',*,*,#6670,.F.);
#6026=ORIENTED_EDGE('',*,*,#6293,.F.);
#6027=ORIENTED_EDGE('',*,*,#6387,.F.);
#6028=ORIENTED_EDGE('',*,*,#6706,.F.);
#6029=ORIENTED_EDGE('',*,*,#6386,.F.);
#6030=ORIENTED_EDGE('',*,*,#6675,.F.);
#6031=ORIENTED_EDGE('',*,*,#6707,.F.);
#6032=ORIENTED_EDGE('',*,*,#6289,.F.);
#6033=ORIENTED_EDGE('',*,*,#6706,.T.);
#6034=ORIENTED_EDGE('',*,*,#6295,.F.);
#6035=ORIENTED_EDGE('',*,*,#6707,.T.);
#6036=ORIENTED_EDGE('',*,*,#6674,.F.);
#6037=ORIENTED_EDGE('',*,*,#6339,.F.);
#6038=ORIENTED_EDGE('',*,*,#6528,.F.);
#6039=ORIENTED_EDGE('',*,*,#6708,.F.);
#6040=ORIENTED_EDGE('',*,*,#6708,.T.);
#6041=ORIENTED_EDGE('',*,*,#6303,.F.);
#6042=ORIENTED_EDGE('',*,*,#6709,.F.);
#6043=ORIENTED_EDGE('',*,*,#6659,.F.);
#6044=ORIENTED_EDGE('',*,*,#6340,.F.);
#6045=ORIENTED_EDGE('',*,*,#6709,.T.);
#6046=ORIENTED_EDGE('',*,*,#6307,.F.);
#6047=ORIENTED_EDGE('',*,*,#6660,.F.);
#6048=ORIENTED_EDGE('',*,*,#6661,.F.);
#6049=ORIENTED_EDGE('',*,*,#6527,.F.);
#6050=ORIENTED_EDGE('',*,*,#6710,.F.);
#6051=ORIENTED_EDGE('',*,*,#6710,.T.);
#6052=ORIENTED_EDGE('',*,*,#6506,.F.);
#6053=ORIENTED_EDGE('',*,*,#6711,.F.);
#6054=ORIENTED_EDGE('',*,*,#6662,.F.);
#6055=ORIENTED_EDGE('',*,*,#6711,.T.);
#6056=ORIENTED_EDGE('',*,*,#6418,.F.);
#6057=ORIENTED_EDGE('',*,*,#6712,.F.);
#6058=ORIENTED_EDGE('',*,*,#6663,.F.);
#6059=ORIENTED_EDGE('',*,*,#6342,.F.);
#6060=ORIENTED_EDGE('',*,*,#6664,.F.);
#6061=ORIENTED_EDGE('',*,*,#6712,.T.);
#6062=ORIENTED_EDGE('',*,*,#6417,.F.);
#6063=ORIENTED_EDGE('',*,*,#6713,.F.);
#6064=ORIENTED_EDGE('',*,*,#6285,.F.);
#6065=ORIENTED_EDGE('',*,*,#6684,.F.);
#6066=ORIENTED_EDGE('',*,*,#6713,.T.);
#6067=ORIENTED_EDGE('',*,*,#6683,.F.);
#6068=ORIENTED_EDGE('',*,*,#6714,.F.);
#6069=ORIENTED_EDGE('',*,*,#6505,.F.);
#6070=ORIENTED_EDGE('',*,*,#6714,.T.);
#6071=ORIENTED_EDGE('',*,*,#6682,.F.);
#6072=ORIENTED_EDGE('',*,*,#6715,.F.);
#6073=ORIENTED_EDGE('',*,*,#6428,.F.);
#6074=ORIENTED_EDGE('',*,*,#6403,.F.);
#6075=ORIENTED_EDGE('',*,*,#6429,.F.);
#6076=ORIENTED_EDGE('',*,*,#6715,.T.);
#6077=ORIENTED_EDGE('',*,*,#6681,.F.);
#6078=ORIENTED_EDGE('',*,*,#6279,.F.);
#6079=ORIENTED_EDGE('',*,*,#6399,.F.);
#6080=ORIENTED_EDGE('',*,*,#6716,.F.);
#6081=ORIENTED_EDGE('',*,*,#6398,.F.);
#6082=ORIENTED_EDGE('',*,*,#6686,.F.);
#6083=ORIENTED_EDGE('',*,*,#6717,.F.);
#6084=ORIENTED_EDGE('',*,*,#6275,.F.);
#6085=ORIENTED_EDGE('',*,*,#6716,.T.);
#6086=ORIENTED_EDGE('',*,*,#6685,.F.);
#6087=ORIENTED_EDGE('',*,*,#6281,.F.);
#6088=ORIENTED_EDGE('',*,*,#6717,.T.);
#6089=ORIENTED_EDGE('',*,*,#6375,.F.);
#6090=ORIENTED_EDGE('',*,*,#6530,.F.);
#6091=ORIENTED_EDGE('',*,*,#6718,.F.);
#6092=ORIENTED_EDGE('',*,*,#6718,.T.);
#6093=ORIENTED_EDGE('',*,*,#6268,.F.);
#6094=ORIENTED_EDGE('',*,*,#6719,.F.);
#6095=ORIENTED_EDGE('',*,*,#6692,.F.);
#6096=ORIENTED_EDGE('',*,*,#6376,.F.);
#6097=ORIENTED_EDGE('',*,*,#6693,.F.);
#6098=ORIENTED_EDGE('',*,*,#6719,.T.);
#6099=ORIENTED_EDGE('',*,*,#6272,.F.);
#6100=ORIENTED_EDGE('',*,*,#6529,.F.);
#6101=ORIENTED_EDGE('',*,*,#6720,.F.);
#6102=ORIENTED_EDGE('',*,*,#6694,.F.);
#6103=ORIENTED_EDGE('',*,*,#6720,.T.);
#6104=ORIENTED_EDGE('',*,*,#6509,.F.);
#6105=ORIENTED_EDGE('',*,*,#6721,.F.);
#6106=ORIENTED_EDGE('',*,*,#6695,.F.);
#6107=ORIENTED_EDGE('',*,*,#6721,.T.);
#6108=ORIENTED_EDGE('',*,*,#6437,.F.);
#6109=ORIENTED_EDGE('',*,*,#6722,.F.);
#6110=ORIENTED_EDGE('',*,*,#6696,.F.);
#6111=ORIENTED_EDGE('',*,*,#6378,.F.);
#6112=ORIENTED_EDGE('',*,*,#6697,.F.);
#6113=ORIENTED_EDGE('',*,*,#6722,.T.);
#6114=ORIENTED_EDGE('',*,*,#6436,.F.);
#6115=ORIENTED_EDGE('',*,*,#6499,.T.);
#6116=ORIENTED_EDGE('',*,*,#6723,.F.);
#6117=ORIENTED_EDGE('',*,*,#6724,.F.);
#6118=ORIENTED_EDGE('',*,*,#6725,.T.);
#6119=ORIENTED_EDGE('',*,*,#6500,.T.);
#6120=ORIENTED_EDGE('',*,*,#6725,.F.);
#6121=ORIENTED_EDGE('',*,*,#6726,.F.);
#6122=ORIENTED_EDGE('',*,*,#6727,.T.);
#6123=ORIENTED_EDGE('',*,*,#6501,.T.);
#6124=ORIENTED_EDGE('',*,*,#6727,.F.);
#6125=ORIENTED_EDGE('',*,*,#6728,.F.);
#6126=ORIENTED_EDGE('',*,*,#6729,.T.);
#6127=ORIENTED_EDGE('',*,*,#6502,.T.);
#6128=ORIENTED_EDGE('',*,*,#6729,.F.);
#6129=ORIENTED_EDGE('',*,*,#6730,.F.);
#6130=ORIENTED_EDGE('',*,*,#6731,.T.);
#6131=ORIENTED_EDGE('',*,*,#6503,.T.);
#6132=ORIENTED_EDGE('',*,*,#6731,.F.);
#6133=ORIENTED_EDGE('',*,*,#6732,.F.);
#6134=ORIENTED_EDGE('',*,*,#6733,.T.);
#6135=ORIENTED_EDGE('',*,*,#6504,.T.);
#6136=ORIENTED_EDGE('',*,*,#6733,.F.);
#6137=ORIENTED_EDGE('',*,*,#6734,.F.);
#6138=ORIENTED_EDGE('',*,*,#6735,.T.);
#6139=ORIENTED_EDGE('',*,*,#6498,.T.);
#6140=ORIENTED_EDGE('',*,*,#6735,.F.);
#6141=ORIENTED_EDGE('',*,*,#6736,.F.);
#6142=ORIENTED_EDGE('',*,*,#6723,.T.);
#6143=ORIENTED_EDGE('',*,*,#6724,.T.);
#6144=ORIENTED_EDGE('',*,*,#6736,.T.);
#6145=ORIENTED_EDGE('',*,*,#6734,.T.);
#6146=ORIENTED_EDGE('',*,*,#6732,.T.);
#6147=ORIENTED_EDGE('',*,*,#6730,.T.);
#6148=ORIENTED_EDGE('',*,*,#6728,.T.);
#6149=ORIENTED_EDGE('',*,*,#6726,.T.);
#6150=ORIENTED_EDGE('',*,*,#6492,.F.);
#6151=ORIENTED_EDGE('',*,*,#6737,.F.);
#6152=ORIENTED_EDGE('',*,*,#6738,.T.);
#6153=ORIENTED_EDGE('',*,*,#6739,.T.);
#6154=ORIENTED_EDGE('',*,*,#6491,.F.);
#6155=ORIENTED_EDGE('',*,*,#6740,.F.);
#6156=ORIENTED_EDGE('',*,*,#6741,.T.);
#6157=ORIENTED_EDGE('',*,*,#6737,.T.);
#6158=ORIENTED_EDGE('',*,*,#6497,.F.);
#6159=ORIENTED_EDGE('',*,*,#6742,.F.);
#6160=ORIENTED_EDGE('',*,*,#6743,.T.);
#6161=ORIENTED_EDGE('',*,*,#6740,.T.);
#6162=ORIENTED_EDGE('',*,*,#6496,.F.);
#6163=ORIENTED_EDGE('',*,*,#6744,.F.);
#6164=ORIENTED_EDGE('',*,*,#6745,.T.);
#6165=ORIENTED_EDGE('',*,*,#6742,.T.);
#6166=ORIENTED_EDGE('',*,*,#6495,.F.);
#6167=ORIENTED_EDGE('',*,*,#6746,.F.);
#6168=ORIENTED_EDGE('',*,*,#6747,.T.);
#6169=ORIENTED_EDGE('',*,*,#6744,.T.);
#6170=ORIENTED_EDGE('',*,*,#6494,.F.);
#6171=ORIENTED_EDGE('',*,*,#6748,.F.);
#6172=ORIENTED_EDGE('',*,*,#6749,.T.);
#6173=ORIENTED_EDGE('',*,*,#6746,.T.);
#6174=ORIENTED_EDGE('',*,*,#6493,.F.);
#6175=ORIENTED_EDGE('',*,*,#6739,.F.);
#6176=ORIENTED_EDGE('',*,*,#6750,.T.);
#6177=ORIENTED_EDGE('',*,*,#6748,.T.);
#6178=ORIENTED_EDGE('',*,*,#6738,.F.);
#6179=ORIENTED_EDGE('',*,*,#6741,.F.);
#6180=ORIENTED_EDGE('',*,*,#6743,.F.);
#6181=ORIENTED_EDGE('',*,*,#6745,.F.);
#6182=ORIENTED_EDGE('',*,*,#6747,.F.);
#6183=ORIENTED_EDGE('',*,*,#6749,.F.);
#6184=ORIENTED_EDGE('',*,*,#6750,.F.);
#6185=ORIENTED_EDGE('',*,*,#6485,.T.);
#6186=ORIENTED_EDGE('',*,*,#6751,.F.);
#6187=ORIENTED_EDGE('',*,*,#6752,.F.);
#6188=ORIENTED_EDGE('',*,*,#6753,.T.);
#6189=ORIENTED_EDGE('',*,*,#6486,.T.);
#6190=ORIENTED_EDGE('',*,*,#6753,.F.);
#6191=ORIENTED_EDGE('',*,*,#6754,.F.);
#6192=ORIENTED_EDGE('',*,*,#6755,.T.);
#6193=ORIENTED_EDGE('',*,*,#6487,.T.);
#6194=ORIENTED_EDGE('',*,*,#6755,.F.);
#6195=ORIENTED_EDGE('',*,*,#6756,.F.);
#6196=ORIENTED_EDGE('',*,*,#6757,.T.);
#6197=ORIENTED_EDGE('',*,*,#6488,.T.);
#6198=ORIENTED_EDGE('',*,*,#6757,.F.);
#6199=ORIENTED_EDGE('',*,*,#6758,.F.);
#6200=ORIENTED_EDGE('',*,*,#6759,.T.);
#6201=ORIENTED_EDGE('',*,*,#6489,.T.);
#6202=ORIENTED_EDGE('',*,*,#6759,.F.);
#6203=ORIENTED_EDGE('',*,*,#6760,.F.);
#6204=ORIENTED_EDGE('',*,*,#6761,.T.);
#6205=ORIENTED_EDGE('',*,*,#6490,.T.);
#6206=ORIENTED_EDGE('',*,*,#6761,.F.);
#6207=ORIENTED_EDGE('',*,*,#6762,.F.);
#6208=ORIENTED_EDGE('',*,*,#6763,.T.);
#6209=ORIENTED_EDGE('',*,*,#6484,.T.);
#6210=ORIENTED_EDGE('',*,*,#6763,.F.);
#6211=ORIENTED_EDGE('',*,*,#6764,.F.);
#6212=ORIENTED_EDGE('',*,*,#6751,.T.);
#6213=ORIENTED_EDGE('',*,*,#6752,.T.);
#6214=ORIENTED_EDGE('',*,*,#6764,.T.);
#6215=ORIENTED_EDGE('',*,*,#6762,.T.);
#6216=ORIENTED_EDGE('',*,*,#6760,.T.);
#6217=ORIENTED_EDGE('',*,*,#6758,.T.);
#6218=ORIENTED_EDGE('',*,*,#6756,.T.);
#6219=ORIENTED_EDGE('',*,*,#6754,.T.);
#6220=ORIENTED_EDGE('',*,*,#6478,.F.);
#6221=ORIENTED_EDGE('',*,*,#6765,.F.);
#6222=ORIENTED_EDGE('',*,*,#6766,.T.);
#6223=ORIENTED_EDGE('',*,*,#6767,.T.);
#6224=ORIENTED_EDGE('',*,*,#6477,.F.);
#6225=ORIENTED_EDGE('',*,*,#6768,.F.);
#6226=ORIENTED_EDGE('',*,*,#6769,.T.);
#6227=ORIENTED_EDGE('',*,*,#6765,.T.);
#6228=ORIENTED_EDGE('',*,*,#6483,.F.);
#6229=ORIENTED_EDGE('',*,*,#6770,.F.);
#6230=ORIENTED_EDGE('',*,*,#6771,.T.);
#6231=ORIENTED_EDGE('',*,*,#6768,.T.);
#6232=ORIENTED_EDGE('',*,*,#6482,.F.);
#6233=ORIENTED_EDGE('',*,*,#6772,.F.);
#6234=ORIENTED_EDGE('',*,*,#6773,.T.);
#6235=ORIENTED_EDGE('',*,*,#6770,.T.);
#6236=ORIENTED_EDGE('',*,*,#6481,.F.);
#6237=ORIENTED_EDGE('',*,*,#6774,.F.);
#6238=ORIENTED_EDGE('',*,*,#6775,.T.);
#6239=ORIENTED_EDGE('',*,*,#6772,.T.);
#6240=ORIENTED_EDGE('',*,*,#6480,.F.);
#6241=ORIENTED_EDGE('',*,*,#6776,.F.);
#6242=ORIENTED_EDGE('',*,*,#6777,.T.);
#6243=ORIENTED_EDGE('',*,*,#6774,.T.);
#6244=ORIENTED_EDGE('',*,*,#6479,.F.);
#6245=ORIENTED_EDGE('',*,*,#6767,.F.);
#6246=ORIENTED_EDGE('',*,*,#6778,.T.);
#6247=ORIENTED_EDGE('',*,*,#6776,.T.);
#6248=ORIENTED_EDGE('',*,*,#6766,.F.);
#6249=ORIENTED_EDGE('',*,*,#6769,.F.);
#6250=ORIENTED_EDGE('',*,*,#6771,.F.);
#6251=ORIENTED_EDGE('',*,*,#6773,.F.);
#6252=ORIENTED_EDGE('',*,*,#6775,.F.);
#6253=ORIENTED_EDGE('',*,*,#6777,.F.);
#6254=ORIENTED_EDGE('',*,*,#6778,.F.);
#6255=ORIENTED_EDGE('',*,*,#6392,.F.);
#6256=ORIENTED_EDGE('',*,*,#6677,.F.);
#6257=ORIENTED_EDGE('',*,*,#6676,.F.);
#6258=ORIENTED_EDGE('',*,*,#6344,.F.);
#6259=ORIENTED_EDGE('',*,*,#6666,.F.);
#6260=ORIENTED_EDGE('',*,*,#6665,.F.);
#6261=ORIENTED_EDGE('',*,*,#6699,.F.);
#6262=ORIENTED_EDGE('',*,*,#6698,.F.);
#6263=ORIENTED_EDGE('',*,*,#6380,.F.);
#6264=ORIENTED_EDGE('',*,*,#6688,.F.);
#6265=ORIENTED_EDGE('',*,*,#6687,.F.);
#6266=ORIENTED_EDGE('',*,*,#6404,.F.);
#6267=EDGE_CURVE('',#6779,#6780,#6781,.T.);
#6268=EDGE_CURVE('',#6780,#6782,#6783,.T.);
#6269=EDGE_CURVE('',#6782,#6784,#6785,.T.);
#6270=EDGE_CURVE('',#6779,#6784,#6786,.T.);
#6271=EDGE_CURVE('',#6787,#6788,#6789,.T.);
#6272=EDGE_CURVE('',#6787,#6780,#6790,.T.);
#6273=EDGE_CURVE('',#6788,#6779,#6791,.T.);
#6274=EDGE_CURVE('',#6792,#6793,#6794,.T.);
#6275=EDGE_CURVE('',#6793,#6795,#6796,.T.);
#6276=EDGE_CURVE('',#6795,#6797,#6798,.T.);
#6277=EDGE_CURVE('',#6792,#6797,#6799,.T.);
#6278=EDGE_CURVE('',#6800,#6801,#6802,.T.);
#6279=EDGE_CURVE('',#6800,#6793,#6803,.T.);
#6280=EDGE_CURVE('',#6801,#6792,#6804,.T.);
#6281=EDGE_CURVE('',#6795,#6805,#6806,.T.);
#6282=EDGE_CURVE('',#6807,#6805,#6808,.T.);
#6283=EDGE_CURVE('',#6797,#6807,#6809,.T.);
#6284=EDGE_CURVE('',#6805,#6810,#6811,.T.);
#6285=EDGE_CURVE('',#6805,#6812,#6813,.T.);
#6286=EDGE_CURVE('',#6814,#6812,#6815,.T.);
#6287=EDGE_CURVE('',#6810,#6814,#6816,.T.);
#6288=EDGE_CURVE('',#6817,#6818,#6819,.T.);
#6289=EDGE_CURVE('',#6818,#6820,#6821,.T.);
#6290=EDGE_CURVE('',#6820,#6822,#6823,.T.);
#6291=EDGE_CURVE('',#6817,#6822,#6824,.T.);
#6292=EDGE_CURVE('',#6825,#6826,#6827,.T.);
#6293=EDGE_CURVE('',#6825,#6818,#6828,.T.);
#6294=EDGE_CURVE('',#6826,#6817,#6829,.T.);
#6295=EDGE_CURVE('',#6820,#6830,#6831,.T.);
#6296=EDGE_CURVE('',#6832,#6830,#6833,.T.);
#6297=EDGE_CURVE('',#6822,#6832,#6834,.T.);
#6298=EDGE_CURVE('',#6830,#6835,#6836,.T.);
#6299=EDGE_CURVE('',#6830,#6837,#6838,.T.);
#6300=EDGE_CURVE('',#6839,#6837,#6840,.T.);
#6301=EDGE_CURVE('',#6835,#6839,#6841,.T.);
#6302=EDGE_CURVE('',#6842,#6843,#6844,.T.);
#6303=EDGE_CURVE('',#6843,#6845,#6846,.T.);
#6304=EDGE_CURVE('',#6845,#6847,#6848,.T.);
#6305=EDGE_CURVE('',#6842,#6847,#6849,.T.);
#6306=EDGE_CURVE('',#6850,#6851,#6852,.T.);
#6307=EDGE_CURVE('',#6850,#6843,#6853,.T.);
#6308=EDGE_CURVE('',#6851,#6842,#6854,.T.);
#6309=EDGE_CURVE('',#6855,#6856,#6857,.T.);
#6310=EDGE_CURVE('',#6856,#6832,#6858,.T.);
#6311=EDGE_CURVE('',#6855,#6835,#6859,.T.);
#6312=EDGE_CURVE('',#6860,#6861,#6862,.T.);
#6313=EDGE_CURVE('',#6863,#6861,#6864,.T.);
#6314=EDGE_CURVE('',#6865,#6863,#6866,.T.);
#6315=EDGE_CURVE('',#6865,#6860,#6867,.T.);
#6316=EDGE_CURVE('',#6868,#6869,#6870,.T.);
#6317=EDGE_CURVE('',#6871,#6868,#6872,.T.);
#6318=EDGE_CURVE('',#6873,#6871,#6874,.T.);
#6319=EDGE_CURVE('',#6875,#6873,#6876,.T.);
#6320=EDGE_CURVE('',#6877,#6875,#6878,.T.);
#6321=EDGE_CURVE('',#6879,#6877,#6880,.T.);
#6322=EDGE_CURVE('',#6881,#6879,#6882,.T.);
#6323=EDGE_CURVE('',#6869,#6881,#6883,.T.);
#6324=EDGE_CURVE('',#6884,#6885,#6886,.T.);
#6325=EDGE_CURVE('',#6885,#6887,#6888,.T.);
#6326=EDGE_CURVE('',#6889,#6887,#6890,.T.);
#6327=EDGE_CURVE('',#6884,#6889,#6891,.T.);
#6328=EDGE_CURVE('',#6892,#6893,#6894,.T.);
#6329=EDGE_CURVE('',#6895,#6892,#6896,.T.);
#6330=EDGE_CURVE('',#6897,#6895,#6898,.T.);
#6331=EDGE_CURVE('',#6899,#6897,#6900,.T.);
#6332=EDGE_CURVE('',#6901,#6899,#6902,.T.);
#6333=EDGE_CURVE('',#6903,#6901,#6904,.T.);
#6334=EDGE_CURVE('',#6905,#6903,#6906,.T.);
#6335=EDGE_CURVE('',#6893,#6905,#6907,.T.);
#6336=EDGE_CURVE('',#6908,#6909,#6910,.T.);
#6337=EDGE_CURVE('',#6909,#6911,#6912,.T.);
#6338=EDGE_CURVE('',#6911,#6913,#6914,.T.);
#6339=EDGE_CURVE('',#6913,#6915,#6916,.T.);
#6340=EDGE_CURVE('',#6915,#6917,#6918,.T.);
#6341=EDGE_CURVE('',#6917,#6919,#6920,.T.);
#6342=EDGE_CURVE('',#6919,#6921,#6922,.T.);
#6343=EDGE_CURVE('',#6908,#6921,#6923,.T.);
#6344=EDGE_CURVE('',#6924,#6924,#6925,.T.);
#6345=EDGE_CURVE('',#6926,#6927,#6928,.T.);
#6346=EDGE_CURVE('',#6927,#6929,#6930,.T.);
#6347=EDGE_CURVE('',#6931,#6929,#6932,.T.);
#6348=EDGE_CURVE('',#6926,#6931,#6933,.T.);
#6349=EDGE_CURVE('',#6934,#6935,#6936,.T.);
#6350=EDGE_CURVE('',#6937,#6934,#6938,.T.);
#6351=EDGE_CURVE('',#6939,#6937,#6940,.T.);
#6352=EDGE_CURVE('',#6941,#6939,#6942,.T.);
#6353=EDGE_CURVE('',#6943,#6941,#6944,.T.);
#6354=EDGE_CURVE('',#6945,#6943,#6946,.T.);
#6355=EDGE_CURVE('',#6947,#6945,#6948,.T.);
#6356=EDGE_CURVE('',#6935,#6947,#6949,.T.);
#6357=EDGE_CURVE('',#6950,#6951,#6952,.T.);
#6358=EDGE_CURVE('',#6951,#6807,#6953,.T.);
#6359=EDGE_CURVE('',#6950,#6810,#6954,.T.);
#6360=EDGE_CURVE('',#6955,#6956,#6957,.T.);
#6361=EDGE_CURVE('',#6956,#6958,#6959,.T.);
#6362=EDGE_CURVE('',#6960,#6958,#6961,.T.);
#6363=EDGE_CURVE('',#6955,#6960,#6962,.T.);
#6364=EDGE_CURVE('',#6963,#6964,#6965,.T.);
#6365=EDGE_CURVE('',#6966,#6963,#6967,.T.);
#6366=EDGE_CURVE('',#6968,#6966,#6969,.T.);
#6367=EDGE_CURVE('',#6970,#6968,#6971,.T.);
#6368=EDGE_CURVE('',#6972,#6970,#6973,.T.);
#6369=EDGE_CURVE('',#6974,#6972,#6975,.T.);
#6370=EDGE_CURVE('',#6976,#6974,#6977,.T.);
#6371=EDGE_CURVE('',#6964,#6976,#6978,.T.);
#6372=EDGE_CURVE('',#6979,#6980,#6981,.T.);
#6373=EDGE_CURVE('',#6980,#6982,#6983,.T.);
#6374=EDGE_CURVE('',#6982,#6984,#6985,.T.);
#6375=EDGE_CURVE('',#6984,#6986,#6987,.T.);
#6376=EDGE_CURVE('',#6986,#6988,#6989,.T.);
#6377=EDGE_CURVE('',#6988,#6990,#6991,.T.);
#6378=EDGE_CURVE('',#6990,#6992,#6993,.T.);
#6379=EDGE_CURVE('',#6979,#6992,#6994,.T.);
#6380=EDGE_CURVE('',#6995,#6995,#6996,.T.);
#6381=EDGE_CURVE('',#6788,#6997,#6998,.T.);
#6382=EDGE_CURVE('',#6999,#6997,#7000,.T.);
#6383=EDGE_CURVE('',#7001,#6999,#7002,.T.);
#6384=EDGE_CURVE('',#7001,#6787,#7003,.T.);
#6385=EDGE_CURVE('',#7004,#7005,#7006,.T.);
#6386=EDGE_CURVE('',#7004,#7007,#7008,.T.);
#6387=EDGE_CURVE('',#7007,#6825,#7009,.T.);
#6388=EDGE_CURVE('',#6826,#7010,#7011,.T.);
#6389=EDGE_CURVE('',#7012,#7010,#7013,.T.);
#6390=EDGE_CURVE('',#7014,#7012,#7015,.T.);
#6391=EDGE_CURVE('',#7014,#7005,#7016,.T.);
#6392=EDGE_CURVE('',#7017,#7017,#7018,.T.);
#6393=EDGE_CURVE('',#6851,#7019,#7020,.T.);
#6394=EDGE_CURVE('',#7021,#7019,#7022,.T.);
#6395=EDGE_CURVE('',#7023,#7021,#7024,.T.);
#6396=EDGE_CURVE('',#7023,#6850,#7025,.T.);
#6397=EDGE_CURVE('',#7026,#7027,#7028,.T.);
#6398=EDGE_CURVE('',#7026,#7029,#7030,.T.);
#6399=EDGE_CURVE('',#7029,#6800,#7031,.T.);
#6400=EDGE_CURVE('',#6801,#7032,#7033,.T.);
#6401=EDGE_CURVE('',#7034,#7032,#7035,.T.);
#6402=EDGE_CURVE('',#7036,#7034,#7037,.T.);
#6403=EDGE_CURVE('',#7036,#7027,#7038,.T.);
#6404=EDGE_CURVE('',#7039,#7039,#7040,.T.);
#6405=EDGE_CURVE('',#7041,#6863,#7042,.T.);
#6406=EDGE_CURVE('',#7041,#7043,#7044,.T.);
#6407=EDGE_CURVE('',#7043,#6855,#7045,.T.);
#6408=EDGE_CURVE('',#6839,#7046,#7047,.T.);
#6409=EDGE_CURVE('',#7046,#7048,#7049,.T.);
#6410=EDGE_CURVE('',#7048,#7014,#7050,.T.);
#6411=EDGE_CURVE('',#7051,#7012,#7052,.T.);
#6412=EDGE_CURVE('',#7051,#7053,#7054,.T.);
#6413=EDGE_CURVE('',#7053,#6884,#7055,.T.);
#6414=EDGE_CURVE('',#7056,#6889,#7057,.T.);
#6415=EDGE_CURVE('',#7056,#7058,#7059,.T.);
#6416=EDGE_CURVE('',#7058,#6908,#7060,.T.);
#6417=EDGE_CURVE('',#6921,#7061,#7062,.T.);
#6418=EDGE_CURVE('',#7061,#7063,#7064,.T.);
#6419=EDGE_CURVE('',#7063,#7065,#7066,.T.);
#6420=EDGE_CURVE('',#7065,#7023,#7067,.T.);
#6421=EDGE_CURVE('',#7068,#7021,#7069,.T.);
#6422=EDGE_CURVE('',#7068,#7070,#7071,.T.);
#6423=EDGE_CURVE('',#7070,#6926,#7072,.T.);
#6424=EDGE_CURVE('',#7073,#6931,#7074,.T.);
#6425=EDGE_CURVE('',#7073,#7075,#7076,.T.);
#6426=EDGE_CURVE('',#7075,#6950,#7077,.T.);
#6427=EDGE_CURVE('',#6814,#7078,#7079,.T.);
#6428=EDGE_CURVE('',#7078,#7080,#7081,.T.);
#6429=EDGE_CURVE('',#7080,#7036,#7082,.T.);
#6430=EDGE_CURVE('',#7083,#7034,#7084,.T.);
#6431=EDGE_CURVE('',#7083,#7085,#7086,.T.);
#6432=EDGE_CURVE('',#7085,#6955,#7087,.T.);
#6433=EDGE_CURVE('',#7088,#6960,#7089,.T.);
#6434=EDGE_CURVE('',#7088,#7090,#7091,.T.);
#6435=EDGE_CURVE('',#7090,#6979,#7092,.T.);
#6436=EDGE_CURVE('',#6992,#7093,#7094,.T.);
#6437=EDGE_CURVE('',#7093,#7095,#7096,.T.);
#6438=EDGE_CURVE('',#7095,#7097,#7098,.T.);
#6439=EDGE_CURVE('',#7097,#7001,#7099,.T.);
#6440=EDGE_CURVE('',#7100,#6999,#7101,.T.);
#6441=EDGE_CURVE('',#7100,#7102,#7103,.T.);
#6442=EDGE_CURVE('',#7102,#6865,#7104,.T.);
#6443=EDGE_CURVE('',#7105,#7106,#7107,.T.);
#6444=EDGE_CURVE('',#7108,#7105,#7109,.T.);
#6445=EDGE_CURVE('',#7110,#7108,#7111,.T.);
#6446=EDGE_CURVE('',#7112,#7110,#7113,.T.);
#6447=EDGE_CURVE('',#7114,#7112,#7115,.T.);
#6448=EDGE_CURVE('',#7116,#7114,#7117,.T.);
#6449=EDGE_CURVE('',#7118,#7116,#7119,.T.);
#6450=EDGE_CURVE('',#7106,#7118,#7120,.T.);
#6451=EDGE_CURVE('',#7121,#7122,#7123,.T.);
#6452=EDGE_CURVE('',#7122,#6861,#7124,.T.);
#6453=EDGE_CURVE('',#7125,#6860,#7126,.T.);
#6454=EDGE_CURVE('',#7125,#7127,#7128,.T.);
#6455=EDGE_CURVE('',#7127,#6997,#7129,.T.);
#6456=EDGE_CURVE('',#6784,#6982,#7130,.T.);
#6457=EDGE_CURVE('',#7131,#6980,#7132,.T.);
#6458=EDGE_CURVE('',#7131,#7133,#7134,.T.);
#6459=EDGE_CURVE('',#7133,#6958,#7135,.T.);
#6460=EDGE_CURVE('',#7136,#6956,#7137,.T.);
#6461=EDGE_CURVE('',#7136,#7138,#7139,.T.);
#6462=EDGE_CURVE('',#7138,#7032,#7140,.T.);
#6463=EDGE_CURVE('',#7141,#6951,#7142,.T.);
#6464=EDGE_CURVE('',#7141,#7143,#7144,.T.);
#6465=EDGE_CURVE('',#7143,#6929,#7145,.T.);
#6466=EDGE_CURVE('',#7146,#6927,#7147,.T.);
#6467=EDGE_CURVE('',#7146,#7148,#7149,.T.);
#6468=EDGE_CURVE('',#7148,#7019,#7150,.T.);
#6469=EDGE_CURVE('',#6847,#6911,#7151,.T.);
#6470=EDGE_CURVE('',#7152,#6909,#7153,.T.);
#6471=EDGE_CURVE('',#7152,#7154,#7155,.T.);
#6472=EDGE_CURVE('',#7154,#6887,#7156,.T.);
#6473=EDGE_CURVE('',#7157,#6885,#7158,.T.);
#6474=EDGE_CURVE('',#7157,#7159,#7160,.T.);
#6475=EDGE_CURVE('',#7159,#7010,#7161,.T.);
#6476=EDGE_CURVE('',#7121,#6856,#7162,.T.);
#6477=EDGE_CURVE('',#7163,#7164,#7165,.T.);
#6478=EDGE_CURVE('',#7164,#7166,#7167,.T.);
#6479=EDGE_CURVE('',#7166,#7168,#7169,.T.);
#6480=EDGE_CURVE('',#7168,#7170,#7171,.T.);
#6481=EDGE_CURVE('',#7170,#7172,#7173,.T.);
#6482=EDGE_CURVE('',#7172,#7174,#7175,.T.);
#6483=EDGE_CURVE('',#7174,#7163,#7176,.T.);
#6484=EDGE_CURVE('',#7177,#7178,#7179,.T.);
#6485=EDGE_CURVE('',#7180,#7177,#7181,.T.);
#6486=EDGE_CURVE('',#7182,#7180,#7183,.T.);
#6487=EDGE_CURVE('',#7184,#7182,#7185,.T.);
#6488=EDGE_CURVE('',#7186,#7184,#7187,.T.);
#6489=EDGE_CURVE('',#7188,#7186,#7189,.T.);
#6490=EDGE_CURVE('',#7178,#7188,#7190,.T.);
#6491=EDGE_CURVE('',#7191,#7192,#7193,.T.);
#6492=EDGE_CURVE('',#7192,#7194,#7195,.T.);
#6493=EDGE_CURVE('',#7194,#7196,#7197,.T.);
#6494=EDGE_CURVE('',#7196,#7198,#7199,.T.);
#6495=EDGE_CURVE('',#7198,#7200,#7201,.T.);
#6496=EDGE_CURVE('',#7200,#7202,#7203,.T.);
#6497=EDGE_CURVE('',#7202,#7191,#7204,.T.);
#6498=EDGE_CURVE('',#7205,#7206,#7207,.T.);
#6499=EDGE_CURVE('',#7208,#7205,#7209,.T.);
#6500=EDGE_CURVE('',#7210,#7208,#7211,.T.);
#6501=EDGE_CURVE('',#7212,#7210,#7213,.T.);
#6502=EDGE_CURVE('',#7214,#7212,#7215,.T.);
#6503=EDGE_CURVE('',#7216,#7214,#7217,.T.);
#6504=EDGE_CURVE('',#7206,#7216,#7218,.T.);
#6505=EDGE_CURVE('',#6812,#7078,#7219,.T.);
#6506=EDGE_CURVE('',#7063,#7220,#7221,.T.);
#6507=EDGE_CURVE('',#7220,#7065,#7222,.T.);
#6508=EDGE_CURVE('',#6837,#7046,#7223,.T.);
#6509=EDGE_CURVE('',#7095,#7224,#7225,.T.);
#6510=EDGE_CURVE('',#7224,#7097,#7226,.T.);
#6511=EDGE_CURVE('',#7227,#7106,#7228,.T.);
#6512=EDGE_CURVE('',#7229,#7227,#7230,.T.);
#6513=EDGE_CURVE('',#7229,#7105,#7231,.T.);
#6514=EDGE_CURVE('',#7232,#7229,#7233,.T.);
#6515=EDGE_CURVE('',#7232,#7108,#7234,.T.);
#6516=EDGE_CURVE('',#7235,#7232,#7236,.T.);
#6517=EDGE_CURVE('',#7235,#7110,#7237,.T.);
#6518=EDGE_CURVE('',#7238,#7235,#7239,.T.);
#6519=EDGE_CURVE('',#7238,#7112,#7240,.T.);
#6520=EDGE_CURVE('',#7241,#7238,#7242,.T.);
#6521=EDGE_CURVE('',#7241,#7114,#7243,.T.);
#6522=EDGE_CURVE('',#7244,#7241,#7245,.T.);
#6523=EDGE_CURVE('',#7244,#7116,#7246,.T.);
#6524=EDGE_CURVE('',#7247,#7244,#7248,.T.);
#6525=EDGE_CURVE('',#7247,#7118,#7249,.T.);
#6526=EDGE_CURVE('',#7227,#7247,#7250,.T.);
#6527=EDGE_CURVE('',#7220,#6850,#7251,.T.);
#6528=EDGE_CURVE('',#6845,#6913,#7252,.T.);
#6529=EDGE_CURVE('',#7224,#6787,#7253,.T.);
#6530=EDGE_CURVE('',#6782,#6984,#7254,.T.);
#6531=EDGE_CURVE('',#7088,#7133,#7255,.T.);
#6532=EDGE_CURVE('',#7090,#7131,#7256,.T.);
#6533=EDGE_CURVE('',#7083,#7138,#7257,.T.);
#6534=EDGE_CURVE('',#7085,#7136,#7258,.T.);
#6535=EDGE_CURVE('',#7259,#6963,#7260,.T.);
#6536=EDGE_CURVE('',#7261,#7259,#7262,.T.);
#6537=EDGE_CURVE('',#7261,#6966,#7263,.T.);
#6538=EDGE_CURVE('',#7264,#7261,#7265,.T.);
#6539=EDGE_CURVE('',#7264,#6968,#7266,.T.);
#6540=EDGE_CURVE('',#7267,#7264,#7268,.T.);
#6541=EDGE_CURVE('',#7267,#6970,#7269,.T.);
#6542=EDGE_CURVE('',#7270,#7267,#7271,.T.);
#6543=EDGE_CURVE('',#7270,#6972,#7272,.T.);
#6544=EDGE_CURVE('',#7273,#7270,#7274,.T.);
#6545=EDGE_CURVE('',#7273,#6974,#7275,.T.);
#6546=EDGE_CURVE('',#7276,#7273,#7277,.T.);
#6547=EDGE_CURVE('',#7276,#6976,#7278,.T.);
#6548=EDGE_CURVE('',#7279,#7276,#7280,.T.);
#6549=EDGE_CURVE('',#7279,#6964,#7281,.T.);
#6550=EDGE_CURVE('',#7259,#7279,#7282,.T.);
#6551=EDGE_CURVE('',#7283,#7284,#7285,.T.);
#6552=EDGE_CURVE('',#7286,#7283,#7287,.T.);
#6553=EDGE_CURVE('',#7288,#7286,#7289,.T.);
#6554=EDGE_CURVE('',#7290,#7288,#7291,.T.);
#6555=EDGE_CURVE('',#7292,#7290,#7293,.T.);
#6556=EDGE_CURVE('',#7294,#7292,#7295,.T.);
#6557=EDGE_CURVE('',#7296,#7294,#7297,.T.);
#6558=EDGE_CURVE('',#7284,#7296,#7298,.T.);
#6559=EDGE_CURVE('',#7299,#7300,#7301,.T.);
#6560=EDGE_CURVE('',#7284,#7299,#7302,.T.);
#6561=EDGE_CURVE('',#7296,#7300,#7303,.T.);
#6562=EDGE_CURVE('',#7304,#7299,#7305,.T.);
#6563=EDGE_CURVE('',#7283,#7304,#7306,.T.);
#6564=EDGE_CURVE('',#7307,#7304,#7308,.T.);
#6565=EDGE_CURVE('',#7286,#7307,#7309,.T.);
#6566=EDGE_CURVE('',#7310,#7307,#7311,.T.);
#6567=EDGE_CURVE('',#7288,#7310,#7312,.T.);
#6568=EDGE_CURVE('',#7313,#7310,#7314,.T.);
#6569=EDGE_CURVE('',#7290,#7313,#7315,.T.);
#6570=EDGE_CURVE('',#7316,#7313,#7317,.T.);
#6571=EDGE_CURVE('',#7292,#7316,#7318,.T.);
#6572=EDGE_CURVE('',#7319,#7316,#7320,.T.);
#6573=EDGE_CURVE('',#7294,#7319,#7321,.T.);
#6574=EDGE_CURVE('',#7300,#7319,#7322,.T.);
#6575=EDGE_CURVE('',#7100,#7127,#7323,.T.);
#6576=EDGE_CURVE('',#7102,#7125,#7324,.T.);
#6577=EDGE_CURVE('',#7073,#7143,#7325,.T.);
#6578=EDGE_CURVE('',#7075,#7141,#7326,.T.);
#6579=EDGE_CURVE('',#7068,#7148,#7327,.T.);
#6580=EDGE_CURVE('',#7070,#7146,#7328,.T.);
#6581=EDGE_CURVE('',#7056,#7154,#7329,.T.);
#6582=EDGE_CURVE('',#7058,#7152,#7330,.T.);
#6583=EDGE_CURVE('',#7051,#7159,#7331,.T.);
#6584=EDGE_CURVE('',#7053,#7157,#7332,.T.);
#6585=EDGE_CURVE('',#7041,#7122,#7333,.T.);
#6586=EDGE_CURVE('',#7043,#7121,#7334,.T.);
#6587=EDGE_CURVE('',#7335,#6934,#7336,.T.);
#6588=EDGE_CURVE('',#7337,#7335,#7338,.T.);
#6589=EDGE_CURVE('',#7337,#6937,#7339,.T.);
#6590=EDGE_CURVE('',#7340,#7337,#7341,.T.);
#6591=EDGE_CURVE('',#7340,#6939,#7342,.T.);
#6592=EDGE_CURVE('',#7343,#7340,#7344,.T.);
#6593=EDGE_CURVE('',#7343,#6941,#7345,.T.);
#6594=EDGE_CURVE('',#7346,#7343,#7347,.T.);
#6595=EDGE_CURVE('',#7346,#6943,#7348,.T.);
#6596=EDGE_CURVE('',#7349,#7346,#7350,.T.);
#6597=EDGE_CURVE('',#7349,#6945,#7351,.T.);
#6598=EDGE_CURVE('',#7352,#7349,#7353,.T.);
#6599=EDGE_CURVE('',#7352,#6947,#7354,.T.);
#6600=EDGE_CURVE('',#7355,#7352,#7356,.T.);
#6601=EDGE_CURVE('',#7355,#6935,#7357,.T.);
#6602=EDGE_CURVE('',#7335,#7355,#7358,.T.);
#6603=EDGE_CURVE('',#7359,#6892,#7360,.T.);
#6604=EDGE_CURVE('',#7361,#7359,#7362,.T.);
#6605=EDGE_CURVE('',#7361,#6895,#7363,.T.);
#6606=EDGE_CURVE('',#7364,#7361,#7365,.T.);
#6607=EDGE_CURVE('',#7364,#6897,#7366,.T.);
#6608=EDGE_CURVE('',#7367,#7364,#7368,.T.);
#6609=EDGE_CURVE('',#7367,#6899,#7369,.T.);
#6610=EDGE_CURVE('',#7370,#7367,#7371,.T.);
#6611=EDGE_CURVE('',#7370,#6901,#7372,.T.);
#6612=EDGE_CURVE('',#7373,#7370,#7374,.T.);
#6613=EDGE_CURVE('',#7373,#6903,#7375,.T.);
#6614=EDGE_CURVE('',#7376,#7373,#7377,.T.);
#6615=EDGE_CURVE('',#7376,#6905,#7378,.T.);
#6616=EDGE_CURVE('',#7379,#7376,#7380,.T.);
#6617=EDGE_CURVE('',#7379,#6893,#7381,.T.);
#6618=EDGE_CURVE('',#7359,#7379,#7382,.T.);
#6619=EDGE_CURVE('',#7383,#7384,#7385,.T.);
#6620=EDGE_CURVE('',#7386,#7383,#7387,.T.);
#6621=EDGE_CURVE('',#7388,#7386,#7389,.T.);
#6622=EDGE_CURVE('',#7390,#7388,#7391,.T.);
#6623=EDGE_CURVE('',#7392,#7390,#7393,.T.);
#6624=EDGE_CURVE('',#7394,#7392,#7395,.T.);
#6625=EDGE_CURVE('',#7396,#7394,#7397,.T.);
#6626=EDGE_CURVE('',#7384,#7396,#7398,.T.);
#6627=EDGE_CURVE('',#7399,#7400,#7401,.T.);
#6628=EDGE_CURVE('',#7384,#7399,#7402,.T.);
#6629=EDGE_CURVE('',#7396,#7400,#7403,.T.);
#6630=EDGE_CURVE('',#7404,#7399,#7405,.T.);
#6631=EDGE_CURVE('',#7383,#7404,#7406,.T.);
#6632=EDGE_CURVE('',#7407,#7404,#7408,.T.);
#6633=EDGE_CURVE('',#7386,#7407,#7409,.T.);
#6634=EDGE_CURVE('',#7410,#7407,#7411,.T.);
#6635=EDGE_CURVE('',#7388,#7410,#7412,.T.);
#6636=EDGE_CURVE('',#7413,#7410,#7414,.T.);
#6637=EDGE_CURVE('',#7390,#7413,#7415,.T.);
#6638=EDGE_CURVE('',#7416,#7413,#7417,.T.);
#6639=EDGE_CURVE('',#7392,#7416,#7418,.T.);
#6640=EDGE_CURVE('',#7419,#7416,#7420,.T.);
#6641=EDGE_CURVE('',#7394,#7419,#7421,.T.);
#6642=EDGE_CURVE('',#7400,#7419,#7422,.T.);
#6643=EDGE_CURVE('',#7423,#6868,#7424,.T.);
#6644=EDGE_CURVE('',#7423,#7425,#7426,.T.);
#6645=EDGE_CURVE('',#7425,#6871,#7427,.T.);
#6646=EDGE_CURVE('',#7425,#7428,#7429,.T.);
#6647=EDGE_CURVE('',#7428,#6873,#7430,.T.);
#6648=EDGE_CURVE('',#7428,#7431,#7432,.T.);
#6649=EDGE_CURVE('',#7431,#6875,#7433,.T.);
#6650=EDGE_CURVE('',#7431,#7434,#7435,.T.);
#6651=EDGE_CURVE('',#7434,#6877,#7436,.T.);
#6652=EDGE_CURVE('',#7434,#7437,#7438,.T.);
#6653=EDGE_CURVE('',#7437,#6879,#7439,.T.);
#6654=EDGE_CURVE('',#7437,#7440,#7441,.T.);
#6655=EDGE_CURVE('',#7440,#6881,#7442,.T.);
#6656=EDGE_CURVE('',#7440,#7443,#7444,.T.);
#6657=EDGE_CURVE('',#7443,#6869,#7445,.T.);
#6658=EDGE_CURVE('',#7443,#7423,#7446,.T.);
#6659=EDGE_CURVE('',#6917,#7447,#7448,.T.);
#6660=EDGE_CURVE('',#7447,#6850,#7449,.T.);
#6661=EDGE_CURVE('',#6850,#7450,#7451,.T.);
#6662=EDGE_CURVE('',#7450,#7452,#7453,.T.);
#6663=EDGE_CURVE('',#7452,#7454,#7455,.T.);
#6664=EDGE_CURVE('',#7454,#6919,#7456,.T.);
#6665=EDGE_CURVE('',#7457,#7458,#7459,.T.);
#6666=EDGE_CURVE('',#7458,#7457,#7460,.T.);
#6667=EDGE_CURVE('',#7461,#7461,#7462,.T.);
#6668=EDGE_CURVE('',#7463,#7463,#7464,.T.);
#6669=EDGE_CURVE('',#7465,#7465,#7466,.T.);
#6670=EDGE_CURVE('',#7005,#7467,#7468,.T.);
#6671=EDGE_CURVE('',#7467,#7469,#7470,.T.);
#6672=EDGE_CURVE('',#7469,#7471,#7472,.T.);
#6673=EDGE_CURVE('',#7471,#6830,#7473,.T.);
#6674=EDGE_CURVE('',#6830,#7474,#7475,.T.);
#6675=EDGE_CURVE('',#7474,#7004,#7476,.T.);
#6676=EDGE_CURVE('',#7477,#7478,#7479,.T.);
#6677=EDGE_CURVE('',#7478,#7477,#7480,.T.);
#6678=EDGE_CURVE('',#7481,#7481,#7482,.T.);
#6679=EDGE_CURVE('',#7483,#7483,#7484,.T.);
#6680=EDGE_CURVE('',#7485,#7485,#7486,.T.);
#6681=EDGE_CURVE('',#7027,#7487,#7488,.T.);
#6682=EDGE_CURVE('',#7487,#7489,#7490,.T.);
#6683=EDGE_CURVE('',#7489,#7491,#7492,.T.);
#6684=EDGE_CURVE('',#7491,#6805,#7493,.T.);
#6685=EDGE_CURVE('',#6805,#7494,#7495,.T.);
#6686=EDGE_CURVE('',#7494,#7026,#7496,.T.);
#6687=EDGE_CURVE('',#7497,#7498,#7499,.T.);
#6688=EDGE_CURVE('',#7498,#7497,#7500,.T.);
#6689=EDGE_CURVE('',#7501,#7501,#7502,.T.);
#6690=EDGE_CURVE('',#7503,#7503,#7504,.T.);
#6691=EDGE_CURVE('',#7505,#7505,#7506,.T.);
#6692=EDGE_CURVE('',#6988,#7507,#7508,.T.);
#6693=EDGE_CURVE('',#7507,#6787,#7509,.T.);
#6694=EDGE_CURVE('',#6787,#7510,#7511,.T.);
#6695=EDGE_CURVE('',#7510,#7512,#7513,.T.);
#6696=EDGE_CURVE('',#7512,#7514,#7515,.T.);
#6697=EDGE_CURVE('',#7514,#6990,#7516,.T.);
#6698=EDGE_CURVE('',#7517,#7518,#7519,.T.);
#6699=EDGE_CURVE('',#7518,#7517,#7520,.T.);
#6700=EDGE_CURVE('',#7521,#7521,#7522,.T.);
#6701=EDGE_CURVE('',#7523,#7523,#7524,.T.);
#6702=EDGE_CURVE('',#7525,#7525,#7526,.T.);
#6703=EDGE_CURVE('',#6837,#7471,#7527,.T.);
#6704=EDGE_CURVE('',#7046,#7469,#7528,.T.);
#6705=EDGE_CURVE('',#7048,#7467,#7529,.T.);
#6706=EDGE_CURVE('',#6818,#7007,#7530,.T.);
#6707=EDGE_CURVE('',#6820,#7474,#7531,.T.);
#6708=EDGE_CURVE('',#6915,#6845,#7532,.T.);
#6709=EDGE_CURVE('',#7447,#6843,#7533,.T.);
#6710=EDGE_CURVE('',#7450,#7220,#7534,.T.);
#6711=EDGE_CURVE('',#7452,#7063,#7535,.T.);
#6712=EDGE_CURVE('',#7454,#7061,#7536,.T.);
#6713=EDGE_CURVE('',#6812,#7491,#7537,.T.);
#6714=EDGE_CURVE('',#7078,#7489,#7538,.T.);
#6715=EDGE_CURVE('',#7080,#7487,#7539,.T.);
#6716=EDGE_CURVE('',#6793,#7029,#7540,.T.);
#6717=EDGE_CURVE('',#6795,#7494,#7541,.T.);
#6718=EDGE_CURVE('',#6986,#6782,#7542,.T.);
#6719=EDGE_CURVE('',#7507,#6780,#7543,.T.);
#6720=EDGE_CURVE('',#7510,#7224,#7544,.T.);
#6721=EDGE_CURVE('',#7512,#7095,#7545,.T.);
#6722=EDGE_CURVE('',#7514,#7093,#7546,.T.);
#6723=EDGE_CURVE('',#7547,#7205,#7548,.T.);
#6724=EDGE_CURVE('',#7549,#7547,#7550,.T.);
#6725=EDGE_CURVE('',#7549,#7208,#7551,.T.);
#6726=EDGE_CURVE('',#7552,#7549,#7553,.T.);
#6727=EDGE_CURVE('',#7552,#7210,#7554,.T.);
#6728=EDGE_CURVE('',#7555,#7552,#7556,.T.);
#6729=EDGE_CURVE('',#7555,#7212,#7557,.T.);
#6730=EDGE_CURVE('',#7558,#7555,#7559,.T.);
#6731=EDGE_CURVE('',#7558,#7214,#7560,.T.);
#6732=EDGE_CURVE('',#7561,#7558,#7562,.T.);
#6733=EDGE_CURVE('',#7561,#7216,#7563,.T.);
#6734=EDGE_CURVE('',#7564,#7561,#7565,.T.);
#6735=EDGE_CURVE('',#7564,#7206,#7566,.T.);
#6736=EDGE_CURVE('',#7547,#7564,#7567,.T.);
#6737=EDGE_CURVE('',#7568,#7192,#7569,.T.);
#6738=EDGE_CURVE('',#7568,#7570,#7571,.T.);
#6739=EDGE_CURVE('',#7570,#7194,#7572,.T.);
#6740=EDGE_CURVE('',#7573,#7191,#7574,.T.);
#6741=EDGE_CURVE('',#7573,#7568,#7575,.T.);
#6742=EDGE_CURVE('',#7576,#7202,#7577,.T.);
#6743=EDGE_CURVE('',#7576,#7573,#7578,.T.);
#6744=EDGE_CURVE('',#7579,#7200,#7580,.T.);
#6745=EDGE_CURVE('',#7579,#7576,#7581,.T.);
#6746=EDGE_CURVE('',#7582,#7198,#7583,.T.);
#6747=EDGE_CURVE('',#7582,#7579,#7584,.T.);
#6748=EDGE_CURVE('',#7585,#7196,#7586,.T.);
#6749=EDGE_CURVE('',#7585,#7582,#7587,.T.);
#6750=EDGE_CURVE('',#7570,#7585,#7588,.T.);
#6751=EDGE_CURVE('',#7589,#7177,#7590,.T.);
#6752=EDGE_CURVE('',#7591,#7589,#7592,.T.);
#6753=EDGE_CURVE('',#7591,#7180,#7593,.T.);
#6754=EDGE_CURVE('',#7594,#7591,#7595,.T.);
#6755=EDGE_CURVE('',#7594,#7182,#7596,.T.);
#6756=EDGE_CURVE('',#7597,#7594,#7598,.T.);
#6757=EDGE_CURVE('',#7597,#7184,#7599,.T.);
#6758=EDGE_CURVE('',#7600,#7597,#7601,.T.);
#6759=EDGE_CURVE('',#7600,#7186,#7602,.T.);
#6760=EDGE_CURVE('',#7603,#7600,#7604,.T.);
#6761=EDGE_CURVE('',#7603,#7188,#7605,.T.);
#6762=EDGE_CURVE('',#7606,#7603,#7607,.T.);
#6763=EDGE_CURVE('',#7606,#7178,#7608,.T.);
#6764=EDGE_CURVE('',#7589,#7606,#7609,.T.);
#6765=EDGE_CURVE('',#7610,#7164,#7611,.T.);
#6766=EDGE_CURVE('',#7610,#7612,#7613,.T.);
#6767=EDGE_CURVE('',#7612,#7166,#7614,.T.);
#6768=EDGE_CURVE('',#7615,#7163,#7616,.T.);
#6769=EDGE_CURVE('',#7615,#7610,#7617,.T.);
#6770=EDGE_CURVE('',#7618,#7174,#7619,.T.);
#6771=EDGE_CURVE('',#7618,#7615,#7620,.T.);
#6772=EDGE_CURVE('',#7621,#7172,#7622,.T.);
#6773=EDGE_CURVE('',#7621,#7618,#7623,.T.);
#6774=EDGE_CURVE('',#7624,#7170,#7625,.T.);
#6775=EDGE_CURVE('',#7624,#7621,#7626,.T.);
#6776=EDGE_CURVE('',#7627,#7168,#7628,.T.);
#6777=EDGE_CURVE('',#7627,#7624,#7629,.T.);
#6778=EDGE_CURVE('',#7612,#7627,#7630,.T.);
#6779=VERTEX_POINT('',#7631);
#6780=VERTEX_POINT('',#7632);
#6781=LINE('',#7633,#7634);
#6782=VERTEX_POINT('',#7636);
#6783=B_SPLINE_CURVE_WITH_KNOTS('',3,
(#7637,#7638,#7639,#7640,#7641,#7642,#7643,#7644,#7645,#7646,#7647,#7648,#7649,#7650),
.UNSPECIFIED.,.F.,.F.,
(4,2,2,2,2,2,4),
(0.,0.170984848566992,0.341969697133984,0.512954545700976,0.683939394267968,0.85492424283496,
1.),
.UNSPECIFIED.);
#6784=VERTEX_POINT('',#7651);
#6785=LINE('',#7652,#7653);
#6786=LINE('',#7655,#7656);
#6787=VERTEX_POINT('',#7658);
#6788=VERTEX_POINT('',#7659);
#6789=LINE('',#7660,#7661);
#6790=B_SPLINE_CURVE_WITH_KNOTS('',3,
(#7663,#7664,#7665,#7666,#7667,#7668,#7669,#7670,#7671,#7672,#7673,#7674,#7675,#7676,
#7677,#7678,#7679,#7680,#7681,#7682,#7683,#7684,#7685,#7686,#7687,#7688,#7689,#7690,
#7691,#7692,#7693,#7694,#7695,#7696,#7697,#7698,#7699,#7700,#7701,#7702,#7703,#7704,
#7705,#7706,#7707,#7708,#7709,#7710,#7711,#7712,#7713),
.UNSPECIFIED.,.F.,.F.,
(4,1,1,1,1,1,1,1,1,1,1,1,1,1,1,1,1,1,1,1,1,1,1,1,1,1,1,1,1,1,1,1,1,1,1,1,1,1,1,1,
1,1,1,1,1,1,1,1,4),
(0.,0.00452119717898352,0.00910835336155886,0.0137515898124433,0.0184992818295428,
0.0232953560660886,0.0299524598799642,0.0367559778122739,0.0437061827620647,0.0499630300205498,
0.0571905175248473,0.0704058198295803,0.0898570235022258,0.114917292538718,0.13608881672116,
0.152156258630673,0.163979652685539,0.176034965915038,0.189182883674838,0.203191773248791,
0.218689358867122,0.234811322806075,0.252597180464436,0.271417643107415,0.291676434573895,
0.312334792400033,0.33441163496641,0.357507297735981,0.382244968729262,0.407612431564221,
0.434444270655362,0.462132930378767,0.490868378920131,0.519808941137117,0.54940066119049,
0.579428862170265,0.610122894217053,0.641021693678757,0.672456524414406,0.70419597713914,
0.736322839925941,0.768526543424697,0.8009839121684,0.833618783316397,0.866534910979242,
0.89957963512903,0.932882427123834,0.966353775431633,1.),
.UNSPECIFIED.);
#6791=CIRCLE('',#7714,10.5);
#6792=VERTEX_POINT('',#7718);
#6793=VERTEX_POINT('',#7719);
#6794=LINE('',#7720,#7721);
#6795=VERTEX_POINT('',#7723);
#6796=B_SPLINE_CURVE_WITH_KNOTS('',3,
(#7724,#7725,#7726,#7727,#7728,#7729,#7730,#7731,#7732,#7733,#7734,#7735,#7736,#7737),
.UNSPECIFIED.,.F.,.F.,
(4,2,2,2,2,2,4),
(0.,0.170984848566994,0.341969697133987,0.512954545700981,0.683939394267974,0.854924242834968,
1.),
.UNSPECIFIED.);
#6797=VERTEX_POINT('',#7738);
#6798=LINE('',#7739,#7740);
#6799=LINE('',#7742,#7743);
#6800=VERTEX_POINT('',#7745);
#6801=VERTEX_POINT('',#7746);
#6802=LINE('',#7747,#7748);
#6803=B_SPLINE_CURVE_WITH_KNOTS('',3,
(#7750,#7751,#7752,#7753,#7754,#7755,#7756,#7757,#7758,#7759,#7760,#7761,#7762,#7763,
#7764,#7765,#7766,#7767,#7768,#7769,#7770,#7771,#7772,#7773,#7774,#7775,#7776,#7777,
#7778,#7779,#7780,#7781,#7782,#7783,#7784,#7785,#7786,#7787,#7788,#7789,#7790,#7791,
#7792,#7793,#7794,#7795,#7796,#7797,#7798,#7799,#7800,#7801,#7802,#7803,#7804,#7805,
#7806,#7807,#7808),
.UNSPECIFIED.,.F.,.F.,
(4,1,1,1,1,1,1,1,1,1,1,1,1,1,1,1,1,1,1,1,1,1,1,1,1,1,1,1,1,1,1,1,1,1,1,1,1,1,1,1,
1,1,1,1,1,1,1,1,1,1,1,1,1,1,1,1,4),
(0.,0.0145709273550908,0.0291639036831269,0.0437738014832346,0.0583845588944229,
0.0729943029726016,0.08755884541012,0.10208434721007,0.116540833806862,0.130966286073739,
0.145291438141703,0.159541633851894,0.173667786573691,0.187741375107419,0.201688478126829,
0.215557480320423,0.229322982775162,0.24306100195232,0.256889231219973,0.270833961019841,
0.285029928886938,0.29937003610143,0.314110136428423,0.329097055069641,0.344474798811658,
0.359993174824804,0.376120704342454,0.392715252499292,0.41009702224444,0.427804201292671,
0.446331791700216,0.465373376998154,0.485107030093805,0.505032520366559,0.525497685242594,
0.546288960073892,0.567563427970116,0.588989448186234,0.610822347802366,0.632893251179694,
0.655265497743985,0.677696091556008,0.700182662379405,0.722678750043663,0.745147111484845,
0.767593734604884,0.789862939178921,0.811986944823938,0.833851683069964,0.855611527716225,
0.877029910208551,0.89821420547283,0.919031748447155,0.939703795195397,0.960024710565661,
0.980124822088831,1.),
.UNSPECIFIED.);
#6804=CIRCLE('',#7809,10.5);
#6805=VERTEX_POINT('',#7813);
#6806=B_SPLINE_CURVE_WITH_KNOTS('',3,
(#7814,#7815,#7816,#7817,#7818,#7819,#7820,#7821,#7822,#7823,#7824,#7825,#7826,#7827,
#7828,#7829,#7830,#7831,#7832),
.UNSPECIFIED.,.F.,.F.,
(4,1,1,1,1,1,1,1,1,1,1,1,1,1,1,1,4),
(0.,0.0603952492145755,0.121255776985096,0.182621232762325,0.244722834129829,0.307308827129036,
0.370717210457404,0.434664163988511,0.499208958197722,0.56402641460364,0.628634975149082,
0.692679051464804,0.755743841590161,0.818152414629577,0.879581255309324,0.940309794811287,
1.),
.UNSPECIFIED.);
#6807=VERTEX_POINT('',#7833);
#6808=LINE('',#7834,#7835);
#6809=CIRCLE('',#7837,10.5);
#6810=VERTEX_POINT('',#7841);
#6811=LINE('',#7842,#7843);
#6812=VERTEX_POINT('',#7845);
#6813=B_SPLINE_CURVE_WITH_KNOTS('',3,
(#7846,#7847,#7848,#7849,#7850,#7851,#7852,#7853,#7854,#7855,#7856,#7857,#7858,#7859,
#7860,#7861,#7862,#7863,#7864,#7865,#7866,#7867,#7868,#7869,#7870,#7871,#7872,#7873,
#7874,#7875,#7876,#7877,#7878,#7879,#7880,#7881,#7882,#7883,#7884,#7885,#7886,#7887,
#7888,#7889,#7890,#7891,#7892,#7893,#7894,#7895,#7896,#7897,#7898,#7899,#7900,#7901,
#7902,#7903,#7904,#7905,#7906),
.UNSPECIFIED.,.F.,.F.,
(4,1,1,1,1,1,1,1,1,1,1,1,1,1,1,1,1,1,1,1,1,1,1,1,1,1,1,1,1,1,1,1,1,1,1,1,1,1,1,1,
1,1,1,1,1,1,1,1,1,1,1,1,1,1,1,1,1,1,4),
(0.,0.00414459687578894,0.00833614617465428,0.0125643924123689,0.0168605610217474,
0.02118753982281,0.0256067589046907,0.0300872260979184,0.0346593118401704,0.039261356632526,
0.0440382086772429,0.0489594172633134,0.0541387799402327,0.0594316048853802,0.0670344757527499,
0.0749180883015803,0.0830834680110098,0.0906277708784168,0.0994668335574152,0.11378816231674,
0.133106120364085,0.152878135549681,0.168917583054647,0.180861954107566,0.193254571880115,
0.211848382133379,0.231464103152818,0.25210679589734,0.269046207614488,0.287008288619181,
0.306723394624346,0.327170504375695,0.349523777957205,0.373052378849274,0.398207887546576,
0.423822611514448,0.450646524590835,0.478204719333063,0.506718434119132,0.535452935504753,
0.56451981479184,0.593685411821176,0.622835328671036,0.651867101767275,0.680200896324215,
0.707971835955431,0.734726573397124,0.761043146483348,0.786177991225168,0.810572257268425,
0.833925831686484,0.85697995287325,0.87912949552964,0.900674103602641,0.921317186692558,
0.941659292429335,0.961403877459552,0.980850639937127,1.),
.UNSPECIFIED.);
#6814=VERTEX_POINT('',#7907);
#6815=LINE('',#7908,#7909);
#6816=CIRCLE('',#7911,10.5);
#6817=VERTEX_POINT('',#7915);
#6818=VERTEX_POINT('',#7916);
#6819=LINE('',#7917,#7918);
#6820=VERTEX_POINT('',#7920);
#6821=B_SPLINE_CURVE_WITH_KNOTS('',3,
(#7921,#7922,#7923,#7924,#7925,#7926,#7927,#7928,#7929,#7930,#7931,#7932,#7933,#7934),
.UNSPECIFIED.,.F.,.F.,
(4,2,2,2,2,2,4),
(0.,0.170984848566993,0.341969697133986,0.51295454570098,0.683939394267973,0.854924242834966,
1.),
.UNSPECIFIED.);
#6822=VERTEX_POINT('',#7935);
#6823=LINE('',#7936,#7937);
#6824=LINE('',#7939,#7940);
#6825=VERTEX_POINT('',#7942);
#6826=VERTEX_POINT('',#7943);
#6827=LINE('',#7944,#7945);
#6828=B_SPLINE_CURVE_WITH_KNOTS('',3,
(#7947,#7948,#7949,#7950,#7951,#7952,#7953,#7954,#7955,#7956,#7957,#7958,#7959,#7960,
#7961,#7962,#7963,#7964,#7965,#7966,#7967,#7968,#7969,#7970,#7971,#7972,#7973,#7974,
#7975,#7976,#7977,#7978,#7979,#7980,#7981,#7982,#7983,#7984,#7985,#7986,#7987,#7988,
#7989,#7990,#7991,#7992,#7993,#7994,#7995,#7996,#7997,#7998,#7999,#8000,#8001,#8002,
#8003,#8004,#8005),
.UNSPECIFIED.,.F.,.F.,
(4,1,1,1,1,1,1,1,1,1,1,1,1,1,1,1,1,1,1,1,1,1,1,1,1,1,1,1,1,1,1,1,1,1,1,1,1,1,1,1,
1,1,1,1,1,1,1,1,1,1,1,1,1,1,1,1,4),
(0.,0.0145709273848611,0.0291639037393929,0.0437738015634417,0.0583845589968029,
0.0729943030971489,0.087558845557992,0.102084347382004,0.11654083400312,0.130966286294779,
0.145291438388003,0.159541634123527,0.173667786870176,0.187741375428354,0.201688478470353,
0.215557480685093,0.229322983158587,0.24306100235326,0.256889231631521,0.270833961435973,
0.2850299292955,0.299370036496481,0.314110136791919,0.329097055389833,0.344474799072758,
0.359993175022469,0.37612070446228,0.392715252532068,0.41009702217416,0.427804201111506,
0.446331791383693,0.465373376530133,0.485107029458244,0.505032519561962,0.525497684278473,
0.546288958964133,0.567563426729911,0.588989446824094,0.610822346337286,0.63289324962238,
0.65526549610746,0.677696089841605,0.70018266060385,0.722678748220483,0.745147109654926,
0.767593732796883,0.78986293745315,0.811986943218254,0.833851681625729,0.855611526441896,
0.877029909117771,0.898214204568318,0.91903174772852,0.939703794658953,0.960024710210711,
0.980124821912796,1.),
.UNSPECIFIED.);
#6829=CIRCLE('',#8006,10.5);
#6830=VERTEX_POINT('',#8010);
#6831=B_SPLINE_CURVE_WITH_KNOTS('',3,
(#8011,#8012,#8013,#8014,#8015,#8016,#8017,#8018,#8019,#8020,#8021,#8022,#8023,#8024,
#8025,#8026,#8027,#8028,#8029),
.UNSPECIFIED.,.F.,.F.,
(4,1,1,1,1,1,1,1,1,1,1,1,1,1,1,1,4),
(0.,0.0603952492032924,0.121255776963308,0.182621232727483,0.244722834076076,0.30730882705316,
0.370717210374826,0.43466416391208,0.499208958130146,0.564026414528093,0.628634975081307,
0.69267905145527,0.755743841765715,0.81815241511811,0.879581256062951,0.940309795440567,
1.),
.UNSPECIFIED.);
#6832=VERTEX_POINT('',#8030);
#6833=LINE('',#8031,#8032);
#6834=CIRCLE('',#8034,10.5);
#6835=VERTEX_POINT('',#8038);
#6836=LINE('',#8039,#8040);
#6837=VERTEX_POINT('',#8042);
#6838=B_SPLINE_CURVE_WITH_KNOTS('',3,
(#8043,#8044,#8045,#8046,#8047,#8048,#8049,#8050,#8051,#8052,#8053,#8054,#8055,#8056,
#8057,#8058,#8059,#8060,#8061,#8062,#8063,#8064,#8065,#8066,#8067,#8068,#8069,#8070,
#8071,#8072,#8073,#8074,#8075,#8076,#8077,#8078,#8079,#8080,#8081,#8082,#8083,#8084,
#8085,#8086,#8087,#8088,#8089,#8090,#8091,#8092,#8093,#8094,#8095,#8096,#8097,#8098,
#8099,#8100,#8101,#8102,#8103),
.UNSPECIFIED.,.F.,.F.,
(4,1,1,1,1,1,1,1,1,1,1,1,1,1,1,1,1,1,1,1,1,1,1,1,1,1,1,1,1,1,1,1,1,1,1,1,1,1,1,1,
1,1,1,1,1,1,1,1,1,1,1,1,1,1,1,1,1,1,4),
(0.,0.00414459696582748,0.00833614628769208,0.0125643925256547,0.0168605611107436,
0.0211875398876486,0.0256067589475103,0.0300872261211516,0.0346593118478789,0.0392613566283995,
0.0440382086676011,0.0489594172519907,0.054138779930708,0.0594316048781438,0.0670344757474406,
0.0749180882979676,0.083083468011602,0.0906277708839757,0.0994668335683583,0.113788162328782,
0.133106120362049,0.152878135534824,0.168917583042811,0.180861954104619,0.193254571885167,
0.211848382132495,0.231464103125474,0.25210679583937,0.269046207543597,0.287008288542698,
0.306723394552113,0.327170504313059,0.349523777911714,0.373052378825057,0.398207887546491,
0.42382261153724,0.450646524626281,0.478204719372815,0.50671843415484,0.53545293553328,
0.564519814810663,0.59368541183028,0.622835328671925,0.651867101762143,0.680200896315853,
0.707971835945138,0.734726573386624,0.761043146473985,0.786177991218199,0.810572257264144,
0.833925831684689,0.856979952873413,0.879129495531201,0.900674103605296,0.921317186695768,
0.941659292432743,0.961403877462441,0.980850639938894,1.),
.UNSPECIFIED.);
#6839=VERTEX_POINT('',#8104);
#6840=LINE('',#8105,#8106);
#6841=CIRCLE('',#8108,10.5);
#6842=VERTEX_POINT('',#8112);
#6843=VERTEX_POINT('',#8113);
#6844=LINE('',#8114,#8115);
#6845=VERTEX_POINT('',#8117);
#6846=B_SPLINE_CURVE_WITH_KNOTS('',3,
(#8118,#8119,#8120,#8121,#8122,#8123,#8124,#8125,#8126,#8127,#8128,#8129,#8130,#8131),
.UNSPECIFIED.,.F.,.F.,
(4,2,2,2,2,2,4),
(0.,0.170984848566992,0.341969697133984,0.512954545700975,0.683939394267967,0.854924242834959,
1.),
.UNSPECIFIED.);
#6847=VERTEX_POINT('',#8132);
#6848=LINE('',#8133,#8134);
#6849=LINE('',#8136,#8137);
#6850=VERTEX_POINT('',#8139);
#6851=VERTEX_POINT('',#8140);
#6852=LINE('',#8141,#8142);
#6853=B_SPLINE_CURVE_WITH_KNOTS('',3,
(#8144,#8145,#8146,#8147,#8148,#8149,#8150,#8151,#8152,#8153,#8154,#8155,#8156,#8157,
#8158,#8159,#8160,#8161,#8162,#8163,#8164,#8165,#8166,#8167,#8168,#8169,#8170,#8171,
#8172,#8173,#8174,#8175,#8176,#8177,#8178,#8179,#8180,#8181,#8182,#8183,#8184,#8185,
#8186,#8187,#8188,#8189,#8190,#8191,#8192,#8193,#8194),
.UNSPECIFIED.,.F.,.F.,
(4,1,1,1,1,1,1,1,1,1,1,1,1,1,1,1,1,1,1,1,1,1,1,1,1,1,1,1,1,1,1,1,1,1,1,1,1,1,1,1,
1,1,1,1,1,1,1,1,4),
(0.,0.00452119875864094,0.00910835654592355,0.0137515946276731,0.0184992883183718,
0.0232953642484822,0.0299524704399334,0.0367559908166583,0.0437061982788476,0.0499630478691619,
0.0571905381188354,0.0704058456764876,0.0898570574089521,0.114917337212802,0.136088870855394,
0.152156320237644,0.163979719997024,0.176035039070117,0.189182963371769,0.203191860043513,
0.218689453738816,0.234811426187466,0.252597293520167,0.271417766564893,0.291676569416929,
0.312334938882358,0.334411793183883,0.357507467520518,0.38224514949443,0.407612622900014,
0.434444470978561,0.462133138572863,0.490868592840626,0.519809160023612,0.549400881993025,
0.579429082600166,0.610123110497045,0.641021904401413,0.672456725968467,0.704196167351044,
0.73632301581626,0.768526704232861,0.800984055385171,0.833618907111326,0.866535012691082,
0.899579713768026,0.932882480694328,0.966353802804566,1.),
.UNSPECIFIED.);
#6854=CIRCLE('',#8195,10.5);
#6855=VERTEX_POINT('',#8199);
#6856=VERTEX_POINT('',#8200);
#6857=LINE('',#8201,#8202);
#6858=LINE('',#8204,#8205);
#6859=LINE('',#8207,#8208);
#6860=VERTEX_POINT('',#8210);
#6861=VERTEX_POINT('',#8211);
#6862=LINE('',#8212,#8213);
#6863=VERTEX_POINT('',#8215);
#6864=LINE('',#8216,#8217);
#6865=VERTEX_POINT('',#8219);
#6866=LINE('',#8220,#8221);
#6867=LINE('',#8223,#8224);
#6868=VERTEX_POINT('',#8226);
#6869=VERTEX_POINT('',#8227);
#6870=LINE('',#8228,#8229);
#6871=VERTEX_POINT('',#8231);
#6872=LINE('',#8232,#8233);
#6873=VERTEX_POINT('',#8235);
#6874=LINE('',#8236,#8237);
#6875=VERTEX_POINT('',#8239);
#6876=LINE('',#8240,#8241);
#6877=VERTEX_POINT('',#8243);
#6878=LINE('',#8244,#8245);
#6879=VERTEX_POINT('',#8247);
#6880=LINE('',#8248,#8249);
#6881=VERTEX_POINT('',#8251);
#6882=LINE('',#8252,#8253);
#6883=LINE('',#8255,#8256);
#6884=VERTEX_POINT('',#8258);
#6885=VERTEX_POINT('',#8259);
#6886=LINE('',#8260,#8261);
#6887=VERTEX_POINT('',#8263);
#6888=LINE('',#8264,#8265);
#6889=VERTEX_POINT('',#8267);
#6890=LINE('',#8268,#8269);
#6891=LINE('',#8271,#8272);
#6892=VERTEX_POINT('',#8274);
#6893=VERTEX_POINT('',#8275);
#6894=LINE('',#8276,#8277);
#6895=VERTEX_POINT('',#8279);
#6896=LINE('',#8280,#8281);
#6897=VERTEX_POINT('',#8283);
#6898=LINE('',#8284,#8285);
#6899=VERTEX_POINT('',#8287);
#6900=LINE('',#8288,#8289);
#6901=VERTEX_POINT('',#8291);
#6902=LINE('',#8292,#8293);
#6903=VERTEX_POINT('',#8295);
#6904=LINE('',#8296,#8297);
#6905=VERTEX_POINT('',#8299);
#6906=LINE('',#8300,#8301);
#6907=LINE('',#8303,#8304);
#6908=VERTEX_POINT('',#8306);
#6909=VERTEX_POINT('',#8307);
#6910=LINE('',#8308,#8309);
#6911=VERTEX_POINT('',#8311);
#6912=LINE('',#8312,#8313);
#6913=VERTEX_POINT('',#8315);
#6914=LINE('',#8316,#8317);
#6915=VERTEX_POINT('',#8319);
#6916=B_SPLINE_CURVE_WITH_KNOTS('',3,
(#8320,#8321,#8322,#8323,#8324,#8325,#8326,#8327,#8328,#8329,#8330,#8331),
.UNSPECIFIED.,.F.,.F.,
(4,2,2,2,2,4),
(0.,0.186134049763777,0.417773989532935,0.663768043586048,0.81803718742392,1.),
.UNSPECIFIED.);
#6917=VERTEX_POINT('',#8332);
#6918=B_SPLINE_CURVE_WITH_KNOTS('',3,
(#8333,#8334,#8335,#8336,#8337,#8338),
.UNSPECIFIED.,.F.,.F.,
(4,2,4),
(0.,0.5,1.),
.UNSPECIFIED.);
#6919=VERTEX_POINT('',#8339);
#6920=CIRCLE('',#8340,17.0753787975407);
#6921=VERTEX_POINT('',#8344);
#6922=B_SPLINE_CURVE_WITH_KNOTS('',3,
(#8345,#8346,#8347,#8348,#8349,#8350,#8351,#8352,#8353,#8354,#8355,#8356,#8357,#8358,
#8359,#8360,#8361,#8362),
.UNSPECIFIED.,.F.,.F.,
(4,2,2,2,2,2,2,2,4),
(0.,0.430428571409463,0.672176870386626,0.682176870386626,0.697176870386626,0.727176870386626,
0.787176870386626,0.907176870386626,1.),
.UNSPECIFIED.);
#6923=LINE('',#8363,#8364);
#6924=VERTEX_POINT('',#8366);
#6925=(BOUNDED_CURVE()B_SPLINE_CURVE(3,
(#8367,#8368,#8369,#8370,#8371,#8372,#8373),
.UNSPECIFIED.,.T.,.F.)B_SPLINE_CURVE_WITH_KNOTS((4,3,4),
(0.,0.5,1.),
.UNSPECIFIED.)CURVE()GEOMETRIC_REPRESENTATION_ITEM()RATIONAL_B_SPLINE_CURVE((1.,
0.333333333333333,0.333333333333333,1.,0.333333333333333,0.333333333333333,1.))
REPRESENTATION_ITEM(''));
#6926=VERTEX_POINT('',#8374);
#6927=VERTEX_POINT('',#8375);
#6928=LINE('',#8376,#8377);
#6929=VERTEX_POINT('',#8379);
#6930=LINE('',#8380,#8381);
#6931=VERTEX_POINT('',#8383);
#6932=LINE('',#8384,#8385);
#6933=LINE('',#8387,#8388);
#6934=VERTEX_POINT('',#8390);
#6935=VERTEX_POINT('',#8391);
#6936=LINE('',#8392,#8393);
#6937=VERTEX_POINT('',#8395);
#6938=LINE('',#8396,#8397);
#6939=VERTEX_POINT('',#8399);
#6940=LINE('',#8400,#8401);
#6941=VERTEX_POINT('',#8403);
#6942=LINE('',#8404,#8405);
#6943=VERTEX_POINT('',#8407);
#6944=LINE('',#8408,#8409);
#6945=VERTEX_POINT('',#8411);
#6946=LINE('',#8412,#8413);
#6947=VERTEX_POINT('',#8415);
#6948=LINE('',#8416,#8417);
#6949=LINE('',#8419,#8420);
#6950=VERTEX_POINT('',#8422);
#6951=VERTEX_POINT('',#8423);
#6952=LINE('',#8424,#8425);
#6953=LINE('',#8427,#8428);
#6954=LINE('',#8430,#8431);
#6955=VERTEX_POINT('',#8433);
#6956=VERTEX_POINT('',#8434);
#6957=LINE('',#8435,#8436);
#6958=VERTEX_POINT('',#8438);
#6959=LINE('',#8439,#8440);
#6960=VERTEX_POINT('',#8442);
#6961=LINE('',#8443,#8444);
#6962=LINE('',#8446,#8447);
#6963=VERTEX_POINT('',#8449);
#6964=VERTEX_POINT('',#8450);
#6965=LINE('',#8451,#8452);
#6966=VERTEX_POINT('',#8454);
#6967=LINE('',#8455,#8456);
#6968=VERTEX_POINT('',#8458);
#6969=LINE('',#8459,#8460);
#6970=VERTEX_POINT('',#8462);
#6971=LINE('',#8463,#8464);
#6972=VERTEX_POINT('',#8466);
#6973=LINE('',#8467,#8468);
#6974=VERTEX_POINT('',#8470);
#6975=LINE('',#8471,#8472);
#6976=VERTEX_POINT('',#8474);
#6977=LINE('',#8475,#8476);
#6978=LINE('',#8478,#8479);
#6979=VERTEX_POINT('',#8481);
#6980=VERTEX_POINT('',#8482);
#6981=LINE('',#8483,#8484);
#6982=VERTEX_POINT('',#8486);
#6983=LINE('',#8487,#8488);
#6984=VERTEX_POINT('',#8490);
#6985=LINE('',#8491,#8492);
#6986=VERTEX_POINT('',#8494);
#6987=B_SPLINE_CURVE_WITH_KNOTS('',3,
(#8495,#8496,#8497,#8498,#8499,#8500,#8501,#8502,#8503,#8504,#8505,#8506),
.UNSPECIFIED.,.F.,.F.,
(4,2,2,2,2,4),
(0.,0.18613404944116,0.41777398907768,0.663768043478302,0.818037187438975,1.),
.UNSPECIFIED.);
#6988=VERTEX_POINT('',#8507);
#6989=B_SPLINE_CURVE_WITH_KNOTS('',3,
(#8508,#8509,#8510,#8511,#8512,#8513),
.UNSPECIFIED.,.F.,.F.,
(4,2,4),
(0.,0.5,1.),
.UNSPECIFIED.);
#6990=VERTEX_POINT('',#8514);
#6991=CIRCLE('',#8515,17.0753787975407);
#6992=VERTEX_POINT('',#8519);
#6993=B_SPLINE_CURVE_WITH_KNOTS('',3,
(#8520,#8521,#8522,#8523,#8524,#8525,#8526,#8527,#8528,#8529,#8530,#8531,#8532,#8533,
#8534,#8535,#8536,#8537),
.UNSPECIFIED.,.F.,.F.,
(4,2,2,2,2,2,2,2,4),
(0.,0.430428571409153,0.672176870386616,0.682176870386616,0.697176870386616,0.727176870386617,
0.787176870386617,0.907176870386617,1.),
.UNSPECIFIED.);
#6994=LINE('',#8538,#8539);
#6995=VERTEX_POINT('',#8541);
#6996=(BOUNDED_CURVE()B_SPLINE_CURVE(3,
(#8542,#8543,#8544,#8545,#8546,#8547,#8548),
.UNSPECIFIED.,.T.,.F.)B_SPLINE_CURVE_WITH_KNOTS((4,3,4),
(0.,0.5,1.),
.UNSPECIFIED.)CURVE()GEOMETRIC_REPRESENTATION_ITEM()RATIONAL_B_SPLINE_CURVE((1.,
0.333333333333333,0.333333333333333,1.,0.333333333333333,0.333333333333333,1.))
REPRESENTATION_ITEM(''));
#6997=VERTEX_POINT('',#8549);
#6998=LINE('',#8550,#8551);
#6999=VERTEX_POINT('',#8553);
#7000=LINE('',#8554,#8555);
#7001=VERTEX_POINT('',#8557);
#7002=LINE('',#8558,#8559);
#7003=LINE('',#8561,#8562);
#7004=VERTEX_POINT('',#8564);
#7005=VERTEX_POINT('',#8565);
#7006=CIRCLE('',#8566,17.0753787975407);
#7007=VERTEX_POINT('',#8570);
#7008=B_SPLINE_CURVE_WITH_KNOTS('',3,
(#8571,#8572,#8573,#8574,#8575,#8576),
.UNSPECIFIED.,.F.,.F.,
(4,2,4),
(0.,0.5,1.),
.UNSPECIFIED.);
#7009=B_SPLINE_CURVE_WITH_KNOTS('',3,
(#8577,#8578,#8579,#8580,#8581,#8582,#8583,#8584,#8585,#8586,#8587,#8588,#8589,#8590,
#8591,#8592),
.UNSPECIFIED.,.F.,.F.,
(4,2,2,2,2,2,2,4),
(0.,0.201812832505427,0.382842542306534,0.440877940627414,0.556948737269176,0.78366393354148,
0.981935001594369,1.),
.UNSPECIFIED.);
#7010=VERTEX_POINT('',#8593);
#7011=LINE('',#8594,#8595);
#7012=VERTEX_POINT('',#8597);
#7013=LINE('',#8598,#8599);
#7014=VERTEX_POINT('',#8601);
#7015=LINE('',#8602,#8603);
#7016=B_SPLINE_CURVE_WITH_KNOTS('',3,
(#8605,#8606,#8607,#8608,#8609,#8610,#8611,#8612,#8613,#8614,#8615,#8616,#8617,#8618),
.UNSPECIFIED.,.F.,.F.,
(4,2,2,2,2,2,4),
(0.,0.219220789968664,0.336568628500325,0.46560124082263,0.616205346230315,0.876120352074799,
1.),
.UNSPECIFIED.);
#7017=VERTEX_POINT('',#8619);
#7018=(BOUNDED_CURVE()B_SPLINE_CURVE(3,
(#8620,#8621,#8622,#8623,#8624,#8625,#8626),
.UNSPECIFIED.,.T.,.F.)B_SPLINE_CURVE_WITH_KNOTS((4,3,4),
(0.,0.5,1.),
.UNSPECIFIED.)CURVE()GEOMETRIC_REPRESENTATION_ITEM()RATIONAL_B_SPLINE_CURVE((1.,
0.333333333333333,0.333333333333333,1.,0.333333333333333,0.333333333333333,1.))
REPRESENTATION_ITEM(''));
#7019=VERTEX_POINT('',#8627);
#7020=LINE('',#8628,#8629);
#7021=VERTEX_POINT('',#8631);
#7022=LINE('',#8632,#8633);
#7023=VERTEX_POINT('',#8635);
#7024=LINE('',#8636,#8637);
#7025=LINE('',#8639,#8640);
#7026=VERTEX_POINT('',#8642);
#7027=VERTEX_POINT('',#8643);
#7028=CIRCLE('',#8644,17.0753787975407);
#7029=VERTEX_POINT('',#8648);
#7030=B_SPLINE_CURVE_WITH_KNOTS('',3,
(#8649,#8650,#8651,#8652,#8653,#8654),
.UNSPECIFIED.,.F.,.F.,
(4,2,4),
(0.,0.5,1.),
.UNSPECIFIED.);
#7031=B_SPLINE_CURVE_WITH_KNOTS('',3,
(#8655,#8656,#8657,#8658,#8659,#8660,#8661,#8662,#8663,#8664,#8665,#8666,#8667,#8668,
#8669,#8670),
.UNSPECIFIED.,.F.,.F.,
(4,2,2,2,2,2,2,4),
(0.,0.201812832505345,0.382842542306451,0.440877940627248,0.556948737268843,0.78366393354096,
0.981935001568312,1.),
.UNSPECIFIED.);
#7032=VERTEX_POINT('',#8671);
#7033=LINE('',#8672,#8673);
#7034=VERTEX_POINT('',#8675);
#7035=LINE('',#8676,#8677);
#7036=VERTEX_POINT('',#8679);
#7037=LINE('',#8680,#8681);
#7038=B_SPLINE_CURVE_WITH_KNOTS('',3,
(#8683,#8684,#8685,#8686,#8687,#8688,#8689,#8690,#8691,#8692,#8693,#8694,#8695,#8696),
.UNSPECIFIED.,.F.,.F.,
(4,2,2,2,2,2,4),
(0.,0.219220789968264,0.336568628500312,0.465601240822622,0.616205346230314,0.876120352074814,
1.),
.UNSPECIFIED.);
#7039=VERTEX_POINT('',#8697);
#7040=(BOUNDED_CURVE()B_SPLINE_CURVE(3,
(#8698,#8699,#8700,#8701,#8702,#8703,#8704),
.UNSPECIFIED.,.T.,.F.)B_SPLINE_CURVE_WITH_KNOTS((4,3,4),
(0.,0.5,1.),
.UNSPECIFIED.)CURVE()GEOMETRIC_REPRESENTATION_ITEM()RATIONAL_B_SPLINE_CURVE((1.,
0.333333333333333,0.333333333333333,1.,0.333333333333333,0.333333333333333,1.))
REPRESENTATION_ITEM(''));
#7041=VERTEX_POINT('',#8705);
#7042=LINE('',#8706,#8707);
#7043=VERTEX_POINT('',#8709);
#7044=LINE('',#8710,#8711);
#7045=LINE('',#8713,#8714);
#7046=VERTEX_POINT('',#8716);
#7047=LINE('',#8717,#8718);
#7048=VERTEX_POINT('',#8720);
#7049=B_SPLINE_CURVE_WITH_KNOTS('',3,
(#8721,#8722,#8723,#8724,#8725,#8726,#8727,#8728,#8729,#8730,#8731,#8732,#8733,#8734,
#8735,#8736,#8737,#8738,#8739,#8740,#8741),
.UNSPECIFIED.,.F.,.F.,
(4,1,1,1,1,1,1,1,1,1,1,1,1,1,1,1,1,1,4),
(0.,0.0631860324432723,0.126427492542886,0.189746846331841,0.25107513754146,0.252676792597033,
0.315184795354773,0.377097995645177,0.438635777052543,0.49973300133986,0.560633535714806,
0.62160786198463,0.682832168886926,0.744502335386331,0.747825841719464,0.80665377615579,
0.869992675633046,0.93445589046677,1.),
.UNSPECIFIED.);
#7050=B_SPLINE_CURVE_WITH_KNOTS('',3,
(#8742,#8743,#8744,#8745,#8746,#8747,#8748,#8749,#8750,#8751,#8752,#8753,#8754,#8755,
#8756,#8757),
.UNSPECIFIED.,.F.,.F.,
(4,2,2,2,2,2,2,4),
(0.,0.16,0.319999999999999,0.479999999999999,0.639999999999999,0.799999999999998,
0.959999999999998,1.),
.UNSPECIFIED.);
#7051=VERTEX_POINT('',#8758);
#7052=LINE('',#8759,#8760);
#7053=VERTEX_POINT('',#8762);
#7054=LINE('',#8763,#8764);
#7055=LINE('',#8766,#8767);
#7056=VERTEX_POINT('',#8769);
#7057=LINE('',#8770,#8771);
#7058=VERTEX_POINT('',#8773);
#7059=LINE('',#8774,#8775);
#7060=LINE('',#8777,#8778);
#7061=VERTEX_POINT('',#8780);
#7062=B_SPLINE_CURVE_WITH_KNOTS('',3,
(#8781,#8782,#8783,#8784,#8785,#8786,#8787,#8788,#8789,#8790,#8791,#8792,#8793,#8794,
#8795,#8796),
.UNSPECIFIED.,.F.,.F.,
(4,2,2,2,2,2,2,4),
(0.,0.16,0.32,0.480000000000001,0.640000000000001,0.800000000000001,0.960000000000001,
1.),
.UNSPECIFIED.);
#7063=VERTEX_POINT('',#8797);
#7064=B_SPLINE_CURVE_WITH_KNOTS('',3,
(#8798,#8799,#8800,#8801,#8802,#8803,#8804,#8805,#8806,#8807,#8808,#8809,#8810,#8811,
#8812,#8813,#8814,#8815,#8816,#8817,#8818),
.UNSPECIFIED.,.F.,.F.,
(4,1,1,1,1,1,1,1,1,1,1,1,1,1,1,1,1,1,4),
(0.,0.0647002440773081,0.128710006069685,0.192141131629784,0.251919982641478,0.25482424907724,
0.316867737532519,0.37818365212588,0.43926826796905,0.500469823052979,0.562056171095437,
0.624259016525539,0.686892932457164,0.749636750305154,0.749875993503536,0.812272283521027,
0.874835014367114,0.937395468623376,1.),
.UNSPECIFIED.);
#7065=VERTEX_POINT('',#8819);
#7066=LINE('',#8820,#8821);
#7067=CIRCLE('',#8823,10.5);
#7068=VERTEX_POINT('',#8827);
#7069=LINE('',#8828,#8829);
#7070=VERTEX_POINT('',#8831);
#7071=LINE('',#8832,#8833);
#7072=LINE('',#8835,#8836);
#7073=VERTEX_POINT('',#8838);
#7074=LINE('',#8839,#8840);
#7075=VERTEX_POINT('',#8842);
#7076=LINE('',#8843,#8844);
#7077=LINE('',#8846,#8847);
#7078=VERTEX_POINT('',#8849);
#7079=LINE('',#8850,#8851);
#7080=VERTEX_POINT('',#8853);
#7081=B_SPLINE_CURVE_WITH_KNOTS('',3,
(#8854,#8855,#8856,#8857,#8858,#8859,#8860,#8861,#8862,#8863,#8864,#8865,#8866,#8867,
#8868,#8869,#8870,#8871,#8872,#8873,#8874),
.UNSPECIFIED.,.F.,.F.,
(4,1,1,1,1,1,1,1,1,1,1,1,1,1,1,1,1,1,4),
(0.,0.0631860324460965,0.126427492555564,0.189746846345565,0.251075137549819,0.25267679261779,
0.315184795365861,0.377097995660006,0.438635777058065,0.499733001344706,0.560633535728805,
0.621607861995665,0.682832168910584,0.744502335411025,0.747825841729836,0.806653776171031,
0.869992675643207,0.934455890474847,1.),
.UNSPECIFIED.);
#7082=B_SPLINE_CURVE_WITH_KNOTS('',3,
(#8875,#8876,#8877,#8878,#8879,#8880,#8881,#8882,#8883,#8884,#8885,#8886,#8887,#8888,
#8889,#8890),
.UNSPECIFIED.,.F.,.F.,
(4,2,2,2,2,2,2,4),
(0.,0.159999999999999,0.319999999999999,0.479999999999998,0.639999999999998,0.799999999999997,
0.959999999999997,1.),
.UNSPECIFIED.);
#7083=VERTEX_POINT('',#8891);
#7084=LINE('',#8892,#8893);
#7085=VERTEX_POINT('',#8895);
#7086=LINE('',#8896,#8897);
#7087=LINE('',#8899,#8900);
#7088=VERTEX_POINT('',#8902);
#7089=LINE('',#8903,#8904);
#7090=VERTEX_POINT('',#8906);
#7091=LINE('',#8907,#8908);
#7092=LINE('',#8910,#8911);
#7093=VERTEX_POINT('',#8913);
#7094=B_SPLINE_CURVE_WITH_KNOTS('',3,
(#8914,#8915,#8916,#8917,#8918,#8919,#8920,#8921,#8922,#8923,#8924,#8925,#8926,#8927,
#8928,#8929),
.UNSPECIFIED.,.F.,.F.,
(4,2,2,2,2,2,2,4),
(0.,0.16,0.32,0.480000000000001,0.640000000000001,0.800000000000001,0.960000000000001,
1.),
.UNSPECIFIED.);
#7095=VERTEX_POINT('',#8930);
#7096=B_SPLINE_CURVE_WITH_KNOTS('',3,
(#8931,#8932,#8933,#8934,#8935,#8936,#8937,#8938,#8939,#8940,#8941,#8942,#8943,#8944,
#8945,#8946,#8947,#8948,#8949,#8950,#8951),
.UNSPECIFIED.,.F.,.F.,
(4,1,1,1,1,1,1,1,1,1,1,1,1,1,1,1,1,1,4),
(0.,0.0647002441151581,0.128710006130822,0.192141131703928,0.251919982670255,0.254824249148859,
0.316867737589769,0.378183652164197,0.439268267985971,0.500469823057052,0.562056171079978,
0.624259016500418,0.686892932436651,0.749636750288152,0.749875993496695,0.81227228351191,
0.874835014370421,0.937395468625878,1.),
.UNSPECIFIED.);
#7097=VERTEX_POINT('',#8952);
#7098=LINE('',#8953,#8954);
#7099=CIRCLE('',#8956,10.5);
#7100=VERTEX_POINT('',#8960);
#7101=LINE('',#8961,#8962);
#7102=VERTEX_POINT('',#8964);
#7103=LINE('',#8965,#8966);
#7104=LINE('',#8968,#8969);
#7105=VERTEX_POINT('',#8971);
#7106=VERTEX_POINT('',#8972);
#7107=LINE('',#8973,#8974);
#7108=VERTEX_POINT('',#8976);
#7109=LINE('',#8977,#8978);
#7110=VERTEX_POINT('',#8980);
#7111=LINE('',#8981,#8982);
#7112=VERTEX_POINT('',#8984);
#7113=LINE('',#8985,#8986);
#7114=VERTEX_POINT('',#8988);
#7115=LINE('',#8989,#8990);
#7116=VERTEX_POINT('',#8992);
#7117=LINE('',#8993,#8994);
#7118=VERTEX_POINT('',#8996);
#7119=LINE('',#8997,#8998);
#7120=LINE('',#9000,#9001);
#7121=VERTEX_POINT('',#9003);
#7122=VERTEX_POINT('',#9004);
#7123=LINE('',#9005,#9006);
#7124=LINE('',#9008,#9009);
#7125=VERTEX_POINT('',#9011);
#7126=LINE('',#9012,#9013);
#7127=VERTEX_POINT('',#9015);
#7128=LINE('',#9016,#9017);
#7129=LINE('',#9019,#9020);
#7130=CIRCLE('',#9022,10.5);
#7131=VERTEX_POINT('',#9026);
#7132=LINE('',#9027,#9028);
#7133=VERTEX_POINT('',#9030);
#7134=LINE('',#9031,#9032);
#7135=LINE('',#9034,#9035);
#7136=VERTEX_POINT('',#9037);
#7137=LINE('',#9038,#9039);
#7138=VERTEX_POINT('',#9041);
#7139=LINE('',#9042,#9043);
#7140=LINE('',#9045,#9046);
#7141=VERTEX_POINT('',#9048);
#7142=LINE('',#9049,#9050);
#7143=VERTEX_POINT('',#9052);
#7144=LINE('',#9053,#9054);
#7145=LINE('',#9056,#9057);
#7146=VERTEX_POINT('',#9059);
#7147=LINE('',#9060,#9061);
#7148=VERTEX_POINT('',#9063);
#7149=LINE('',#9064,#9065);
#7150=LINE('',#9067,#9068);
#7151=CIRCLE('',#9070,10.5);
#7152=VERTEX_POINT('',#9074);
#7153=LINE('',#9075,#9076);
#7154=VERTEX_POINT('',#9078);
#7155=LINE('',#9079,#9080);
#7156=LINE('',#9082,#9083);
#7157=VERTEX_POINT('',#9085);
#7158=LINE('',#9086,#9087);
#7159=VERTEX_POINT('',#9089);
#7160=LINE('',#9090,#9091);
#7161=LINE('',#9093,#9094);
#7162=LINE('',#9096,#9097);
#7163=VERTEX_POINT('',#9099);
#7164=VERTEX_POINT('',#9100);
#7165=CIRCLE('',#9101,4.9);
#7166=VERTEX_POINT('',#9105);
#7167=LINE('',#9106,#9107);
#7168=VERTEX_POINT('',#9109);
#7169=CIRCLE('',#9110,4.90000000000001);
#7170=VERTEX_POINT('',#9114);
#7171=LINE('',#9115,#9116);
#7172=VERTEX_POINT('',#9118);
#7173=LINE('',#9119,#9120);
#7174=VERTEX_POINT('',#9122);
#7175=LINE('',#9123,#9124);
#7176=LINE('',#9126,#9127);
#7177=VERTEX_POINT('',#9129);
#7178=VERTEX_POINT('',#9130);
#7179=CIRCLE('',#9131,4.90000000000001);
#7180=VERTEX_POINT('',#9135);
#7181=LINE('',#9136,#9137);
#7182=VERTEX_POINT('',#9139);
#7183=CIRCLE('',#9140,4.9);
#7184=VERTEX_POINT('',#9144);
#7185=LINE('',#9145,#9146);
#7186=VERTEX_POINT('',#9148);
#7187=LINE('',#9149,#9150);
#7188=VERTEX_POINT('',#9152);
#7189=LINE('',#9153,#9154);
#7190=LINE('',#9156,#9157);
#7191=VERTEX_POINT('',#9159);
#7192=VERTEX_POINT('',#9160);
#7193=CIRCLE('',#9161,4.9);
#7194=VERTEX_POINT('',#9165);
#7195=LINE('',#9166,#9167);
#7196=VERTEX_POINT('',#9169);
#7197=CIRCLE('',#9170,4.90000000000001);
#7198=VERTEX_POINT('',#9174);
#7199=LINE('',#9175,#9176);
#7200=VERTEX_POINT('',#9178);
#7201=LINE('',#9179,#9180);
#7202=VERTEX_POINT('',#9182);
#7203=LINE('',#9183,#9184);
#7204=LINE('',#9186,#9187);
#7205=VERTEX_POINT('',#9189);
#7206=VERTEX_POINT('',#9190);
#7207=CIRCLE('',#9191,4.90000000000001);
#7208=VERTEX_POINT('',#9195);
#7209=LINE('',#9196,#9197);
#7210=VERTEX_POINT('',#9199);
#7211=CIRCLE('',#9200,4.9);
#7212=VERTEX_POINT('',#9204);
#7213=LINE('',#9205,#9206);
#7214=VERTEX_POINT('',#9208);
#7215=LINE('',#9209,#9210);
#7216=VERTEX_POINT('',#9212);
#7217=LINE('',#9213,#9214);
#7218=LINE('',#9216,#9217);
#7219=B_SPLINE_CURVE_WITH_KNOTS('',3,
(#9219,#9220,#9221,#9222,#9223,#9224),
.UNSPECIFIED.,.F.,.F.,
(4,2,4),
(0.,0.5,1.),
.UNSPECIFIED.);
#7220=VERTEX_POINT('',#9225);
#7221=B_SPLINE_CURVE_WITH_KNOTS('',3,
(#9226,#9227,#9228,#9229,#9230,#9231),
.UNSPECIFIED.,.F.,.F.,
(4,2,4),
(0.,0.5,1.),
.UNSPECIFIED.);
#7222=LINE('',#9232,#9233);
#7223=B_SPLINE_CURVE_WITH_KNOTS('',3,
(#9235,#9236,#9237,#9238,#9239,#9240),
.UNSPECIFIED.,.F.,.F.,
(4,2,4),
(0.,0.5,1.),
.UNSPECIFIED.);
#7224=VERTEX_POINT('',#9241);
#7225=B_SPLINE_CURVE_WITH_KNOTS('',3,
(#9242,#9243,#9244,#9245,#9246,#9247),
.UNSPECIFIED.,.F.,.F.,
(4,2,4),
(0.,0.5,1.),
.UNSPECIFIED.);
#7226=LINE('',#9248,#9249);
#7227=VERTEX_POINT('',#9251);
#7228=LINE('',#9252,#9253);
#7229=VERTEX_POINT('',#9255);
#7230=LINE('',#9256,#9257);
#7231=LINE('',#9259,#9260);
#7232=VERTEX_POINT('',#9262);
#7233=LINE('',#9263,#9264);
#7234=LINE('',#9266,#9267);
#7235=VERTEX_POINT('',#9269);
#7236=LINE('',#9270,#9271);
#7237=LINE('',#9273,#9274);
#7238=VERTEX_POINT('',#9276);
#7239=LINE('',#9277,#9278);
#7240=LINE('',#9280,#9281);
#7241=VERTEX_POINT('',#9283);
#7242=LINE('',#9284,#9285);
#7243=LINE('',#9287,#9288);
#7244=VERTEX_POINT('',#9290);
#7245=LINE('',#9291,#9292);
#7246=LINE('',#9294,#9295);
#7247=VERTEX_POINT('',#9297);
#7248=LINE('',#9298,#9299);
#7249=LINE('',#9301,#9302);
#7250=LINE('',#9304,#9305);
#7251=B_SPLINE_CURVE_WITH_KNOTS('',3,
(#9307,#9308,#9309,#9310,#9311,#9312,#9313,#9314,#9315,#9316,#9317,#9318,#9319,#9320,
#9321,#9322,#9323,#9324,#9325),
.UNSPECIFIED.,.F.,.F.,
(4,1,1,1,1,1,1,1,1,1,1,1,1,1,1,1,4),
(0.,0.0575222987784608,0.1156847828178,0.174517009916314,0.234462596784969,0.295087717893216,
0.357142745188275,0.420173726827694,0.484612543287814,0.549618567734837,0.615059191021846,
0.680414720423931,0.7454915015693,0.810078630292529,0.874025440254232,0.937452582444595,
1.),
.UNSPECIFIED.);
#7252=B_SPLINE_CURVE_WITH_KNOTS('',3,
(#9326,#9327,#9328,#9329,#9330,#9331,#9332,#9333,#9334,#9335,#9336,#9337,#9338,#9339,
#9340,#9341,#9342,#9343,#9344,#9345,#9346,#9347,#9348,#9349,#9350,#9351,#9352,#9353,
#9354,#9355,#9356,#9357,#9358,#9359,#9360,#9361,#9362,#9363,#9364,#9365,#9366,#9367,
#9368,#9369,#9370,#9371,#9372,#9373,#9374,#9375,#9376,#9377,#9378,#9379,#9380,#9381,
#9382,#9383,#9384,#9385,#9386,#9387,#9388,#9389,#9390,#9391),
.UNSPECIFIED.,.F.,.F.,
(4,1,1,1,1,1,1,1,1,1,1,1,1,1,1,1,1,1,1,1,1,1,1,1,1,1,1,1,1,1,1,1,1,1,1,1,1,1,1,1,
1,1,1,1,1,1,1,1,1,1,1,1,1,1,1,1,1,1,1,1,1,1,1,4),
(0.,0.0176081959576092,0.0352716959475718,0.0529877718568506,0.0707465561643656,
0.0885293043292991,0.106233336869004,0.123859995027922,0.141360423949146,0.158801323590634,
0.176052960090403,0.193164507222823,0.210048166899355,0.226839749915288,0.243400954276826,
0.259825835760554,0.276066355296973,0.292263837590805,0.308249753446426,0.324073530805765,
0.339629941549959,0.355076818373105,0.370265235137703,0.385299224794189,0.400133329351771,
0.414917857769464,0.429553290721761,0.44408758256943,0.458459309471544,0.472779413771465,
0.486937392602645,0.500981843065761,0.514883627730131,0.528752717565634,0.542522098541454,
0.55622129619989,0.569804606866826,0.583341830518809,0.596773547821851,0.610141513985953,
0.623430609494686,0.636702391663478,0.650041216827037,0.663462458197166,0.677058458839531,
0.690755369855192,0.709491415436793,0.728467315240905,0.74769461698468,0.7625316321735,
0.777648410275085,0.793227240474643,0.808988675287671,0.825204182024701,0.84168737263816,
0.858522356713264,0.875437804016969,0.892629545381229,0.910015199934134,0.927708206220689,
0.945522432483168,0.963571719575172,0.981738435427019,1.),
.UNSPECIFIED.);
#7253=B_SPLINE_CURVE_WITH_KNOTS('',3,
(#9392,#9393,#9394,#9395,#9396,#9397,#9398,#9399,#9400,#9401,#9402,#9403,#9404,#9405,
#9406,#9407,#9408,#9409,#9410),
.UNSPECIFIED.,.F.,.F.,
(4,1,1,1,1,1,1,1,1,1,1,1,1,1,1,1,4),
(0.,0.0575222987637691,0.115684782801217,0.17451700990859,0.234462596790741,0.295087717905076,
0.357142745202285,0.420173726844675,0.484612543307609,0.549618567755765,0.615059191041305,
0.680414720441492,0.745491501581263,0.810078630293724,0.874025440243507,0.937452582433067,
1.),
.UNSPECIFIED.);
#7254=B_SPLINE_CURVE_WITH_KNOTS('',3,
(#9411,#9412,#9413,#9414,#9415,#9416,#9417,#9418,#9419,#9420,#9421,#9422,#9423,#9424,
#9425,#9426,#9427,#9428,#9429,#9430,#9431,#9432,#9433,#9434,#9435,#9436,#9437,#9438,
#9439,#9440,#9441,#9442,#9443,#9444,#9445,#9446,#9447,#9448,#9449,#9450,#9451,#9452,
#9453,#9454,#9455,#9456,#9457,#9458,#9459,#9460,#9461,#9462,#9463,#9464,#9465,#9466,
#9467,#9468,#9469,#9470,#9471,#9472,#9473,#9474,#9475,#9476),
.UNSPECIFIED.,.F.,.F.,
(4,1,1,1,1,1,1,1,1,1,1,1,1,1,1,1,1,1,1,1,1,1,1,1,1,1,1,1,1,1,1,1,1,1,1,1,1,1,1,1,
1,1,1,1,1,1,1,1,1,1,1,1,1,1,1,1,1,1,1,1,1,1,1,4),
(0.,0.0176081957070814,0.0352716954463072,0.0529877711049732,0.0707465551624932,
0.0885293030792107,0.106233335368861,0.123859993275069,0.141360421940765,0.158801321325508,
0.176052957571924,0.193164504455336,0.210048163892482,0.226839746674963,0.24340095081794,
0.259825832093308,0.276066351435279,0.292263833538286,0.308249749214157,0.324073526401473,
0.339629936987,0.355076813656187,0.370265230279436,0.385299219801818,0.40013332423463,
0.414917852529284,0.429553285368788,0.444087577111958,0.458459303926499,0.472779408147222,
0.486937386928155,0.500981837354444,0.514883621995987,0.528752711810464,0.542522092774621,
0.556221290427735,0.569804601099532,0.583341824758521,0.596773542079657,0.610141508271315,
0.623430603819522,0.636702386031343,0.650041211251091,0.663462452687425,0.677058453414313,
0.690755364521746,0.709491410277839,0.728467310282895,0.747694612250044,0.762531627633227,
0.777648405946474,0.793227236385957,0.808988671449044,0.825204178462338,0.841687369366993,
0.858522353754542,0.875437801376229,0.892629543076388,0.91001519797814,0.927708204634295,
0.945522431275589,0.9635717187632,0.9817384350173,1.),
.UNSPECIFIED.);
#7255=LINE('',#9477,#9478);
#7256=LINE('',#9480,#9481);
#7257=LINE('',#9483,#9484);
#7258=LINE('',#9486,#9487);
#7259=VERTEX_POINT('',#9489);
#7260=LINE('',#9490,#9491);
#7261=VERTEX_POINT('',#9493);
#7262=LINE('',#9494,#9495);
#7263=LINE('',#9497,#9498);
#7264=VERTEX_POINT('',#9500);
#7265=LINE('',#9501,#9502);
#7266=LINE('',#9504,#9505);
#7267=VERTEX_POINT('',#9507);
#7268=LINE('',#9508,#9509);
#7269=LINE('',#9511,#9512);
#7270=VERTEX_POINT('',#9514);
#7271=LINE('',#9515,#9516);
#7272=LINE('',#9518,#9519);
#7273=VERTEX_POINT('',#9521);
#7274=LINE('',#9522,#9523);
#7275=LINE('',#9525,#9526);
#7276=VERTEX_POINT('',#9528);
#7277=LINE('',#9529,#9530);
#7278=LINE('',#9532,#9533);
#7279=VERTEX_POINT('',#9535);
#7280=LINE('',#9536,#9537);
#7281=LINE('',#9539,#9540);
#7282=LINE('',#9542,#9543);
#7283=VERTEX_POINT('',#9545);
#7284=VERTEX_POINT('',#9546);
#7285=LINE('',#9547,#9548);
#7286=VERTEX_POINT('',#9550);
#7287=LINE('',#9551,#9552);
#7288=VERTEX_POINT('',#9554);
#7289=LINE('',#9555,#9556);
#7290=VERTEX_POINT('',#9558);
#7291=LINE('',#9559,#9560);
#7292=VERTEX_POINT('',#9562);
#7293=LINE('',#9563,#9564);
#7294=VERTEX_POINT('',#9566);
#7295=LINE('',#9567,#9568);
#7296=VERTEX_POINT('',#9570);
#7297=LINE('',#9571,#9572);
#7298=LINE('',#9574,#9575);
#7299=VERTEX_POINT('',#9577);
#7300=VERTEX_POINT('',#9578);
#7301=LINE('',#9579,#9580);
#7302=LINE('',#9582,#9583);
#7303=LINE('',#9585,#9586);
#7304=VERTEX_POINT('',#9588);
#7305=LINE('',#9589,#9590);
#7306=LINE('',#9592,#9593);
#7307=VERTEX_POINT('',#9595);
#7308=LINE('',#9596,#9597);
#7309=LINE('',#9599,#9600);
#7310=VERTEX_POINT('',#9602);
#7311=LINE('',#9603,#9604);
#7312=LINE('',#9606,#9607);
#7313=VERTEX_POINT('',#9609);
#7314=LINE('',#9610,#9611);
#7315=LINE('',#9613,#9614);
#7316=VERTEX_POINT('',#9616);
#7317=LINE('',#9617,#9618);
#7318=LINE('',#9620,#9621);
#7319=VERTEX_POINT('',#9623);
#7320=LINE('',#9624,#9625);
#7321=LINE('',#9627,#9628);
#7322=LINE('',#9630,#9631);
#7323=LINE('',#9633,#9634);
#7324=LINE('',#9636,#9637);
#7325=LINE('',#9639,#9640);
#7326=LINE('',#9642,#9643);
#7327=LINE('',#9645,#9646);
#7328=LINE('',#9648,#9649);
#7329=LINE('',#9651,#9652);
#7330=LINE('',#9654,#9655);
#7331=LINE('',#9657,#9658);
#7332=LINE('',#9660,#9661);
#7333=LINE('',#9663,#9664);
#7334=LINE('',#9666,#9667);
#7335=VERTEX_POINT('',#9669);
#7336=LINE('',#9670,#9671);
#7337=VERTEX_POINT('',#9673);
#7338=LINE('',#9674,#9675);
#7339=LINE('',#9677,#9678);
#7340=VERTEX_POINT('',#9680);
#7341=LINE('',#9681,#9682);
#7342=LINE('',#9684,#9685);
#7343=VERTEX_POINT('',#9687);
#7344=LINE('',#9688,#9689);
#7345=LINE('',#9691,#9692);
#7346=VERTEX_POINT('',#9694);
#7347=LINE('',#9695,#9696);
#7348=LINE('',#9698,#9699);
#7349=VERTEX_POINT('',#9701);
#7350=LINE('',#9702,#9703);
#7351=LINE('',#9705,#9706);
#7352=VERTEX_POINT('',#9708);
#7353=LINE('',#9709,#9710);
#7354=LINE('',#9712,#9713);
#7355=VERTEX_POINT('',#9715);
#7356=LINE('',#9716,#9717);
#7357=LINE('',#9719,#9720);
#7358=LINE('',#9722,#9723);
#7359=VERTEX_POINT('',#9725);
#7360=LINE('',#9726,#9727);
#7361=VERTEX_POINT('',#9729);
#7362=LINE('',#9730,#9731);
#7363=LINE('',#9733,#9734);
#7364=VERTEX_POINT('',#9736);
#7365=LINE('',#9737,#9738);
#7366=LINE('',#9740,#9741);
#7367=VERTEX_POINT('',#9743);
#7368=LINE('',#9744,#9745);
#7369=LINE('',#9747,#9748);
#7370=VERTEX_POINT('',#9750);
#7371=LINE('',#9751,#9752);
#7372=LINE('',#9754,#9755);
#7373=VERTEX_POINT('',#9757);
#7374=LINE('',#9758,#9759);
#7375=LINE('',#9761,#9762);
#7376=VERTEX_POINT('',#9764);
#7377=LINE('',#9765,#9766);
#7378=LINE('',#9768,#9769);
#7379=VERTEX_POINT('',#9771);
#7380=LINE('',#9772,#9773);
#7381=LINE('',#9775,#9776);
#7382=LINE('',#9778,#9779);
#7383=VERTEX_POINT('',#9781);
#7384=VERTEX_POINT('',#9782);
#7385=LINE('',#9783,#9784);
#7386=VERTEX_POINT('',#9786);
#7387=LINE('',#9787,#9788);
#7388=VERTEX_POINT('',#9790);
#7389=LINE('',#9791,#9792);
#7390=VERTEX_POINT('',#9794);
#7391=LINE('',#9795,#9796);
#7392=VERTEX_POINT('',#9798);
#7393=LINE('',#9799,#9800);
#7394=VERTEX_POINT('',#9802);
#7395=LINE('',#9803,#9804);
#7396=VERTEX_POINT('',#9806);
#7397=LINE('',#9807,#9808);
#7398=LINE('',#9810,#9811);
#7399=VERTEX_POINT('',#9813);
#7400=VERTEX_POINT('',#9814);
#7401=LINE('',#9815,#9816);
#7402=LINE('',#9818,#9819);
#7403=LINE('',#9821,#9822);
#7404=VERTEX_POINT('',#9824);
#7405=LINE('',#9825,#9826);
#7406=LINE('',#9828,#9829);
#7407=VERTEX_POINT('',#9831);
#7408=LINE('',#9832,#9833);
#7409=LINE('',#9835,#9836);
#7410=VERTEX_POINT('',#9838);
#7411=LINE('',#9839,#9840);
#7412=LINE('',#9842,#9843);
#7413=VERTEX_POINT('',#9845);
#7414=LINE('',#9846,#9847);
#7415=LINE('',#9849,#9850);
#7416=VERTEX_POINT('',#9852);
#7417=LINE('',#9853,#9854);
#7418=LINE('',#9856,#9857);
#7419=VERTEX_POINT('',#9859);
#7420=LINE('',#9860,#9861);
#7421=LINE('',#9863,#9864);
#7422=LINE('',#9866,#9867);
#7423=VERTEX_POINT('',#9869);
#7424=LINE('',#9870,#9871);
#7425=VERTEX_POINT('',#9873);
#7426=LINE('',#9874,#9875);
#7427=LINE('',#9877,#9878);
#7428=VERTEX_POINT('',#9880);
#7429=LINE('',#9881,#9882);
#7430=LINE('',#9884,#9885);
#7431=VERTEX_POINT('',#9887);
#7432=LINE('',#9888,#9889);
#7433=LINE('',#9891,#9892);
#7434=VERTEX_POINT('',#9894);
#7435=LINE('',#9895,#9896);
#7436=LINE('',#9898,#9899);
#7437=VERTEX_POINT('',#9901);
#7438=LINE('',#9902,#9903);
#7439=LINE('',#9905,#9906);
#7440=VERTEX_POINT('',#9908);
#7441=LINE('',#9909,#9910);
#7442=LINE('',#9912,#9913);
#7443=VERTEX_POINT('',#9915);
#7444=LINE('',#9916,#9917);
#7445=LINE('',#9919,#9920);
#7446=LINE('',#9922,#9923);
#7447=VERTEX_POINT('',#9925);
#7448=B_SPLINE_CURVE_WITH_KNOTS('',3,
(#9926,#9927,#9928,#9929,#9930,#9931,#9932,#9933,#9934,#9935,#9936,#9937,#9938,#9939,
#9940,#9941,#9942,#9943,#9944,#9945,#9946,#9947,#9948,#9949,#9950,#9951,#9952),
.UNSPECIFIED.,.F.,.F.,
(4,1,1,1,1,1,1,1,1,1,1,1,1,1,1,1,1,1,1,1,1,1,1,1,4),
(0.,0.0599830371783147,0.119435911196527,0.178234914764621,0.235717185807825,0.292574278636076,
0.347378200870618,0.40079587097562,0.452173341420169,0.502846215404189,0.550718071682421,
0.596529846115604,0.638902479052468,0.679886374938502,0.717402230064471,0.752840827523197,
0.785546097234879,0.817578611855001,0.847560110640855,0.876167413708053,0.90270471175521,
0.928537196047752,0.95299026538456,0.976798349610879,1.),
.UNSPECIFIED.);
#7449=B_SPLINE_CURVE_WITH_KNOTS('',3,
(#9953,#9954,#9955,#9956,#9957,#9958,#9959,#9960,#9961,#9962,#9963,#9964,#9965,#9966,
#9967,#9968,#9969,#9970,#9971,#9972,#9973,#9974,#9975,#9976,#9977,#9978,#9979),
.UNSPECIFIED.,.F.,.F.,
(4,1,1,1,1,1,1,1,1,1,1,1,1,1,1,1,1,1,1,1,1,1,1,1,4),
(0.,0.0520186138435644,0.10335373366691,0.154062563598212,0.203758910376821,0.252926216600807,
0.300895309086882,0.348156796080311,0.394470216354374,0.440569146763069,0.485420486342645,
0.529295396819759,0.571439882064295,0.61282574560197,0.652363849195492,0.690781862467995,
0.727715022921737,0.76425784754235,0.799767500490904,0.834633093924596,0.868537230152511,
0.902185442661089,0.935195937252792,0.967822915687483,1.),
.UNSPECIFIED.);
#7450=VERTEX_POINT('',#9980);
#7451=B_SPLINE_CURVE_WITH_KNOTS('',3,
(#9981,#9982,#9983,#9984,#9985,#9986,#9987,#9988,#9989,#9990,#9991,#9992,#9993,#9994,
#9995,#9996,#9997,#9998,#9999,#10000,#10001,#10002,#10003,#10004,#10005,#10006,#10007,
#10008,#10009,#10010,#10011,#10012,#10013,#10014,#10015,#10016,#10017,#10018,#10019,
#10020,#10021,#10022,#10023,#10024,#10025,#10026,#10027,#10028,#10029,#10030,#10031,
#10032,#10033,#10034,#10035,#10036,#10037,#10038,#10039,#10040,#10041),
.UNSPECIFIED.,.F.,.F.,
(4,1,1,1,1,1,1,1,1,1,1,1,1,1,1,1,1,1,1,1,1,1,1,1,1,1,1,1,1,1,1,1,1,1,1,1,1,1,1,1,
1,1,1,1,1,1,1,1,1,1,1,1,1,1,1,1,1,1,4),
(0.,0.00328716730419206,0.00661483974227775,0.00997431876381761,0.0133938486527661,
0.0168424870024363,0.020373130860691,0.0239572535391003,0.0288613310229799,0.0344503090884607,
0.0407240788880717,0.04868065192644,0.05700229815627,0.0656890919836728,0.0722400108025927,
0.0785533052945002,0.0848395099154907,0.0913368723888487,0.100966824862226,0.111071744920745,
0.121651069553338,0.130216577220233,0.139215036492953,0.148949166464942,0.158985337160522,
0.169795979077377,0.181079176380333,0.193005218106881,0.20510174055187,0.222898553073063,
0.24196601391377,0.26230774653437,0.279328530324105,0.297284320421315,0.316551876419653,
0.336194686422225,0.357170655494745,0.379103595598707,0.4025783780189,0.426643380129331,
0.452076588042318,0.478295816918475,0.50547933065834,0.532854595449517,0.560904915440556,
0.589432471824846,0.618718916647748,0.648268435026135,0.678506984418275,0.709152056570294,
0.740337222318628,0.771650485237044,0.803374749279008,0.83539186494277,0.867843016574189,
0.900465957367135,0.933434830320428,0.96660921620505,1.),
.UNSPECIFIED.);
#7452=VERTEX_POINT('',#10042);
#7453=B_SPLINE_CURVE_WITH_KNOTS('',3,
(#10043,#10044,#10045,#10046,#10047,#10048,#10049,#10050,#10051,#10052,#10053,#10054,
#10055,#10056,#10057,#10058,#10059,#10060,#10061),
.UNSPECIFIED.,.F.,.F.,
(4,1,1,1,1,1,1,1,1,1,1,1,1,1,1,1,4),
(0.,0.0628138632995461,0.125475448814026,0.188010618079162,0.250421557557656,0.312789024329972,
0.375163708752737,0.437592795627453,0.500154102480379,0.562835360692866,0.62561118915049,
0.688394397931463,0.751092359869399,0.813675019141258,0.876010178022114,0.938128196416905,
1.),
.UNSPECIFIED.);
#7454=VERTEX_POINT('',#10062);
#7455=B_SPLINE_CURVE_WITH_KNOTS('',3,
(#10063,#10064,#10065,#10066,#10067,#10068,#10069,#10070,#10071,#10072,#10073,#10074,
#10075,#10076,#10077,#10078,#10079,#10080,#10081,#10082,#10083,#10084,#10085,#10086,
#10087,#10088,#10089,#10090,#10091,#10092,#10093,#10094,#10095,#10096,#10097,#10098,
#10099,#10100,#10101,#10102,#10103,#10104,#10105,#10106,#10107,#10108,#10109,#10110,
#10111,#10112,#10113),
.UNSPECIFIED.,.F.,.F.,
(4,1,1,1,1,1,1,1,1,1,1,1,1,1,1,1,1,1,1,1,1,1,1,1,1,1,1,1,1,1,1,1,1,1,1,1,1,1,1,1,
1,1,1,1,1,1,1,1,4),
(0.,0.0365366515714583,0.0731029320908682,0.109622916442773,0.145866655355332,0.181923054691736,
0.217538500302516,0.252903404084421,0.287915078965928,0.322842015292808,0.357092142234505,
0.390745365862601,0.423258414582386,0.455220029314313,0.485916271306524,0.51586808863371,
0.544906701868548,0.573762792225988,0.601608500123722,0.628664256873063,0.654233750877452,
0.679160809945022,0.702402427469052,0.724605254612625,0.745374608165381,0.765760405425174,
0.784717959385066,0.802607964082573,0.818789241844865,0.834316192366501,0.848349178573882,
0.86153359450881,0.873658109097853,0.885572327940546,0.896707407031211,0.907273167778237,
0.916919488170473,0.926215540365161,0.934681110735584,0.942666599903336,0.950041039753254,
0.957285047750905,0.96413687496661,0.970727433674619,0.976926517765199,0.982997239983803,
0.988803277140023,0.994471822513401,1.),
.UNSPECIFIED.);
#7456=B_SPLINE_CURVE_WITH_KNOTS('',3,
(#10114,#10115,#10116,#10117,#10118,#10119,#10120,#10121,#10122,#10123,#10124),
.UNSPECIFIED.,.F.,.F.,
(4,1,1,1,1,1,1,1,4),
(0.,0.124951342457386,0.249950018770442,0.374974977819521,0.499988030849765,0.624961922128273,
0.749930291282679,0.874934176672967,1.),
.UNSPECIFIED.);
#7457=VERTEX_POINT('',#10125);
#7458=VERTEX_POINT('',#10126);
#7459=CIRCLE('',#10127,11.2000000000005);
#7460=CIRCLE('',#10131,11.2000000000005);
#7461=VERTEX_POINT('',#10135);
#7462=(BOUNDED_CURVE()B_SPLINE_CURVE(3,
(#10136,#10137,#10138,#10139,#10140,#10141,#10142),
.UNSPECIFIED.,.T.,.F.)B_SPLINE_CURVE_WITH_KNOTS((4,3,4),
(0.,0.5,1.),
.UNSPECIFIED.)CURVE()GEOMETRIC_REPRESENTATION_ITEM()RATIONAL_B_SPLINE_CURVE((1.,
0.333333333333333,0.333333333333333,1.,0.333333333333333,0.333333333333333,1.))
REPRESENTATION_ITEM(''));
#7463=VERTEX_POINT('',#10143);
#7464=(BOUNDED_CURVE()B_SPLINE_CURVE(3,
(#10144,#10145,#10146,#10147,#10148,#10149,#10150),
.UNSPECIFIED.,.T.,.F.)B_SPLINE_CURVE_WITH_KNOTS((4,3,4),
(0.,0.5,1.),
.UNSPECIFIED.)CURVE()GEOMETRIC_REPRESENTATION_ITEM()RATIONAL_B_SPLINE_CURVE((1.,
0.333333333333333,0.333333333333333,1.,0.333333333333333,0.333333333333333,1.))
REPRESENTATION_ITEM(''));
#7465=VERTEX_POINT('',#10151);
#7466=(BOUNDED_CURVE()B_SPLINE_CURVE(3,
(#10152,#10153,#10154,#10155,#10156,#10157,#10158),
.UNSPECIFIED.,.T.,.F.)B_SPLINE_CURVE_WITH_KNOTS((4,3,4),
(0.,0.5,1.),
.UNSPECIFIED.)CURVE()GEOMETRIC_REPRESENTATION_ITEM()RATIONAL_B_SPLINE_CURVE((1.,
0.333333333333333,0.333333333333333,1.,0.333333333333333,0.333333333333333,1.))
REPRESENTATION_ITEM(''));
#7467=VERTEX_POINT('',#10159);
#7468=B_SPLINE_CURVE_WITH_KNOTS('',3,
(#10160,#10161,#10162,#10163,#10164,#10165,#10166,#10167,#10168,#10169,#10170),
.UNSPECIFIED.,.F.,.F.,
(4,1,1,1,1,1,1,1,4),
(0.,0.125065823507037,0.250069708902332,0.375038077970256,0.500011969185692,0.625025022268029,
0.750049981399102,0.875048657708316,1.),
.UNSPECIFIED.);
#7469=VERTEX_POINT('',#10171);
#7470=B_SPLINE_CURVE_WITH_KNOTS('',3,
(#10172,#10173,#10174,#10175,#10176,#10177,#10178,#10179,#10180,#10181,#10182,#10183,
#10184,#10185,#10186,#10187,#10188,#10189,#10190,#10191,#10192,#10193,#10194,#10195,
#10196,#10197,#10198,#10199,#10200,#10201,#10202,#10203,#10204,#10205,#10206,#10207,
#10208,#10209,#10210,#10211,#10212,#10213,#10214),
.UNSPECIFIED.,.F.,.F.,
(4,1,1,1,1,1,1,1,1,1,1,1,1,1,1,1,1,1,1,1,1,1,1,1,1,1,1,1,1,1,1,1,1,1,1,1,1,1,1,1,
4),
(0.,0.0229299246670723,0.0461949677263106,0.0696343997965616,0.0931796228351854,
0.11670146744819,0.140385021798659,0.164215295968837,0.188255851356824,0.212343872843206,
0.236903197440217,0.261895720477079,0.287637203913095,0.313724031537356,0.340622797689346,
0.367991967108138,0.395958797126985,0.424037793364059,0.452374763326004,0.480838120291434,
0.50944019170623,0.538048955424941,0.566473422382303,0.594662108063206,0.622390573135335,
0.649875419610736,0.676648282091705,0.702940187812846,0.728479931094149,0.753776792188465,
0.778336956055461,0.80245318403086,0.825943954370208,0.849247324667936,0.871972008848405,
0.894293767706693,0.916033833611048,0.93755968316226,0.958640104582642,0.979457759108508,
1.),
.UNSPECIFIED.);
#7471=VERTEX_POINT('',#10215);
#7472=B_SPLINE_CURVE_WITH_KNOTS('',3,
(#10216,#10217,#10218,#10219,#10220,#10221,#10222,#10223,#10224,#10225,#10226,#10227,
#10228,#10229,#10230,#10231,#10232,#10233,#10234),
.UNSPECIFIED.,.F.,.F.,
(4,1,1,1,1,1,1,1,1,1,1,1,1,1,1,1,4),
(0.,0.0618718035763993,0.123989821968187,0.186324980849029,0.248907640123526,0.31160560206477,
0.374388810848139,0.437164639306265,0.499845897515243,0.562407204361266,0.624836291226629,
0.687210975640135,0.74957844240619,0.811989381882193,0.874524551152829,0.937186136679853,
1.),
.UNSPECIFIED.);
#7473=B_SPLINE_CURVE_WITH_KNOTS('',3,
(#10235,#10236,#10237,#10238,#10239,#10240,#10241,#10242,#10243,#10244,#10245,#10246,
#10247,#10248,#10249,#10250,#10251,#10252,#10253,#10254,#10255,#10256,#10257,#10258,
#10259,#10260,#10261),
.UNSPECIFIED.,.F.,.F.,
(4,1,1,1,1,1,1,1,1,1,1,1,1,1,1,1,1,1,1,1,1,1,1,1,4),
(0.,0.0520186138460854,0.103353733666344,0.154062563592346,0.203758910369471,0.252926216599535,
0.300895309099552,0.348156796106727,0.39447021639067,0.440569146804979,0.485420486382771,
0.529295396852665,0.571439882087679,0.612825745622133,0.652363849218176,0.690781862495057,
0.727715022951221,0.764257847570142,0.799767500512867,0.834633093941132,0.868537230164735,
0.902185442670437,0.935195937259902,0.967822915691713,1.),
.UNSPECIFIED.);
#7474=VERTEX_POINT('',#10262);
#7475=B_SPLINE_CURVE_WITH_KNOTS('',3,
(#10263,#10264,#10265,#10266,#10267,#10268,#10269,#10270,#10271,#10272,#10273,#10274,
#10275,#10276,#10277,#10278,#10279,#10280,#10281,#10282,#10283,#10284,#10285,#10286,
#10287,#10288,#10289,#10290,#10291,#10292,#10293,#10294,#10295,#10296,#10297,#10298,
#10299,#10300,#10301,#10302,#10303,#10304,#10305,#10306,#10307,#10308,#10309,#10310,
#10311,#10312,#10313,#10314,#10315,#10316,#10317,#10318,#10319,#10320,#10321,#10322,
#10323),
.UNSPECIFIED.,.F.,.F.,
(4,1,1,1,1,1,1,1,1,1,1,1,1,1,1,1,1,1,1,1,1,1,1,1,1,1,1,1,1,1,1,1,1,1,1,1,1,1,1,1,
1,1,1,1,1,1,1,1,1,1,1,1,1,1,1,1,1,1,4),
(0.,0.00328716663613766,0.00661483839792624,0.00997431673729329,0.0133938459318218,
0.0168424835824031,0.0203731267265377,0.0239572486789447,0.0288613251690196,0.0344503020889555,
0.0407240705908635,0.0486806419401088,0.0570022863827268,0.0656890783253591,0.0722399956714569,
0.0785532887057749,0.084839491810557,0.0913368526930139,0.100966802691321,0.11107172009542,
0.121651041894547,0.130216547146434,0.139215003789256,0.148949130758297,0.158985298292143,
0.169795936624993,0.18107913008218,0.193005167599486,0.205101685737043,0.222898491528659,
0.241965944867699,0.262307669213598,0.279328445751304,0.29728422806074,0.316551775525937,
0.336194576788734,0.357170537031063,0.379103468421066,0.402578242558355,0.426643236692748,
0.452076437825811,0.478295660979095,0.50547917047022,0.532854431557798,0.560904750097486,
0.589432306735514,0.618718754639956,0.648268277189556,0.678506833480862,0.709151914164491,
0.740337090675184,0.771650364924336,0.803374642156322,0.835391772354335,0.867842940544775,
0.900465898628158,0.933434790337882,0.966609195792316,1.),
.UNSPECIFIED.);
#7476=B_SPLINE_CURVE_WITH_KNOTS('',3,
(#10324,#10325,#10326,#10327,#10328,#10329,#10330,#10331,#10332,#10333,#10334,#10335,
#10336,#10337,#10338,#10339,#10340,#10341,#10342,#10343,#10344,#10345,#10346,#10347,
#10348,#10349,#10350),
.UNSPECIFIED.,.F.,.F.,
(4,1,1,1,1,1,1,1,1,1,1,1,1,1,1,1,1,1,1,1,1,1,1,1,4),
(0.,0.0450222544628966,0.0896156331117679,0.133930387701755,0.178019907698803,0.222079333707237,
0.265839240335978,0.309371277708936,0.352548016890199,0.395605721402997,0.438254608919428,
0.480588806849816,0.522366324196204,0.563901140967465,0.604913809457188,0.645623720864829,
0.685893338164621,0.726026720315635,0.765814035149859,0.805401444301326,0.844655269247059,
0.883780037555533,0.9226453753552,0.961398453951381,1.),
.UNSPECIFIED.);
#7477=VERTEX_POINT('',#10351);
#7478=VERTEX_POINT('',#10352);
#7479=CIRCLE('',#10353,11.2000000000005);
#7480=CIRCLE('',#10357,11.2000000000005);
#7481=VERTEX_POINT('',#10361);
#7482=(BOUNDED_CURVE()B_SPLINE_CURVE(3,
(#10362,#10363,#10364,#10365,#10366,#10367,#10368),
.UNSPECIFIED.,.T.,.F.)B_SPLINE_CURVE_WITH_KNOTS((4,3,4),
(0.,0.5,1.),
.UNSPECIFIED.)CURVE()GEOMETRIC_REPRESENTATION_ITEM()RATIONAL_B_SPLINE_CURVE((1.,
0.333333333333333,0.333333333333333,1.,0.333333333333333,0.333333333333333,1.))
REPRESENTATION_ITEM(''));
#7483=VERTEX_POINT('',#10369);
#7484=(BOUNDED_CURVE()B_SPLINE_CURVE(3,
(#10370,#10371,#10372,#10373,#10374,#10375,#10376),
.UNSPECIFIED.,.T.,.F.)B_SPLINE_CURVE_WITH_KNOTS((4,3,4),
(0.,0.5,1.),
.UNSPECIFIED.)CURVE()GEOMETRIC_REPRESENTATION_ITEM()RATIONAL_B_SPLINE_CURVE((1.,
0.333333333333333,0.333333333333333,1.,0.333333333333333,0.333333333333333,1.))
REPRESENTATION_ITEM(''));
#7485=VERTEX_POINT('',#10377);
#7486=(BOUNDED_CURVE()B_SPLINE_CURVE(3,
(#10378,#10379,#10380,#10381,#10382,#10383,#10384),
.UNSPECIFIED.,.T.,.F.)B_SPLINE_CURVE_WITH_KNOTS((4,3,4),
(0.,0.5,1.),
.UNSPECIFIED.)CURVE()GEOMETRIC_REPRESENTATION_ITEM()RATIONAL_B_SPLINE_CURVE((1.,
0.333333333333333,0.333333333333333,1.,0.333333333333333,0.333333333333333,1.))
REPRESENTATION_ITEM(''));
#7487=VERTEX_POINT('',#10385);
#7488=B_SPLINE_CURVE_WITH_KNOTS('',3,
(#10386,#10387,#10388,#10389,#10390,#10391,#10392,#10393,#10394,#10395,#10396),
.UNSPECIFIED.,.F.,.F.,
(4,1,1,1,1,1,1,1,4),
(0.,0.125065823504309,0.250069708891257,0.375038077960342,0.500011969188117,0.625025022289863,
0.750049981434459,0.875048657741232,1.),
.UNSPECIFIED.);
#7489=VERTEX_POINT('',#10397);
#7490=B_SPLINE_CURVE_WITH_KNOTS('',3,
(#10398,#10399,#10400,#10401,#10402,#10403,#10404,#10405,#10406,#10407,#10408,#10409,
#10410,#10411,#10412,#10413,#10414,#10415,#10416,#10417,#10418,#10419,#10420,#10421,
#10422,#10423,#10424,#10425,#10426,#10427,#10428,#10429,#10430,#10431,#10432,#10433,
#10434,#10435,#10436,#10437,#10438,#10439,#10440),
.UNSPECIFIED.,.F.,.F.,
(4,1,1,1,1,1,1,1,1,1,1,1,1,1,1,1,1,1,1,1,1,1,1,1,1,1,1,1,1,1,1,1,1,1,1,1,1,1,1,1,
4),
(0.,0.0229299247117499,0.0461949678146018,0.0696343999272843,0.0931796230074177,
0.116701467662225,0.140385022053767,0.164215296263985,0.188255851689475,0.21234387321037,
0.236903197836691,0.261895720901058,0.28763720436485,0.31372403202135,0.340622798205922,
0.367991967648393,0.395958797677916,0.424037793921736,0.452374763886487,0.480838120854533,
0.509440192263479,0.538048955970207,0.566473422906085,0.594662108562353,0.622390573611732,
0.649875420065112,0.676648282516883,0.702940188197937,0.72847993144045,0.753776792506046,
0.778336956352751,0.802453184309607,0.825943954628049,0.849247324901247,0.871972009053518,
0.894293767882092,0.916033833754953,0.937559683272897,0.958640104657543,0.979457759146427,
1.),
.UNSPECIFIED.);
#7491=VERTEX_POINT('',#10441);
#7492=B_SPLINE_CURVE_WITH_KNOTS('',3,
(#10442,#10443,#10444,#10445,#10446,#10447,#10448,#10449,#10450,#10451,#10452,#10453,
#10454,#10455,#10456,#10457,#10458,#10459,#10460),
.UNSPECIFIED.,.F.,.F.,
(4,1,1,1,1,1,1,1,1,1,1,1,1,1,1,1,4),
(0.,0.0618718035763725,0.123989821968173,0.186324980849022,0.248907640123513,0.311605602064764,
0.374388810848134,0.437164639306263,0.499845897515247,0.562407204361276,0.624836291226648,
0.68721097564015,0.749578442406218,0.811989381882207,0.874524551152833,0.937186136679861,
1.),
.UNSPECIFIED.);
#7493=B_SPLINE_CURVE_WITH_KNOTS('',3,
(#10461,#10462,#10463,#10464,#10465,#10466,#10467,#10468,#10469,#10470,#10471,#10472,
#10473,#10474,#10475,#10476,#10477,#10478,#10479,#10480,#10481,#10482,#10483,#10484,
#10485,#10486,#10487),
.UNSPECIFIED.,.F.,.F.,
(4,1,1,1,1,1,1,1,1,1,1,1,1,1,1,1,1,1,1,1,1,1,1,1,4),
(0.,0.0520186139833124,0.103353733921955,0.154062563931337,0.203758910711145,0.252926216874281,
0.300895309258919,0.348156796156825,0.394470216360871,0.440569146711818,0.485420486248911,
0.529295396689991,0.571439881908889,0.612825745426411,0.652363849031589,0.690781862348429,
0.727715022914557,0.764257847704084,0.799767500914626,0.834633094676176,0.868537231142268,
0.902185443724516,0.935195938128244,0.967822916193952,1.),
.UNSPECIFIED.);
#7494=VERTEX_POINT('',#10488);
#7495=B_SPLINE_CURVE_WITH_KNOTS('',3,
(#10489,#10490,#10491,#10492,#10493,#10494,#10495,#10496,#10497,#10498,#10499,#10500,
#10501,#10502,#10503,#10504,#10505,#10506,#10507,#10508,#10509,#10510,#10511,#10512,
#10513,#10514,#10515,#10516,#10517,#10518,#10519,#10520,#10521,#10522,#10523,#10524,
#10525,#10526,#10527,#10528,#10529,#10530,#10531,#10532,#10533,#10534,#10535,#10536,
#10537,#10538,#10539,#10540,#10541,#10542,#10543,#10544,#10545,#10546,#10547,#10548,
#10549),
.UNSPECIFIED.,.F.,.F.,
(4,1,1,1,1,1,1,1,1,1,1,1,1,1,1,1,1,1,1,1,1,1,1,1,1,1,1,1,1,1,1,1,1,1,1,1,1,1,1,1,
1,1,1,1,1,1,1,1,1,1,1,1,1,1,1,1,1,1,4),
(0.,0.00328716901641068,0.00661484314510518,0.00997432385588448,0.013393855446829,
0.0168424955041286,0.0203731411059553,0.0239572655604879,0.0288613454820981,0.0344503263652101,
0.0407240993635253,0.0486806765747736,0.0570023272196275,0.0656891256989524,0.0722400481490781,
0.0785533462362269,0.0848395545999664,0.0913369210028345,0.100966879593454,0.111071806212344,
0.121651137846034,0.130216651474193,0.139215117235116,0.148949254618201,0.158985433120255,
0.169796083891334,0.181079290698524,0.193005342830772,0.205101875925311,0.222898705070889,
0.241966184428502,0.262307937471108,0.279328739154771,0.297284548464621,0.316552125509297,
0.336194957064276,0.357170947912057,0.379103909508206,0.402578712370979,0.426643734182328,
0.452076958871587,0.478296201931495,0.505479726225681,0.532855000223513,0.560905323846755,
0.58943287963735,0.618719316851767,0.648268824904064,0.678507357192179,0.709152408182128,
0.740337547245655,0.771650782097267,0.803375013526203,0.835392093294875,0.867843204071544,
0.900466102220328,0.93343492892376,0.966609266550062,1.),
.UNSPECIFIED.);
#7496=B_SPLINE_CURVE_WITH_KNOTS('',3,
(#10550,#10551,#10552,#10553,#10554,#10555,#10556,#10557,#10558,#10559,#10560,#10561,
#10562,#10563,#10564,#10565,#10566,#10567,#10568,#10569,#10570,#10571,#10572,#10573,
#10574,#10575,#10576),
.UNSPECIFIED.,.F.,.F.,
(4,1,1,1,1,1,1,1,1,1,1,1,1,1,1,1,1,1,1,1,1,1,1,1,4),
(0.,0.0450222544628869,0.0896156331117547,0.133930387701738,0.178019907698782,0.222079333707211,
0.265839240335944,0.309371277708901,0.352548016890159,0.395605721402955,0.438254608919386,
0.480588806849773,0.522366324196159,0.563901140967423,0.604913809457149,0.645623720864791,
0.685893338164583,0.726026720315598,0.76581403514982,0.805401444301291,0.844655269247031,
0.88378003755551,0.922645375355183,0.961398453951372,1.),
.UNSPECIFIED.);
#7497=VERTEX_POINT('',#10577);
#7498=VERTEX_POINT('',#10578);
#7499=CIRCLE('',#10579,11.2000000000005);
#7500=CIRCLE('',#10583,11.2000000000005);
#7501=VERTEX_POINT('',#10587);
#7502=(BOUNDED_CURVE()B_SPLINE_CURVE(3,
(#10588,#10589,#10590,#10591,#10592,#10593,#10594),
.UNSPECIFIED.,.T.,.F.)B_SPLINE_CURVE_WITH_KNOTS((4,3,4),
(0.,0.5,1.),
.UNSPECIFIED.)CURVE()GEOMETRIC_REPRESENTATION_ITEM()RATIONAL_B_SPLINE_CURVE((1.,
0.333333333333333,0.333333333333333,1.,0.333333333333333,0.333333333333333,1.))
REPRESENTATION_ITEM(''));
#7503=VERTEX_POINT('',#10595);
#7504=(BOUNDED_CURVE()B_SPLINE_CURVE(3,
(#10596,#10597,#10598,#10599,#10600,#10601,#10602),
.UNSPECIFIED.,.T.,.F.)B_SPLINE_CURVE_WITH_KNOTS((4,3,4),
(0.,0.5,1.),
.UNSPECIFIED.)CURVE()GEOMETRIC_REPRESENTATION_ITEM()RATIONAL_B_SPLINE_CURVE((1.,
0.333333333333333,0.333333333333333,1.,0.333333333333333,0.333333333333333,1.))
REPRESENTATION_ITEM(''));
#7505=VERTEX_POINT('',#10603);
#7506=(BOUNDED_CURVE()B_SPLINE_CURVE(3,
(#10604,#10605,#10606,#10607,#10608,#10609,#10610),
.UNSPECIFIED.,.T.,.F.)B_SPLINE_CURVE_WITH_KNOTS((4,3,4),
(0.,0.5,1.),
.UNSPECIFIED.)CURVE()GEOMETRIC_REPRESENTATION_ITEM()RATIONAL_B_SPLINE_CURVE((1.,
0.333333333333333,0.333333333333333,1.,0.333333333333333,0.333333333333333,1.))
REPRESENTATION_ITEM(''));
#7507=VERTEX_POINT('',#10611);
#7508=B_SPLINE_CURVE_WITH_KNOTS('',3,
(#10612,#10613,#10614,#10615,#10616,#10617,#10618,#10619,#10620,#10621,#10622,#10623,
#10624,#10625,#10626,#10627,#10628,#10629,#10630,#10631,#10632,#10633,#10634,#10635,
#10636,#10637,#10638),
.UNSPECIFIED.,.F.,.F.,
(4,1,1,1,1,1,1,1,1,1,1,1,1,1,1,1,1,1,1,1,1,1,1,1,4),
(0.,0.0599830371784215,0.119435911196735,0.178234914764922,0.235717185808204,0.292574278636528,
0.347378200871132,0.400795870976191,0.452173341420784,0.502846215404852,0.550718071683114,
0.59652984611632,0.638902479053186,0.679886374939216,0.71740223006517,0.752840827523866,
0.785546097235505,0.817578611855574,0.847560110641371,0.8761674137085,0.902704711755574,
0.928537196048038,0.952990265384751,0.976798349610977,1.),
.UNSPECIFIED.);
#7509=B_SPLINE_CURVE_WITH_KNOTS('',3,
(#10639,#10640,#10641,#10642,#10643,#10644,#10645,#10646,#10647,#10648,#10649,#10650,
#10651,#10652,#10653,#10654,#10655,#10656,#10657,#10658,#10659,#10660,#10661,#10662,
#10663,#10664,#10665),
.UNSPECIFIED.,.F.,.F.,
(4,1,1,1,1,1,1,1,1,1,1,1,1,1,1,1,1,1,1,1,1,1,1,1,4),
(0.,0.0520186138520941,0.103353733683346,0.154062563620918,0.203758910401342,0.252926216622839,
0.300895309103173,0.348156796093985,0.394470216368886,0.440569146779785,0.485420486359964,
0.529295396834137,0.571439882073255,0.612825745609165,0.652363849203326,0.690781862476298,
0.727715022926769,0.764257847539298,0.799767500475955,0.834633093899173,0.868537230122093,
0.902185442631348,0.935195937230369,0.967822915675434,1.),
.UNSPECIFIED.);
#7510=VERTEX_POINT('',#10666);
#7511=B_SPLINE_CURVE_WITH_KNOTS('',3,
(#10667,#10668,#10669,#10670,#10671,#10672,#10673,#10674,#10675,#10676,#10677,#10678,
#10679,#10680,#10681,#10682,#10683,#10684,#10685,#10686,#10687,#10688,#10689,#10690,
#10691,#10692,#10693,#10694,#10695,#10696,#10697,#10698,#10699,#10700,#10701,#10702,
#10703,#10704,#10705,#10706,#10707,#10708,#10709,#10710,#10711,#10712,#10713,#10714,
#10715,#10716,#10717,#10718,#10719,#10720,#10721,#10722,#10723,#10724,#10725,#10726,
#10727),
.UNSPECIFIED.,.F.,.F.,
(4,1,1,1,1,1,1,1,1,1,1,1,1,1,1,1,1,1,1,1,1,1,1,1,1,1,1,1,1,1,1,1,1,1,1,1,1,1,1,1,
1,1,1,1,1,1,1,1,1,1,1,1,1,1,1,1,1,1,4),
(0.,0.00328716691482616,0.00661483895881777,0.00997431758301726,0.0133938470675823,
0.0168424850101871,0.020373128452625,0.023957250708277,0.0288613276134158,0.034450305011748,
0.0407240740555658,0.0486806461101382,0.0570022912990886,0.0656890840289005,0.0722400019901856,
0.0785532956332679,0.0848394993711901,0.0913368609178917,0.100966811949383,0.111071730461398,
0.121651053443062,0.130216559702921,0.139215017443559,0.148949145666396,0.158985314520502,
0.169795954350214,0.181079149413751,0.193005188689441,0.205101708626515,0.222898517229668,
0.241965973702438,0.26230770150388,0.27932848106894,0.297284266629091,0.316551817656139,
0.33619462256735,0.357170586496025,0.379103521523806,0.402578299118417,0.426643296581391,
0.452076500543075,0.478295726084296,0.505479237350107,0.532854499986141,0.560904819135241,
0.589432375671164,0.618718822292429,0.648268343102962,0.678506896514147,0.709151973634193,
0.740337145648313,0.771650415164541,0.803374686888433,0.83539181101767,0.867842972294053,
0.900465923157628,0.933434807034909,0.966609204316968,1.),
.UNSPECIFIED.);
#7512=VERTEX_POINT('',#10728);
#7513=B_SPLINE_CURVE_WITH_KNOTS('',3,
(#10729,#10730,#10731,#10732,#10733,#10734,#10735,#10736,#10737,#10738,#10739,#10740,
#10741,#10742,#10743,#10744,#10745,#10746,#10747),
.UNSPECIFIED.,.F.,.F.,
(4,1,1,1,1,1,1,1,1,1,1,1,1,1,1,1,4),
(0.,0.0628138632995605,0.125475448814042,0.188010618079174,0.250421557557673,0.31278902432998,
0.375163708752746,0.437592795627455,0.500154102480375,0.562835360692867,0.625611189150482,
0.68839439793145,0.751092359869384,0.813675019141266,0.876010178022123,0.938128196416909,
1.),
.UNSPECIFIED.);
#7514=VERTEX_POINT('',#10748);
#7515=B_SPLINE_CURVE_WITH_KNOTS('',3,
(#10749,#10750,#10751,#10752,#10753,#10754,#10755,#10756,#10757,#10758,#10759,#10760,
#10761,#10762,#10763,#10764,#10765,#10766,#10767,#10768,#10769,#10770,#10771,#10772,
#10773,#10774,#10775,#10776,#10777,#10778,#10779,#10780,#10781,#10782,#10783,#10784,
#10785,#10786,#10787,#10788,#10789,#10790,#10791,#10792,#10793,#10794,#10795,#10796,
#10797,#10798,#10799),
.UNSPECIFIED.,.F.,.F.,
(4,1,1,1,1,1,1,1,1,1,1,1,1,1,1,1,1,1,1,1,1,1,1,1,1,1,1,1,1,1,1,1,1,1,1,1,1,1,1,1,
1,1,1,1,1,1,1,1,4),
(0.,0.0365366518436973,0.0731029326370054,0.109622917263371,0.145866656441293,0.181923056033884,
0.217538501877652,0.25290340587839,0.287915080955769,0.322842017472869,0.357092144568146,
0.390745368313948,0.423258417101954,0.455220031881427,0.485916273871551,0.515868091169369,
0.544906704338987,0.573762794622979,0.601608502423244,0.628664259061015,0.65423375293939,
0.679160811880879,0.702402429277066,0.724605256293562,0.745374609724767,0.76576040686797,
0.784717960722291,0.802607965321265,0.818789242999166,0.834316193442088,0.84834917958152,
0.861533595454157,0.873658109986243,0.885572328772211,0.896707407805393,0.907273168494001,
0.916919488826681,0.926215540961108,0.934681111271214,0.942666600379302,0.950041040171025,
0.957285048111226,0.964136875271497,0.970727433925415,0.976926517963834,0.982997240130897,
0.988803277237199,0.994471822561569,1.),
.UNSPECIFIED.);
#7516=B_SPLINE_CURVE_WITH_KNOTS('',3,
(#10800,#10801,#10802,#10803,#10804,#10805,#10806,#10807,#10808,#10809,#10810),
.UNSPECIFIED.,.F.,.F.,
(4,1,1,1,1,1,1,1,4),
(0.,0.124951342418316,0.249950018718634,0.374974977783808,0.499988030849533,0.6249619221631,
0.749930291332164,0.874934176706419,1.),
.UNSPECIFIED.);
#7517=VERTEX_POINT('',#10811);
#7518=VERTEX_POINT('',#10812);
#7519=CIRCLE('',#10813,11.2000000000005);
#7520=CIRCLE('',#10817,11.2000000000005);
#7521=VERTEX_POINT('',#10821);
#7522=(BOUNDED_CURVE()B_SPLINE_CURVE(3,
(#10822,#10823,#10824,#10825,#10826,#10827,#10828),
.UNSPECIFIED.,.T.,.F.)B_SPLINE_CURVE_WITH_KNOTS((4,3,4),
(0.,0.5,1.),
.UNSPECIFIED.)CURVE()GEOMETRIC_REPRESENTATION_ITEM()RATIONAL_B_SPLINE_CURVE((1.,
0.333333333333333,0.333333333333333,1.,0.333333333333333,0.333333333333333,1.))
REPRESENTATION_ITEM(''));
#7523=VERTEX_POINT('',#10829);
#7524=(BOUNDED_CURVE()B_SPLINE_CURVE(3,
(#10830,#10831,#10832,#10833,#10834,#10835,#10836),
.UNSPECIFIED.,.T.,.F.)B_SPLINE_CURVE_WITH_KNOTS((4,3,4),
(0.,0.5,1.),
.UNSPECIFIED.)CURVE()GEOMETRIC_REPRESENTATION_ITEM()RATIONAL_B_SPLINE_CURVE((1.,
0.333333333333333,0.333333333333333,1.,0.333333333333333,0.333333333333333,1.))
REPRESENTATION_ITEM(''));
#7525=VERTEX_POINT('',#10837);
#7526=(BOUNDED_CURVE()B_SPLINE_CURVE(3,
(#10838,#10839,#10840,#10841,#10842,#10843,#10844),
.UNSPECIFIED.,.T.,.F.)B_SPLINE_CURVE_WITH_KNOTS((4,3,4),
(0.,0.5,1.),
.UNSPECIFIED.)CURVE()GEOMETRIC_REPRESENTATION_ITEM()RATIONAL_B_SPLINE_CURVE((1.,
0.333333333333333,0.333333333333333,1.,0.333333333333333,0.333333333333333,1.))
REPRESENTATION_ITEM(''));
#7527=B_SPLINE_CURVE_WITH_KNOTS('',3,
(#10845,#10846,#10847,#10848,#10849,#10850,#10851,#10852,#10853,#10854,#10855,#10856,
#10857,#10858,#10859,#10860,#10861,#10862,#10863,#10864,#10865,#10866,#10867,#10868,
#10869,#10870,#10871,#10872,#10873,#10874,#10875,#10876,#10877,#10878,#10879,#10880,
#10881,#10882,#10883,#10884,#10885,#10886,#10887,#10888,#10889,#10890,#10891,#10892,
#10893),
.UNSPECIFIED.,.F.,.F.,
(4,1,1,1,1,1,1,1,1,1,1,1,1,1,1,1,1,1,1,1,1,1,1,1,1,1,1,1,1,1,1,1,1,1,1,1,1,1,1,1,
1,1,1,1,1,1,4),
(0.,0.0211122534395877,0.0423568466049565,0.0637099739117415,0.085160864795883,0.106636803942621,
0.128098452328126,0.14951730315388,0.170891068873376,0.19224262090442,0.21358421516334,
0.23493742373432,0.256313217792942,0.277690430651822,0.301416319966597,0.327498170179013,
0.356358528439817,0.385654579662962,0.415739538634302,0.446181150789993,0.475432375324165,
0.503130315182954,0.529660877599847,0.556552511545663,0.583979253858951,0.611573414957694,
0.639118846792067,0.666431788012706,0.69260801388264,0.717903504703867,0.741712470955596,
0.764919838075543,0.786203083473502,0.806156833033998,0.824116871787935,0.841400196341307,
0.85730770320583,0.872516314107953,0.886999581250258,0.901464394592116,0.915836685261056,
0.9301376419292,0.944304565364267,0.958405396005281,0.972367094105276,0.986234599339043,
1.),
.UNSPECIFIED.);
#7528=B_SPLINE_CURVE_WITH_KNOTS('',3,
(#10894,#10895,#10896,#10897,#10898,#10899,#10900,#10901,#10902,#10903,#10904,#10905,
#10906,#10907,#10908,#10909,#10910,#10911,#10912,#10913,#10914,#10915,#10916,#10917,
#10918,#10919,#10920,#10921,#10922,#10923,#10924,#10925,#10926,#10927,#10928,#10929,
#10930,#10931,#10932,#10933,#10934,#10935,#10936,#10937,#10938,#10939,#10940,#10941),
.UNSPECIFIED.,.F.,.F.,
(4,1,1,1,1,1,1,1,1,1,1,1,1,1,1,1,1,1,1,1,1,1,1,1,1,1,1,1,1,1,1,1,1,1,1,1,1,1,1,1,
1,1,1,1,1,4),
(0.,0.0194451330281612,0.0390215868457282,0.0587055916204505,0.0784857523861757,
0.0982897320543174,0.11807822723181,0.137824523415839,0.157527825662856,0.177210162792482,
0.196882830384305,0.216566166050398,0.236270527358664,0.255976399783129,0.277847175958203,
0.301889469765143,0.328492859326035,0.35549798117679,0.383230508775252,0.411291782350041,
0.43825559738564,0.463787440059717,0.488243272834739,0.513032268364896,0.538435463290781,
0.564113834048512,0.589989221732017,0.615768625550186,0.6408624390588,0.665387394467026,
0.688906805458859,0.711996441216098,0.733777808204957,0.754693762705033,0.774382302683846,
0.793699497526931,0.812366211622584,0.830762916524556,0.848943800173931,0.867188523412452,
0.88566977586781,0.904316274987131,0.929592422962618,0.955060560746419,0.98070735665556,
1.),
.UNSPECIFIED.);
#7529=B_SPLINE_CURVE_WITH_KNOTS('',3,
(#10942,#10943,#10944,#10945,#10946,#10947,#10948,#10949,#10950,#10951,#10952,#10953,
#10954,#10955,#10956,#10957,#10958,#10959,#10960,#10961,#10962,#10963,#10964,#10965,
#10966,#10967,#10968),
.UNSPECIFIED.,.F.,.F.,
(4,1,1,1,1,1,1,1,1,1,1,1,1,1,1,1,1,1,1,1,1,1,1,1,4),
(0.,0.0470334088317741,0.0939584271537584,0.140765432286249,0.187266509499756,0.233617688968229,
0.279403737042366,0.324794215838517,0.369555440666668,0.414076975515018,0.457689019534587,
0.500625435034138,0.542468086046384,0.583877390051757,0.624237943031099,0.663982738219783,
0.702923803706141,0.741689076693904,0.779861879085574,0.817618971921813,0.854727318216019,
0.891598010218781,0.92799225723005,0.964128205380296,1.),
.UNSPECIFIED.);
#7530=B_SPLINE_CURVE_WITH_KNOTS('',3,
(#10969,#10970,#10971,#10972,#10973,#10974,#10975,#10976,#10977,#10978,#10979,#10980,
#10981,#10982,#10983,#10984,#10985,#10986,#10987,#10988,#10989,#10990,#10991,#10992,
#10993,#10994,#10995,#10996,#10997,#10998,#10999,#11000,#11001,#11002,#11003,#11004,
#11005,#11006,#11007,#11008,#11009,#11010,#11011,#11012,#11013,#11014,#11015,#11016,
#11017,#11018,#11019,#11020,#11021,#11022,#11023,#11024,#11025,#11026,#11027),
.UNSPECIFIED.,.F.,.F.,
(4,1,1,1,1,1,1,1,1,1,1,1,1,1,1,1,1,1,1,1,1,1,1,1,1,1,1,1,1,1,1,1,1,1,1,1,1,1,1,1,
1,1,1,1,1,1,1,1,1,1,1,1,1,1,1,1,4),
(0.,0.0144355720575123,0.0289939824292757,0.0436615048897331,0.0584549024912877,
0.0733079467332615,0.0882085915509183,0.103109355485987,0.117973741707795,0.132794098863538,
0.147568108347779,0.162319948605195,0.177053549702783,0.191786065093289,0.20652801259434,
0.221284682163438,0.23606154048553,0.250839814690829,0.265600186884019,0.280346077099927,
0.295081187510822,0.309815472075164,0.324558679651825,0.339315582364073,0.35409105994135,
0.368867553056644,0.383809364479968,0.398919676401185,0.414384644641427,0.430031896625664,
0.446236784191496,0.462823063940541,0.479971294271386,0.497285634764781,0.515211694352569,
0.533577589611463,0.552666019307111,0.57203943271845,0.592061045640571,0.612432415276135,
0.633219051219395,0.654077268850031,0.675282285592279,0.696765806628033,0.718698623393908,
0.740778492133047,0.763266587520901,0.786010552031496,0.809121333474106,0.832353756967805,
0.855837415288163,0.879467804959549,0.903344681937812,0.927315186307194,0.951473142006986,
0.975720504084015,1.),
.UNSPECIFIED.);
#7531=B_SPLINE_CURVE_WITH_KNOTS('',3,
(#11028,#11029,#11030,#11031,#11032,#11033,#11034,#11035,#11036,#11037,#11038,#11039,
#11040,#11041,#11042,#11043,#11044,#11045,#11046,#11047,#11048,#11049,#11050,#11051,
#11052,#11053,#11054,#11055,#11056,#11057,#11058,#11059,#11060,#11061,#11062,#11063,
#11064,#11065,#11066,#11067,#11068,#11069,#11070,#11071,#11072,#11073,#11074,#11075,
#11076),
.UNSPECIFIED.,.F.,.F.,
(4,1,1,1,1,1,1,1,1,1,1,1,1,1,1,1,1,1,1,1,1,1,1,1,1,1,1,1,1,1,1,1,1,1,1,1,1,1,1,1,
1,1,1,1,1,1,4),
(0.,0.0211122534873325,0.0423568466592712,0.0637099739395371,0.0851608647713701,
0.106636803862771,0.128098452213895,0.149517303040433,0.170891068805597,0.1922426209023,
0.213584215229015,0.234937423849632,0.256313217915347,0.277690430751289,0.301416320022332,
0.327498170187332,0.356358528409245,0.385654579610952,0.415739538581714,0.446181150746423,
0.475432375296383,0.503130315170381,0.529660877598338,0.556552511550416,0.583979253864312,
0.611573414961183,0.63911884679261,0.66643178801147,0.692608013880981,0.717903504702452,
0.741712470954798,0.764919838075268,0.786203083473576,0.806156833034287,0.824116871788284,
0.841400196341642,0.857307703206067,0.872516314108079,0.886999581250271,0.901464394592046,
0.915836685260933,0.930137641929055,0.944304565364123,0.958405396005153,0.972367094105184,
0.986234599338987,1.),
.UNSPECIFIED.);
#7532=B_SPLINE_CURVE_WITH_KNOTS('',3,
(#11077,#11078,#11079,#11080,#11081,#11082,#11083,#11084,#11085,#11086,#11087,#11088,
#11089,#11090,#11091,#11092,#11093,#11094,#11095,#11096,#11097,#11098,#11099,#11100,
#11101,#11102,#11103,#11104,#11105,#11106,#11107,#11108,#11109,#11110,#11111,#11112,
#11113,#11114,#11115,#11116,#11117,#11118,#11119,#11120,#11121,#11122,#11123,#11124,
#11125,#11126,#11127,#11128,#11129,#11130,#11131,#11132,#11133,#11134),
.UNSPECIFIED.,.F.,.F.,
(4,1,1,1,1,1,1,1,1,1,1,1,1,1,1,1,1,1,1,1,1,1,1,1,1,1,1,1,1,1,1,1,1,1,1,1,1,1,1,1,
1,1,1,1,1,1,1,1,1,1,1,1,1,1,1,4),
(0.,0.019497060695311,0.0392668182919085,0.0592948471609423,0.0797595535366441,0.100428136217252,
0.121635991684782,0.143172876731271,0.165218257535944,0.187429867992829,0.210190829255134,
0.233342124838553,0.2570432777425,0.280893165020932,0.305092922973889,0.329486031689691,
0.354089724141117,0.378693174391642,0.403085918526846,0.427285629239246,0.451136077644767,
0.474838295149817,0.497987962110924,0.520744223993856,0.542945908366133,0.564978638779093,
0.586309293664847,0.607102828763035,0.633324801112363,0.658619929829758,0.683009273196431,
0.70032561703178,0.717476536904312,0.733967162012808,0.749978640039625,0.765239238556198,
0.780221353186976,0.794560676404501,0.808538995298657,0.822065835586373,0.835506280521241,
0.848549621907919,0.861291103108866,0.873538436964622,0.885587951803388,0.897154830546714,
0.908435817127047,0.919340341875902,0.930156468293318,0.940697531719327,0.951058255905951,
0.961140790810278,0.971122786233801,0.980882876051177,0.990511332579904,1.),
.UNSPECIFIED.);
#7533=B_SPLINE_CURVE_WITH_KNOTS('',3,
(#11135,#11136,#11137,#11138,#11139,#11140,#11141,#11142,#11143,#11144,#11145,#11146,
#11147,#11148,#11149,#11150,#11151,#11152,#11153,#11154,#11155,#11156,#11157,#11158,
#11159,#11160,#11161,#11162,#11163,#11164,#11165,#11166,#11167,#11168,#11169,#11170,
#11171,#11172,#11173,#11174,#11175,#11176,#11177,#11178,#11179,#11180,#11181,#11182,
#11183),
.UNSPECIFIED.,.F.,.F.,
(4,1,1,1,1,1,1,1,1,1,1,1,1,1,1,1,1,1,1,1,1,1,1,1,1,1,1,1,1,1,1,1,1,1,1,1,1,1,1,1,
1,1,1,1,1,1,4),
(0.,0.0211122618144721,0.0423568581109991,0.0637099851454395,0.0851608748967121,
0.106636815087855,0.1280984672699,0.149517319891067,0.170891080399449,0.192242623595909,
0.21358420926497,0.234937413349967,0.256313210515226,0.277690429258459,0.301416321955807,
0.327498172142166,0.356358528984576,0.385654581518098,0.415739542780108,0.4461811547666,
0.475432377718945,0.503130316255536,0.529660878999116,0.556552514680105,0.583979258450335,
0.611573419211772,0.639118848617318,0.666431789062696,0.692608018513818,0.717903513481613,
0.74171248010022,0.764919841940948,0.786203081042909,0.806156830125881,0.824116872286572,
0.841400201022672,0.857307710840645,0.872516322479466,0.886999586684967,0.90146439407474,
0.915836679606346,0.930137633691716,0.944304557338973,0.958405389596776,0.972367090267644,
0.986234597814468,1.),
.UNSPECIFIED.);
#7534=B_SPLINE_CURVE_WITH_KNOTS('',3,
(#11184,#11185,#11186,#11187,#11188,#11189,#11190,#11191,#11192,#11193,#11194,#11195,
#11196,#11197,#11198,#11199,#11200,#11201,#11202,#11203,#11204,#11205,#11206,#11207,
#11208,#11209,#11210,#11211,#11212,#11213,#11214,#11215,#11216,#11217,#11218,#11219,
#11220,#11221,#11222,#11223,#11224,#11225,#11226,#11227,#11228,#11229,#11230,#11231,
#11232),
.UNSPECIFIED.,.F.,.F.,
(4,1,1,1,1,1,1,1,1,1,1,1,1,1,1,1,1,1,1,1,1,1,1,1,1,1,1,1,1,1,1,1,1,1,1,1,1,1,1,1,
1,1,1,1,1,1,4),
(0.,0.0211122618250809,0.0423568581312321,0.0637099851732737,0.0851608749273057,
0.106636815117076,0.128098467291426,0.149517319900351,0.170891080393744,0.192242623576417,
0.213584209236492,0.234937413317482,0.256313210485626,0.277690429235263,0.301416321942119,
0.32749817213863,0.356358528989321,0.385654581527576,0.41573954279002,0.446181154774995,
0.475432377724352,0.503130316258007,0.529660878999398,0.556552514679153,0.583979258449266,
0.611573419211074,0.639118848617195,0.666431789062919,0.692608018514127,0.717903513481881,
0.741712480100367,0.764919841940993,0.786203081042879,0.806156830125814,0.824116872286492,
0.841400201022595,0.857307710840581,0.872516322479425,0.886999586684941,0.901464394074731,
0.91583667960635,0.930137633691732,0.944304557338992,0.958405389596792,0.972367090267656,
0.98623459781448,1.),
.UNSPECIFIED.);
#7535=B_SPLINE_CURVE_WITH_KNOTS('',3,
(#11233,#11234,#11235,#11236,#11237,#11238,#11239,#11240,#11241,#11242,#11243,#11244,
#11245,#11246,#11247,#11248,#11249,#11250,#11251,#11252,#11253,#11254,#11255,#11256,
#11257,#11258,#11259,#11260,#11261,#11262,#11263,#11264,#11265,#11266,#11267,#11268,
#11269,#11270,#11271,#11272,#11273,#11274,#11275,#11276,#11277,#11278,#11279,#11280,
#11281,#11282,#11283,#11284,#11285,#11286,#11287,#11288,#11289),
.UNSPECIFIED.,.F.,.F.,
(4,1,1,1,1,1,1,1,1,1,1,1,1,1,1,1,1,1,1,1,1,1,1,1,1,1,1,1,1,1,1,1,1,1,1,1,1,1,1,1,
1,1,1,1,1,1,1,1,1,1,1,1,1,1,4),
(0.,0.0194451565623424,0.0390216198180817,0.0587056266670635,0.0784857928042979,
0.0982897896275949,0.118078310344327,0.137824614014611,0.157527879075658,0.177210156003788,
0.196882763815028,0.216566064185284,0.2362704371062,0.255976339961235,0.27784714593148,
0.301889466415946,0.328492896785255,0.355498087046518,0.383230662831135,0.411291925498316,
0.438255678336795,0.463787447617388,0.488243218297423,0.513032167671607,0.538350444280415,
0.563858879770126,0.589394240024615,0.614750690587152,0.639167347851178,0.662844325799759,
0.685258978097131,0.707155763501306,0.727319424546829,0.746266141676303,0.763361395609706,
0.779810226067367,0.794880688608044,0.809221138627216,0.822738718963618,0.8361674990851,
0.84919556890527,0.861919433846738,0.874143744852249,0.886167954001771,0.897702083031787,
0.908945211345799,0.919804281522785,0.93057202221439,0.941057581284723,0.951356762344794,
0.961369922908845,0.9712821271046,0.98097857702851,0.990553060526248,1.),
.UNSPECIFIED.);
#7536=B_SPLINE_CURVE_WITH_KNOTS('',3,
(#11290,#11291,#11292,#11293,#11294,#11295,#11296,#11297,#11298,#11299,#11300,#11301,
#11302,#11303,#11304,#11305,#11306,#11307,#11308,#11309,#11310,#11311,#11312,#11313,
#11314,#11315,#11316),
.UNSPECIFIED.,.F.,.F.,
(4,1,1,1,1,1,1,1,1,1,1,1,1,1,1,1,1,1,1,1,1,1,1,1,4),
(0.,0.0470405585103222,0.0939702915931913,0.140779805373755,0.187280666425803,0.233630200740968,
0.27941309377216,0.324799879152335,0.369557458473165,0.41407608139125,0.457686833293555,
0.500623006190994,0.542466426520106,0.583876807162659,0.624238425673075,0.663983975954083,
0.702924996519572,0.741689459430314,0.779860637411958,0.817616065103316,0.854723193482648,
0.891593271581379,0.927988084635673,0.964125577978251,1.),
.UNSPECIFIED.);
#7537=B_SPLINE_CURVE_WITH_KNOTS('',3,
(#11317,#11318,#11319,#11320,#11321,#11322,#11323,#11324,#11325,#11326,#11327,#11328,
#11329,#11330,#11331,#11332,#11333,#11334,#11335,#11336,#11337,#11338,#11339,#11340,
#11341,#11342,#11343,#11344,#11345,#11346,#11347,#11348,#11349,#11350,#11351,#11352,
#11353,#11354,#11355,#11356,#11357,#11358,#11359,#11360,#11361,#11362,#11363,#11364,
#11365),
.UNSPECIFIED.,.F.,.F.,
(4,1,1,1,1,1,1,1,1,1,1,1,1,1,1,1,1,1,1,1,1,1,1,1,1,1,1,1,1,1,1,1,1,1,1,1,1,1,1,1,
1,1,1,1,1,1,4),
(0.,0.0211122534397215,0.0423568466053615,0.0637099739125019,0.0851608647969978,
0.106636803944022,0.128098452329563,0.149517303155059,0.170891068873926,0.192242620904202,
0.213584215162382,0.234937423732802,0.256313217791299,0.277690430650386,0.301416319965707,
0.327498170178793,0.356358528440195,0.385654579663662,0.415739538635005,0.446181150790566,
0.475432375324528,0.503130315183116,0.529660877599857,0.556552511545592,0.583979253858873,
0.611573414957643,0.639118846792056,0.666431788012722,0.692608013882657,0.717903504703886,
0.741712470955606,0.764919838075544,0.7862030834735,0.806156833033987,0.824116871787928,
0.841400196341302,0.857307703205822,0.87251631410795,0.886999581250253,0.901464394592119,
0.915836685261054,0.930137641929195,0.944304565364256,0.95840539600527,0.972367094105263,
0.986234599339032,1.),
.UNSPECIFIED.);
#7538=B_SPLINE_CURVE_WITH_KNOTS('',3,
(#11366,#11367,#11368,#11369,#11370,#11371,#11372,#11373,#11374,#11375,#11376,#11377,
#11378,#11379,#11380,#11381,#11382,#11383,#11384,#11385,#11386,#11387,#11388,#11389,
#11390,#11391,#11392,#11393,#11394,#11395,#11396,#11397,#11398,#11399,#11400,#11401,
#11402,#11403,#11404,#11405,#11406,#11407,#11408,#11409,#11410,#11411,#11412,#11413),
.UNSPECIFIED.,.F.,.F.,
(4,1,1,1,1,1,1,1,1,1,1,1,1,1,1,1,1,1,1,1,1,1,1,1,1,1,1,1,1,1,1,1,1,1,1,1,1,1,1,1,
1,1,1,1,1,4),
(0.,0.0194451330281512,0.0390215868457173,0.0587055916204385,0.0784857523861708,
0.0982897320543157,0.118078227231811,0.137824523415843,0.157527825662862,0.177210162792489,
0.196882830384314,0.216566166050408,0.236270527358676,0.255976399783137,0.27784717595821,
0.30188946976515,0.328492859326043,0.355497981176804,0.383230508775262,0.411291782350046,
0.438255597385635,0.463787440059713,0.488243272834739,0.513032268364894,0.538435463290781,
0.564113834048515,0.589989221732012,0.615768625550184,0.640862439058801,0.665387394467031,
0.688906805458861,0.711996441216102,0.733777808204957,0.754693762705032,0.774382302683849,
0.793699497526938,0.812366211622588,0.830762916524562,0.848943800173936,0.867188523412454,
0.885669775867808,0.904316274987129,0.929592422962616,0.955060560746418,0.980707356655559,
1.),
.UNSPECIFIED.);
#7539=B_SPLINE_CURVE_WITH_KNOTS('',3,
(#11414,#11415,#11416,#11417,#11418,#11419,#11420,#11421,#11422,#11423,#11424,#11425,
#11426,#11427,#11428,#11429,#11430,#11431,#11432,#11433,#11434,#11435,#11436,#11437,
#11438,#11439,#11440),
.UNSPECIFIED.,.F.,.F.,
(4,1,1,1,1,1,1,1,1,1,1,1,1,1,1,1,1,1,1,1,1,1,1,1,4),
(0.,0.0470334088328432,0.0939584271554809,0.140765432288288,0.187266509501684,0.233617688969847,
0.279403737043501,0.324794215839165,0.369555440666919,0.414076975514989,0.457689019534435,
0.500625435033951,0.542468086046214,0.583877390051645,0.624237943031059,0.663982738219833,
0.702923803706205,0.741689076693958,0.7798618790856,0.817618971921869,0.854727318216134,
0.891598010218947,0.927992257230234,0.964128205380449,1.),
.UNSPECIFIED.);
#7540=B_SPLINE_CURVE_WITH_KNOTS('',3,
(#11441,#11442,#11443,#11444,#11445,#11446,#11447,#11448,#11449,#11450,#11451,#11452,
#11453,#11454,#11455,#11456,#11457,#11458,#11459,#11460,#11461,#11462,#11463,#11464,
#11465,#11466,#11467,#11468,#11469,#11470,#11471,#11472,#11473,#11474,#11475,#11476,
#11477,#11478,#11479,#11480,#11481,#11482,#11483,#11484,#11485,#11486,#11487,#11488,
#11489,#11490,#11491,#11492,#11493,#11494,#11495,#11496,#11497,#11498,#11499),
.UNSPECIFIED.,.F.,.F.,
(4,1,1,1,1,1,1,1,1,1,1,1,1,1,1,1,1,1,1,1,1,1,1,1,1,1,1,1,1,1,1,1,1,1,1,1,1,1,1,1,
1,1,1,1,1,1,1,1,1,1,1,1,1,1,1,1,4),
(0.,0.0144355720602549,0.0289939824338202,0.0436615048952252,0.0584549024966413,
0.0733079467379113,0.0882085915542667,0.103109355487851,0.11797374170825,0.132794098862929,
0.147568108346694,0.162319948604012,0.177053549701849,0.191786065092717,0.206528012594099,
0.22128468216338,0.236061540485382,0.250839814690453,0.26560018688346,0.280346077099286,
0.29508118751021,0.309815472074645,0.324558679651462,0.339315582363877,0.354091059941306,
0.368867553056715,0.383809364480113,0.39891967640136,0.414384644641584,0.430031896625802,
0.446236784191592,0.46282306394059,0.479971294271383,0.497285634764744,0.515211694352515,
0.533577589611404,0.552666019307066,0.572039432718417,0.592061045640555,0.61243241527613,
0.633219051219395,0.654077268850042,0.675282285592288,0.696765806628037,0.718698623393913,
0.740778492133049,0.763266587520912,0.786010552031515,0.809121333474133,0.832353756967833,
0.855837415288201,0.879467804959595,0.903344681937869,0.927315186307254,0.951473142007027,
0.975720504084038,1.),
.UNSPECIFIED.);
#7541=B_SPLINE_CURVE_WITH_KNOTS('',3,
(#11500,#11501,#11502,#11503,#11504,#11505,#11506,#11507,#11508,#11509,#11510,#11511,
#11512,#11513,#11514,#11515,#11516,#11517,#11518,#11519,#11520,#11521,#11522,#11523,
#11524,#11525,#11526,#11527,#11528,#11529,#11530,#11531,#11532,#11533,#11534,#11535,
#11536,#11537,#11538,#11539,#11540,#11541,#11542,#11543,#11544,#11545,#11546,#11547,
#11548),
.UNSPECIFIED.,.F.,.F.,
(4,1,1,1,1,1,1,1,1,1,1,1,1,1,1,1,1,1,1,1,1,1,1,1,1,1,1,1,1,1,1,1,1,1,1,1,1,1,1,1,
1,1,1,1,1,1,4),
(0.,0.021112253487531,0.0423568466598416,0.0637099739405866,0.0851608647729054,0.10663680386469,
0.128098452215864,0.149517303042051,0.170891068806355,0.192242620902008,0.21358421522771,
0.234937423847565,0.256313217913102,0.27769043074933,0.30141632002111,0.327498170187022,
0.356358528409751,0.3856545796119,0.415739538582673,0.446181150747212,0.475432375296895,
0.503130315170616,0.529660877598372,0.556552511550335,0.583979253864221,0.611573414961121,
0.639118846792607,0.666431788011495,0.692608013881011,0.717903504702484,0.741712470954808,
0.764919838075275,0.78620308347358,0.806156833034287,0.824116871788283,0.841400196341642,
0.857307703206069,0.872516314108075,0.886999581250275,0.901464394592056,0.915836685260942,
0.93013764192906,0.944304565364123,0.95840539600515,0.97236709410518,0.986234599338986,
1.),
.UNSPECIFIED.);
#7542=B_SPLINE_CURVE_WITH_KNOTS('',3,
(#11549,#11550,#11551,#11552,#11553,#11554,#11555,#11556,#11557,#11558,#11559,#11560,
#11561,#11562,#11563,#11564,#11565,#11566,#11567,#11568,#11569,#11570,#11571,#11572,
#11573,#11574,#11575,#11576,#11577,#11578,#11579,#11580,#11581,#11582,#11583,#11584,
#11585,#11586,#11587,#11588,#11589,#11590,#11591,#11592,#11593,#11594,#11595,#11596,
#11597,#11598,#11599,#11600,#11601,#11602,#11603,#11604,#11605,#11606),
.UNSPECIFIED.,.F.,.F.,
(4,1,1,1,1,1,1,1,1,1,1,1,1,1,1,1,1,1,1,1,1,1,1,1,1,1,1,1,1,1,1,1,1,1,1,1,1,1,1,1,
1,1,1,1,1,1,1,1,1,1,1,1,1,1,1,4),
(0.,0.0194970606953749,0.0392668182919812,0.0592948471609816,0.0797595535366263,
0.100428136217175,0.121635991684685,0.143172876731192,0.165218257535926,0.187429867992885,
0.210190829255251,0.233342124838714,0.25704327774265,0.280893165021057,0.305092922973971,
0.329486031689733,0.354089724141123,0.378693174391623,0.403085918526807,0.427285629239187,
0.451136077644697,0.474838295149767,0.497987962110892,0.520744223993837,0.542945908366123,
0.564978638779078,0.586309293664838,0.607102828763031,0.63332480111236,0.658619929829741,
0.683009273196416,0.70032561703177,0.717476536904305,0.733967162012806,0.749978640039628,
0.765239238556197,0.780221353186974,0.794560676404498,0.808538995298649,0.822065835586372,
0.835506280521242,0.848549621907922,0.86129110310887,0.87353843696462,0.885587951803384,
0.897154830546713,0.908435817127043,0.919340341875902,0.930156468293312,0.940697531719319,
0.951058255905946,0.961140790810279,0.971122786233813,0.980882876051193,0.99051133257992,
1.),
.UNSPECIFIED.);
#7543=B_SPLINE_CURVE_WITH_KNOTS('',3,
(#11607,#11608,#11609,#11610,#11611,#11612,#11613,#11614,#11615,#11616,#11617,#11618,
#11619,#11620,#11621,#11622,#11623,#11624,#11625,#11626,#11627,#11628,#11629,#11630,
#11631,#11632,#11633,#11634,#11635,#11636,#11637,#11638,#11639,#11640,#11641,#11642,
#11643,#11644,#11645,#11646,#11647,#11648,#11649,#11650,#11651,#11652,#11653,#11654,
#11655),
.UNSPECIFIED.,.F.,.F.,
(4,1,1,1,1,1,1,1,1,1,1,1,1,1,1,1,1,1,1,1,1,1,1,1,1,1,1,1,1,1,1,1,1,1,1,1,1,1,1,1,
1,1,1,1,1,1,4),
(0.,0.0211122618242779,0.0423568581304226,0.0637099851731585,0.0851608749284743,
0.106636815119669,0.128098467295016,0.149517319904132,0.170891080396484,0.192242623577419,
0.213584209235446,0.234937413314678,0.256313210482104,0.277690429231962,0.301416321939971,
0.32749817213801,0.356358528990153,0.385654581529209,0.415739542791658,0.446181154776349,
0.475432377725207,0.503130316258384,0.529660878999435,0.556552514678999,0.583979258449097,
0.611573419210972,0.63911884861719,0.666431789062971,0.692608018514195,0.717903513481938,
0.74171248010041,0.764919841941018,0.786203081042894,0.806156830125821,0.824116872286492,
0.841400201022602,0.857307710840588,0.872516322479429,0.886999586684949,0.901464394074739,
0.915836679606354,0.930137633691728,0.944304557338982,0.958405389596782,0.972367090267647,
0.986234597814473,1.),
.UNSPECIFIED.);
#7544=B_SPLINE_CURVE_WITH_KNOTS('',3,
(#11656,#11657,#11658,#11659,#11660,#11661,#11662,#11663,#11664,#11665,#11666,#11667,
#11668,#11669,#11670,#11671,#11672,#11673,#11674,#11675,#11676,#11677,#11678,#11679,
#11680,#11681,#11682,#11683,#11684,#11685,#11686,#11687,#11688,#11689,#11690,#11691,
#11692,#11693,#11694,#11695,#11696,#11697,#11698,#11699,#11700,#11701,#11702,#11703,
#11704),
.UNSPECIFIED.,.F.,.F.,
(4,1,1,1,1,1,1,1,1,1,1,1,1,1,1,1,1,1,1,1,1,1,1,1,1,1,1,1,1,1,1,1,1,1,1,1,1,1,1,1,
1,1,1,1,1,1,4),
(0.,0.0211122618266285,0.0423568581361962,0.0637099851829454,0.085160874941908,0.106636815135799,
0.128098467310987,0.149517319916709,0.170891080401786,0.192242623574073,0.213584209224025,
0.234937413297358,0.256313210463591,0.277690429215872,0.301416321929939,0.327498172135453,
0.356358528994281,0.385654581536996,0.415739542799485,0.446181154782818,0.475432377729309,
0.503130316260221,0.529660878999619,0.556552514678255,0.583979258448264,0.611573419210424,
0.639118848617085,0.666431789063138,0.692608018514422,0.717903513482137,0.741712480100513,
0.764919841941041,0.78620308104286,0.806156830125753,0.824116872286418,0.841400201022528,
0.857307710840532,0.872516322479395,0.886999586684938,0.901464394074745,0.915836679606375,
0.930137633691756,0.944304557339015,0.95840538959681,0.972367090267672,0.986234597814489,
1.),
.UNSPECIFIED.);
#7545=B_SPLINE_CURVE_WITH_KNOTS('',3,
(#11705,#11706,#11707,#11708,#11709,#11710,#11711,#11712,#11713,#11714,#11715,#11716,
#11717,#11718,#11719,#11720,#11721,#11722,#11723,#11724,#11725,#11726,#11727,#11728,
#11729,#11730,#11731,#11732,#11733,#11734,#11735,#11736,#11737,#11738,#11739,#11740,
#11741,#11742,#11743,#11744,#11745,#11746,#11747,#11748,#11749,#11750,#11751,#11752,
#11753,#11754,#11755,#11756,#11757,#11758,#11759,#11760,#11761),
.UNSPECIFIED.,.F.,.F.,
(4,1,1,1,1,1,1,1,1,1,1,1,1,1,1,1,1,1,1,1,1,1,1,1,1,1,1,1,1,1,1,1,1,1,1,1,1,1,1,1,
1,1,1,1,1,1,1,1,1,1,1,1,1,1,4),
(0.,0.0194451565623417,0.0390216198180842,0.0587056266670749,0.0784857928043125,
0.0982897896276107,0.118078310344348,0.137824614014628,0.157527879075674,0.177210156003799,
0.19688276381503,0.216566064185283,0.236270437106198,0.255976339961229,0.277847145931471,
0.301889466415929,0.328492896785242,0.355498087046504,0.383230662831124,0.411291925498315,
0.438255678336797,0.463787447617393,0.488243218297422,0.513032167671608,0.538350444280418,
0.563858879770131,0.589394240024621,0.614750690587153,0.639167347851174,0.662844325799758,
0.685258978097127,0.707155763501301,0.727319424546824,0.746266141676302,0.763361395609702,
0.779810226067373,0.794880688608046,0.809221138627223,0.822738718963626,0.836167499085109,
0.849195568905277,0.861919433846743,0.874143744852257,0.886167954001781,0.897702083031797,
0.908945211345805,0.919804281522789,0.930572022214397,0.941057581284733,0.951356762344797,
0.961369922908842,0.971282127104595,0.980978577028504,0.990553060526242,1.),
.UNSPECIFIED.);
#7546=B_SPLINE_CURVE_WITH_KNOTS('',3,
(#11762,#11763,#11764,#11765,#11766,#11767,#11768,#11769,#11770,#11771,#11772,#11773,
#11774,#11775,#11776,#11777,#11778,#11779,#11780,#11781,#11782,#11783,#11784,#11785,
#11786,#11787,#11788),
.UNSPECIFIED.,.F.,.F.,
(4,1,1,1,1,1,1,1,1,1,1,1,1,1,1,1,1,1,1,1,1,1,1,1,4),
(0.,0.0470405585099187,0.093970291592526,0.140779805372949,0.187280666425018,0.233630200740273,
0.27941309377167,0.324799879152055,0.369557458473095,0.41407608139135,0.457686833293774,
0.500623006191203,0.542466426520262,0.583876807162737,0.624238425673075,0.663983975954024,
0.702924996519513,0.741689459430307,0.779860637412065,0.817616065103545,0.854723193482974,
0.891593271581758,0.927988084636022,0.964125577978469,1.),
.UNSPECIFIED.);
#7547=VERTEX_POINT('',#11789);
#7548=LINE('',#11790,#11791);
#7549=VERTEX_POINT('',#11793);
#7550=LINE('',#11794,#11795);
#7551=LINE('',#11797,#11798);
#7552=VERTEX_POINT('',#11800);
#7553=CIRCLE('',#11801,4.9);
#7554=LINE('',#11805,#11806);
#7555=VERTEX_POINT('',#11808);
#7556=LINE('',#11809,#11810);
#7557=LINE('',#11812,#11813);
#7558=VERTEX_POINT('',#11815);
#7559=LINE('',#11816,#11817);
#7560=LINE('',#11819,#11820);
#7561=VERTEX_POINT('',#11822);
#7562=LINE('',#11823,#11824);
#7563=LINE('',#11826,#11827);
#7564=VERTEX_POINT('',#11829);
#7565=LINE('',#11830,#11831);
#7566=LINE('',#11833,#11834);
#7567=CIRCLE('',#11836,4.90000000000001);
#7568=VERTEX_POINT('',#11840);
#7569=LINE('',#11841,#11842);
#7570=VERTEX_POINT('',#11844);
#7571=LINE('',#11845,#11846);
#7572=LINE('',#11848,#11849);
#7573=VERTEX_POINT('',#11851);
#7574=LINE('',#11852,#11853);
#7575=CIRCLE('',#11855,4.9);
#7576=VERTEX_POINT('',#11859);
#7577=LINE('',#11860,#11861);
#7578=LINE('',#11863,#11864);
#7579=VERTEX_POINT('',#11866);
#7580=LINE('',#11867,#11868);
#7581=LINE('',#11870,#11871);
#7582=VERTEX_POINT('',#11873);
#7583=LINE('',#11874,#11875);
#7584=LINE('',#11877,#11878);
#7585=VERTEX_POINT('',#11880);
#7586=LINE('',#11881,#11882);
#7587=LINE('',#11884,#11885);
#7588=CIRCLE('',#11887,4.90000000000001);
#7589=VERTEX_POINT('',#11891);
#7590=LINE('',#11892,#11893);
#7591=VERTEX_POINT('',#11895);
#7592=LINE('',#11896,#11897);
#7593=LINE('',#11899,#11900);
#7594=VERTEX_POINT('',#11902);
#7595=CIRCLE('',#11903,4.9);
#7596=LINE('',#11907,#11908);
#7597=VERTEX_POINT('',#11910);
#7598=LINE('',#11911,#11912);
#7599=LINE('',#11914,#11915);
#7600=VERTEX_POINT('',#11917);
#7601=LINE('',#11918,#11919);
#7602=LINE('',#11921,#11922);
#7603=VERTEX_POINT('',#11924);
#7604=LINE('',#11925,#11926);
#7605=LINE('',#11928,#11929);
#7606=VERTEX_POINT('',#11931);
#7607=LINE('',#11932,#11933);
#7608=LINE('',#11935,#11936);
#7609=CIRCLE('',#11938,4.90000000000001);
#7610=VERTEX_POINT('',#11942);
#7611=LINE('',#11943,#11944);
#7612=VERTEX_POINT('',#11946);
#7613=LINE('',#11947,#11948);
#7614=LINE('',#11950,#11951);
#7615=VERTEX_POINT('',#11953);
#7616=LINE('',#11954,#11955);
#7617=CIRCLE('',#11957,4.9);
#7618=VERTEX_POINT('',#11961);
#7619=LINE('',#11962,#11963);
#7620=LINE('',#11965,#11966);
#7621=VERTEX_POINT('',#11968);
#7622=LINE('',#11969,#11970);
#7623=LINE('',#11972,#11973);
#7624=VERTEX_POINT('',#11975);
#7625=LINE('',#11976,#11977);
#7626=LINE('',#11979,#11980);
#7627=VERTEX_POINT('',#11982);
#7628=LINE('',#11983,#11984);
#7629=LINE('',#11986,#11987);
#7630=CIRCLE('',#11989,4.90000000000001);
#7631=CARTESIAN_POINT('',(101.924621202459,0.,87.0753787975412));
#7632=CARTESIAN_POINT('',(101.924621202459,79.6497159915185,87.0753787975412));
#7633=CARTESIAN_POINT('',(101.924621202459,0.,87.0753787975412));
#7634=VECTOR('',#7635,1.);
#7635=DIRECTION('',(0.,1.,0.));
#7636=CARTESIAN_POINT('',(87.0753787975412,70.7763889243171,101.924621202459));
#7637=CARTESIAN_POINT('',(101.924621202459,79.6497159915184,87.0753787975412));
#7638=CARTESIAN_POINT('',(101.276663320767,78.8745873562733,87.7233366792331));
#7639=CARTESIAN_POINT('',(100.628705439075,78.0994587210282,88.3712945609251));
#7640=CARTESIAN_POINT('',(99.1992198999749,76.6841048610926,89.8007801000251));
#7641=CARTESIAN_POINT('',(98.4339668324394,76.0161700752393,90.5660331675606));
#7642=CARTESIAN_POINT('',(96.8383623378784,74.7911387481838,92.1616376621215));
#7643=CARTESIAN_POINT('',(95.9954290928294,74.2243824690686,93.0045709071706));
#7644=CARTESIAN_POINT('',(94.2588692788545,73.2089931507191,94.7411307211454));
#7645=CARTESIAN_POINT('',(93.3515494171103,72.7523534634275,95.6484505828897));
#7646=CARTESIAN_POINT('',(91.5014208693585,71.9626194498986,97.4985791306415));
#7647=CARTESIAN_POINT('',(90.5444125465933,71.6233976711165,98.4555874534067));
#7648=CARTESIAN_POINT('',(88.755741018645,71.1133824063406,100.244258981355));
#7649=CARTESIAN_POINT('',(87.9155599080931,70.9448856653289,101.084440091907));
#7650=CARTESIAN_POINT('',(87.0753787975412,70.7763889243171,101.924621202459));
#7651=CARTESIAN_POINT('',(87.0753787975412,0.,101.924621202459));
#7652=CARTESIAN_POINT('',(87.0753787975412,70.7763889243171,101.924621202459));
#7653=VECTOR('',#7654,1.);
#7654=DIRECTION('',(0.,-1.,0.));
#7655=CARTESIAN_POINT('',(101.924621202459,0.,87.0753787975412));
#7656=VECTOR('',#7657,1.);
#7657=DIRECTION('',(-0.707106781186548,0.,0.707106781186547));
#7658=CARTESIAN_POINT('',(105.,94.4999999999987,79.6507575950824));
#7659=CARTESIAN_POINT('',(105.,0.,79.6507575950824));
#7660=CARTESIAN_POINT('',(105.,94.4999999999987,79.6507575950824));
#7661=VECTOR('',#7662,1.);
#7662=DIRECTION('',(0.,-1.,0.));
#7663=CARTESIAN_POINT('',(105.,94.4999999999987,79.6507575950825));
#7664=CARTESIAN_POINT('',(105.000000021681,94.4768085343377,79.66262102753));
#7665=CARTESIAN_POINT('',(104.999959524574,94.430078349647,79.6865255834251));
#7666=CARTESIAN_POINT('',(104.99977484998,94.3595004864872,79.7226292765872));
#7667=CARTESIAN_POINT('',(104.999459577242,94.2877352700821,79.7593402101664));
#7668=CARTESIAN_POINT('',(104.999007850845,94.2148732681818,79.7966117200235));
#7669=CARTESIAN_POINT('',(104.998338982902,94.1316425560643,79.8391872187189));
#7670=CARTESIAN_POINT('',(104.997378208428,94.037817184791,79.8871805288646));
#7671=CARTESIAN_POINT('',(104.996031781963,93.9328838020375,79.9408562145936));
#7672=CARTESIAN_POINT('',(104.994438855791,93.8299743279796,79.9934940425133));
#7673=CARTESIAN_POINT('',(104.992544436752,93.7248564498547,80.047258461401));
#7674=CARTESIAN_POINT('',(104.989711865044,93.5874795965951,80.1175192309698));
#7675=CARTESIAN_POINT('',(104.984669216902,93.3821664619643,80.2225301970451));
#7676=CARTESIAN_POINT('',(104.97549981993,93.0850149384231,80.3744724210039));
#7677=CARTESIAN_POINT('',(104.962164259834,92.746963778645,80.5472672525261));
#7678=CARTESIAN_POINT('',(104.946652366928,92.4266074539713,80.7110423172124));
#7679=CARTESIAN_POINT('',(104.93262753917,92.1745406600181,80.8398380042458));
#7680=CARTESIAN_POINT('',(104.920108522068,91.9694741853308,80.9445654925908));
#7681=CARTESIAN_POINT('',(104.907631480895,91.7795474584178,81.0415285228873));
#7682=CARTESIAN_POINT('',(104.893440042831,91.578565213277,81.144103341839));
#7683=CARTESIAN_POINT('',(104.876852410237,91.3601034759685,81.2555684228552));
#7684=CARTESIAN_POINT('',(104.857765543829,91.1265821206881,81.3746899631601));
#7685=CARTESIAN_POINT('',(104.835529475699,90.8739081841589,81.5035599280341));
#7686=CARTESIAN_POINT('',(104.810003123569,90.6044359421208,81.640987007213));
#7687=CARTESIAN_POINT('',(104.780366164171,90.3140387555785,81.7890838545987));
#7688=CARTESIAN_POINT('',(104.746888622964,90.0091047470983,81.9443657352833));
#7689=CARTESIAN_POINT('',(104.70897113569,89.6877048264542,82.1078468082663));
#7690=CARTESIAN_POINT('',(104.666482594802,89.3521051065456,82.2783576545062));
#7691=CARTESIAN_POINT('',(104.618133953293,88.9961463990279,82.4590260847205));
#7692=CARTESIAN_POINT('',(104.563916617767,88.6240582573259,82.6477053515834));
#7693=CARTESIAN_POINT('',(104.50296184761,88.2338291567721,82.8454187397477));
#7694=CARTESIAN_POINT('',(104.435348234213,87.8297261661936,83.0500459015851));
#7695=CARTESIAN_POINT('',(104.360184393259,87.4099205802277,83.2624380156486));
#7696=CARTESIAN_POINT('',(104.278280003293,86.9808514021784,83.4788097182401));
#7697=CARTESIAN_POINT('',(104.189422884827,86.5439381777306,83.6986045076079));
#7698=CARTESIAN_POINT('',(104.093911074877,86.1024127867965,83.9202096031173));
#7699=CARTESIAN_POINT('',(103.990878730951,85.6541896918711,84.1447280447968));
#7700=CARTESIAN_POINT('',(103.880438758925,85.2017199650823,84.3710011271499));
#7701=CARTESIAN_POINT('',(103.762117458607,84.7447134974621,84.5991740734178));
#7702=CARTESIAN_POINT('',(103.636379933275,84.2847449689471,84.8276640674142));
#7703=CARTESIAN_POINT('',(103.502570143687,83.821242143579,85.0570224682839));
#7704=CARTESIAN_POINT('',(103.361005431738,83.3566619788289,85.286092080792));
#7705=CARTESIAN_POINT('',(103.211487578456,82.8914486024602,85.5147154439609));
#7706=CARTESIAN_POINT('',(103.053896007392,82.4269874735189,85.7424628572489));
#7707=CARTESIAN_POINT('',(102.887940756188,81.9621770175083,85.9691566409014));
#7708=CARTESIAN_POINT('',(102.71366662418,81.4977069649117,86.1941893811203));
#7709=CARTESIAN_POINT('',(102.53053536296,81.0335273287433,86.4177141321889));
#7710=CARTESIAN_POINT('',(102.33842257375,80.5704174961999,86.6393323765743));
#7711=CARTESIAN_POINT('',(102.136818254525,80.1084867352067,86.859062323215));
#7712=CARTESIAN_POINT('',(101.996433271106,79.802442999357,87.0035671654477));
#7713=CARTESIAN_POINT('',(101.924621187673,79.6497160146931,87.0753788123272));
#7714=AXIS2_PLACEMENT_3D('',#7715,#7716,#7717);
#7715=CARTESIAN_POINT('',(94.5,0.,79.6507575950824));
#7716=DIRECTION('',(0.,-1.,0.));
#7717=DIRECTION('',(1.,0.,0.));
#7718=CARTESIAN_POINT('',(-87.0753787975413,0.,101.924621202459));
#7719=CARTESIAN_POINT('',(-87.0753787975413,70.7763889243171,101.924621202459));
#7720=CARTESIAN_POINT('',(-87.0753787975413,0.,101.924621202459));
#7721=VECTOR('',#7722,1.);
#7722=DIRECTION('',(0.,1.,0.));
#7723=CARTESIAN_POINT('',(-101.924621202459,79.6497159915183,87.0753787975412));
#7724=CARTESIAN_POINT('',(-87.0753787975413,70.7763889243171,101.924621202459));
#7725=CARTESIAN_POINT('',(-88.0649739500261,70.9797979993411,100.935026049974));
#7726=CARTESIAN_POINT('',(-89.054569102511,71.1832070743651,99.945430897489));
#7727=CARTESIAN_POINT('',(-90.9782348540732,71.7715654104133,98.0217651459268));
#7728=CARTESIAN_POINT('',(-91.9289979423335,72.1290548305744,97.0710020576665));
#7729=CARTESIAN_POINT('',(-93.763754162122,72.9538730343489,95.236245837878));
#7730=CARTESIAN_POINT('',(-94.6622148944584,73.4277057558604,94.3377851055416));
#7731=CARTESIAN_POINT('',(-96.379126380857,74.4759759515652,92.6208736191429));
#7732=CARTESIAN_POINT('',(-97.2111154948062,75.0586793493548,91.7888845051938));
#7733=CARTESIAN_POINT('',(-98.7831055280412,76.3138696897974,90.2168944719588));
#7734=CARTESIAN_POINT('',(-99.5352297617971,76.9959587470612,89.4647702382028));
#7735=CARTESIAN_POINT('',(-100.831767903406,78.329544234591,88.1682320965937));
#7736=CARTESIAN_POINT('',(-101.378194552932,78.9896301130546,87.6218054470675));
#7737=CARTESIAN_POINT('',(-101.924621202459,79.6497159915183,87.0753787975412));
#7738=CARTESIAN_POINT('',(-101.924621202459,0.,87.0753787975412));
#7739=CARTESIAN_POINT('',(-101.924621202459,79.6497159915183,87.0753787975412));
#7740=VECTOR('',#7741,1.);
#7741=DIRECTION('',(0.,-1.,0.));
#7742=CARTESIAN_POINT('',(-87.0753787975413,0.,101.924621202459));
#7743=VECTOR('',#7744,1.);
#7744=DIRECTION('',(-0.707106781186545,0.,-0.70710678118655));
#7745=CARTESIAN_POINT('',(-79.6507575950825,71.8909963675606,105.));
#7746=CARTESIAN_POINT('',(-79.6507575950825,0.,105.));
#7747=CARTESIAN_POINT('',(-79.6507575950825,71.8909963675606,105.));
#7748=VECTOR('',#7749,1.);
#7749=DIRECTION('',(0.,-1.,0.));
#7750=CARTESIAN_POINT('',(-79.6507387772657,71.8909655105621,105.000021251324));
#7751=CARTESIAN_POINT('',(-79.6888515052016,71.8683330697765,105.00002040084));
#7752=CARTESIAN_POINT('',(-79.7650923461863,71.8233617419105,104.999603757191));
#7753=CARTESIAN_POINT('',(-79.8794626481005,71.7569652777134,104.99773155318));
#7754=CARTESIAN_POINT('',(-79.9939353075389,71.6917341235137,104.994608779963));
#7755=CARTESIAN_POINT('',(-80.1085158909965,71.6278234954524,104.990231266205));
#7756=CARTESIAN_POINT('',(-80.2231075796326,71.5654421427368,104.98459982694));
#7757=CARTESIAN_POINT('',(-80.3376615073855,71.5047674799183,104.977716203298));
#7758=CARTESIAN_POINT('',(-80.4520522655148,71.4460009469243,104.969591294347));
#7759=CARTESIAN_POINT('',(-80.5663797820884,71.389254263281,104.96021858906));
#7760=CARTESIAN_POINT('',(-80.6804946307653,71.3346467376384,104.949608382531));
#7761=CARTESIAN_POINT('',(-80.7942279276034,71.2818064964602,104.93778106458));
#7762=CARTESIAN_POINT('',(-80.9073816698372,71.2308986534625,104.924768459943));
#7763=CARTESIAN_POINT('',(-81.0200750487921,71.1818153837693,104.91056898249));
#7764=CARTESIAN_POINT('',(-81.1321793456289,71.1345923920487,104.895210316228));
#7765=CARTESIAN_POINT('',(-81.2438250837976,71.0891453997509,104.878685734005));
#7766=CARTESIAN_POINT('',(-81.3548843577996,71.0454981981712,104.861026244705));
#7767=CARTESIAN_POINT('',(-81.4656326655009,71.0035162466539,104.842197285396));
#7768=CARTESIAN_POINT('',(-81.5765344635772,70.9630131295452,104.822118253023));
#7769=CARTESIAN_POINT('',(-81.6881171279829,70.9237997401669,104.800672406497));
#7770=CARTESIAN_POINT('',(-81.8010660230988,70.8856570894807,104.777687000136));
#7771=CARTESIAN_POINT('',(-81.9154606121325,70.8486036076615,104.753088210811));
#7772=CARTESIAN_POINT('',(-82.0319934133111,70.8124740973651,104.72665871533));
#7773=CARTESIAN_POINT('',(-82.1505805961897,70.7773732156764,104.698331998505));
#7774=CARTESIAN_POINT('',(-82.2718043265627,70.7432291482901,104.667863943303));
#7775=CARTESIAN_POINT('',(-82.3948776065125,70.710352603994,104.63535220606));
#7776=CARTESIAN_POINT('',(-82.520689374909,70.6786625256408,104.600462133457));
#7777=CARTESIAN_POINT('',(-82.6493955026487,70.6482178619437,104.563022110834));
#7778=CARTESIAN_POINT('',(-82.7826605186961,70.6187765666643,104.522370027096));
#7779=CARTESIAN_POINT('',(-82.9196570743354,70.5906927948576,104.478549419919));
#7780=CARTESIAN_POINT('',(-83.0612433417114,70.5639682504261,104.431074518754));
#7781=CARTESIAN_POINT('',(-83.2065985044106,70.5388837104626,104.379993179682));
#7782=CARTESIAN_POINT('',(-83.3566121099846,70.5156705433462,104.324738297371));
#7783=CARTESIAN_POINT('',(-83.509525401646,70.4947972493558,104.265713535525));
#7784=CARTESIAN_POINT('',(-83.6652909393128,70.4763383692853,104.202736816611));
#7785=CARTESIAN_POINT('',(-83.8228193731595,70.4604949293143,104.136070697085));
#7786=CARTESIAN_POINT('',(-83.9827011976972,70.4472242780067,104.065287070716));
#7787=CARTESIAN_POINT('',(-84.1437868070018,70.4368013646277,103.990713984742));
#7788=CARTESIAN_POINT('',(-84.3061330835469,70.4295446268488,103.912167914015));
#7789=CARTESIAN_POINT('',(-84.4689519670485,70.4253584310513,103.829890475004));
#7790=CARTESIAN_POINT('',(-84.6324391611258,70.4242186615205,103.743644184259));
#7791=CARTESIAN_POINT('',(-84.7955737073045,70.4259767687948,103.65385227827));
#7792=CARTESIAN_POINT('',(-84.9577738694368,70.4307109657282,103.560769414953));
#7793=CARTESIAN_POINT('',(-85.1183176462529,70.4386418113845,103.46479435153));
#7794=CARTESIAN_POINT('',(-85.277012255911,70.4494594499476,103.366050482479));
#7795=CARTESIAN_POINT('',(-85.4337017157866,70.4629752386803,103.264657293353));
#7796=CARTESIAN_POINT('',(-85.5879696599704,70.4789377718455,103.160904544536));
#7797=CARTESIAN_POINT('',(-85.7395837937107,70.4970834075238,103.05499710322));
#7798=CARTESIAN_POINT('',(-85.88801081771,70.517706192815,102.947387929776));
#7799=CARTESIAN_POINT('',(-86.0334717351452,70.5404986099257,102.83801429864));
#7800=CARTESIAN_POINT('',(-86.175583815032,70.5651903352757,102.727262903196));
#7801=CARTESIAN_POINT('',(-86.3144441703729,70.5915656943953,102.61517403078));
#7802=CARTESIAN_POINT('',(-86.4495435622006,70.6192603115352,102.502300766957));
#7803=CARTESIAN_POINT('',(-86.5813368238539,70.6482567976366,102.388410631968));
#7804=CARTESIAN_POINT('',(-86.7095625998857,70.6788268548561,102.273871310119));
#7805=CARTESIAN_POINT('',(-86.8346159552397,70.7105346463103,102.158455426786));
#7806=CARTESIAN_POINT('',(-86.9563965521511,70.7430504744003,102.042376071329));
#7807=CARTESIAN_POINT('',(-87.036060658114,70.7652229967744,101.963976222774));
#7808=CARTESIAN_POINT('',(-87.0754033259236,70.7763557423404,101.924636178407));
#7809=AXIS2_PLACEMENT_3D('',#7810,#7811,#7812);
#7810=CARTESIAN_POINT('',(-79.6507575950825,0.,94.5));
#7811=DIRECTION('',(0.,-1.,0.));
#7812=DIRECTION('',(0.,0.,1.));
#7813=CARTESIAN_POINT('',(-105.,94.4999999999987,79.6507575950824));
#7814=CARTESIAN_POINT('',(-101.924621197335,79.6497159931597,87.0753788026654));
#7815=CARTESIAN_POINT('',(-102.054876045266,79.9304340845362,86.9451883060191));
#7816=CARTESIAN_POINT('',(-102.307446550331,80.4951724251745,86.6788741037434));
#7817=CARTESIAN_POINT('',(-102.660078292698,81.3511131514568,86.2661743639833));
#7818=CARTESIAN_POINT('',(-102.986361120399,82.2231524931759,85.8417697620119));
#7819=CARTESIAN_POINT('',(-103.286724732207,83.1118283470156,85.4071079446016));
#7820=CARTESIAN_POINT('',(-103.5634594026,84.0176296333334,84.9607050653521));
#7821=CARTESIAN_POINT('',(-103.817044751164,84.9390046534717,84.5021130128232));
#7822=CARTESIAN_POINT('',(-104.046502911443,85.877955460812,84.0333048868157));
#7823=CARTESIAN_POINT('',(-104.251953052176,86.8309700054319,83.5546538818363));
#7824=CARTESIAN_POINT('',(-104.43285674196,87.794130733404,83.0679735340185));
#7825=CARTESIAN_POINT('',(-104.588083420453,88.7627805613952,82.5779787163779));
#7826=CARTESIAN_POINT('',(-104.717773562939,89.7298724973423,82.0865169033336));
#7827=CARTESIAN_POINT('',(-104.822323366806,90.6935138795853,81.5955708038551));
#7828=CARTESIAN_POINT('',(-104.902399303581,91.6518787717449,81.1071005708974));
#7829=CARTESIAN_POINT('',(-104.958986309982,92.6055121357851,80.6194111817468));
#7830=CARTESIAN_POINT('',(-104.992523720395,93.5529195298689,80.1351526117142));
#7831=CARTESIAN_POINT('',(-104.99998415397,94.1852952925132,79.8117389772955));
#7832=CARTESIAN_POINT('',(-105.,94.4999999999987,79.6507575950825));
#7833=CARTESIAN_POINT('',(-105.,0.,79.6507575950824));
#7834=CARTESIAN_POINT('',(-105.,0.,79.6507575950824));
#7835=VECTOR('',#7836,1.);
#7836=DIRECTION('',(0.,1.,0.));
#7837=AXIS2_PLACEMENT_3D('',#7838,#7839,#7840);
#7838=CARTESIAN_POINT('',(-94.5,0.,79.6507575950824));
#7839=DIRECTION('',(0.,-1.,0.));
#7840=DIRECTION('',(-0.70710678118655,0.,0.707106781186545));
#7841=CARTESIAN_POINT('',(-105.,112.,79.6507575950824));
#7842=CARTESIAN_POINT('',(-105.,94.4999999999987,79.6507575950824));
#7843=VECTOR('',#7844,1.);
#7844=DIRECTION('',(0.,1.,0.));
#7845=CARTESIAN_POINT('',(-101.924621202459,109.350284008479,87.0753787975412));
#7846=CARTESIAN_POINT('',(-105.,94.4999999999987,79.6507575950825));
#7847=CARTESIAN_POINT('',(-105.000000012035,94.5212581067062,79.6616320406811));
#7848=CARTESIAN_POINT('',(-104.999966044507,94.5640230024509,79.6835081690833));
#7849=CARTESIAN_POINT('',(-104.99981159163,94.6285016476238,79.7164918126449));
#7850=CARTESIAN_POINT('',(-104.999549437193,94.6937799417415,79.7498845224706));
#7851=CARTESIAN_POINT('',(-104.99917618633,94.7597746572576,79.7836431886379));
#7852=CARTESIAN_POINT('',(-104.998686107951,94.8267701337029,79.8179139164119));
#7853=CARTESIAN_POINT('',(-104.998074584814,94.8947318948038,79.8526782005602));
#7854=CARTESIAN_POINT('',(-104.997332972088,94.9639718051802,79.8880957063096));
#7855=CARTESIAN_POINT('',(-104.996458784642,95.0341689306283,79.924002694926));
#7856=CARTESIAN_POINT('',(-104.995438700497,95.1059062322321,79.9606974411232));
#7857=CARTESIAN_POINT('',(-104.994260077598,95.1794549602105,79.9983166491399));
#7858=CARTESIAN_POINT('',(-104.99289071228,95.2559879043525,80.0374608903528));
#7859=CARTESIAN_POINT('',(-104.991319520608,95.3351887468399,80.0779685680159));
#7860=CARTESIAN_POINT('',(-104.989286657129,95.4282004756261,80.1255389316751));
#7861=CARTESIAN_POINT('',(-104.986683416228,95.5351419012822,80.1802342048034));
#7862=CARTESIAN_POINT('',(-104.983356385941,95.6568795529216,80.2424941328937));
#7863=CARTESIAN_POINT('',(-104.979661779182,95.7783235557409,80.3045922486372));
#7864=CARTESIAN_POINT('',(-104.97543467192,95.9046829741513,80.3691963701129));
#7865=CARTESIAN_POINT('',(-104.969648091676,96.0627142962613,80.4499857480437));
#7866=CARTESIAN_POINT('',(-104.960666065888,96.2812927577014,80.5617142251757));
#7867=CARTESIAN_POINT('',(-104.94758626376,96.5559580193957,80.7021272644766));
#7868=CARTESIAN_POINT('',(-104.931950948636,96.8391891109086,80.8468610563608));
#7869=CARTESIAN_POINT('',(-104.916715609395,97.0843264860909,80.9720472231059));
#7870=CARTESIAN_POINT('',(-104.902714518965,97.2914366786478,81.0777760991694));
#7871=CARTESIAN_POINT('',(-104.886790109552,97.5115131851241,81.190091415909));
#7872=CARTESIAN_POINT('',(-104.86646050383,97.770702379862,81.3223264232761));
#7873=CARTESIAN_POINT('',(-104.840566825832,98.0718279948218,81.475912548428));
#7874=CARTESIAN_POINT('',(-104.813099673071,98.3641441221507,81.6249744199319));
#7875=CARTESIAN_POINT('',(-104.78432687332,98.6476902001665,81.7695577883886));
#7876=CARTESIAN_POINT('',(-104.754133564864,98.9262838064514,81.9114429800696));
#7877=CARTESIAN_POINT('',(-104.719801340677,99.2225031441606,82.062152511518));
#7878=CARTESIAN_POINT('',(-104.680337002596,99.5407922211778,82.2239297825584));
#7879=CARTESIAN_POINT('',(-104.635574297703,99.8781205965181,82.3952301043362));
#7880=CARTESIAN_POINT('',(-104.584286370383,100.238930184961,82.5783074617244));
#7881=CARTESIAN_POINT('',(-104.526892749049,100.615747311444,82.7693792431753));
#7882=CARTESIAN_POINT('',(-104.462821507804,101.008618942662,82.9684881173328));
#7883=CARTESIAN_POINT('',(-104.392463283431,101.412947325005,83.1728791564908));
#7884=CARTESIAN_POINT('',(-104.314907602028,101.830897087766,83.3837353784315));
#7885=CARTESIAN_POINT('',(-104.23063115356,102.2571473265,83.5983826530821));
#7886=CARTESIAN_POINT('',(-104.139692505155,102.689337807175,83.8156500332711));
#7887=CARTESIAN_POINT('',(-104.04272770752,103.122792696762,84.0333558645038));
#7888=CARTESIAN_POINT('',(-103.940062934711,103.55628756329,84.250354988647));
#7889=CARTESIAN_POINT('',(-103.832191423,103.987308202276,84.4654343673838));
#7890=CARTESIAN_POINT('',(-103.720132499117,104.411659010647,84.6766094524321));
#7891=CARTESIAN_POINT('',(-103.604725851316,104.826766799899,84.8826562502717));
#7892=CARTESIAN_POINT('',(-103.487364235568,105.228341698261,85.0816643115242));
#7893=CARTESIAN_POINT('',(-103.368224482795,105.618103074733,85.2740235553935));
#7894=CARTESIAN_POINT('',(-103.248563555908,105.993263482284,85.4584225425976));
#7895=CARTESIAN_POINT('',(-103.128218085053,106.355297684402,85.6357484204778));
#7896=CARTESIAN_POINT('',(-103.008467760714,106.701512877183,85.8048003305976));
#7897=CARTESIAN_POINT('',(-102.888171940714,107.036276695648,85.9677901190934));
#7898=CARTESIAN_POINT('',(-102.767797348155,107.358907649693,86.1245245907688));
#7899=CARTESIAN_POINT('',(-102.647046517673,107.671765430919,86.2757869886654));
#7900=CARTESIAN_POINT('',(-102.527269550561,107.972099590537,86.420342777801));
#7901=CARTESIAN_POINT('',(-102.407609534656,108.262808433906,86.559660216329));
#7902=CARTESIAN_POINT('',(-102.288263885667,108.543990866415,86.6938460699004));
#7903=CARTESIAN_POINT('',(-102.168201295089,108.818500304657,86.8243036369927));
#7904=CARTESIAN_POINT('',(-102.047537313128,109.086398472403,86.9510998533781));
#7905=CARTESIAN_POINT('',(-101.965716318578,109.262897474197,87.0342834111076));
#7906=CARTESIAN_POINT('',(-101.924621199958,109.350284012725,87.075378800042));
#7907=CARTESIAN_POINT('',(-101.924621202459,112.,87.0753787975412));
#7908=CARTESIAN_POINT('',(-101.924621202459,112.,87.0753787975412));
#7909=VECTOR('',#7910,1.);
#7910=DIRECTION('',(0.,-1.,0.));
#7911=AXIS2_PLACEMENT_3D('',#7912,#7913,#7914);
#7912=CARTESIAN_POINT('',(-94.5,112.,79.6507575950824));
#7913=DIRECTION('',(0.,1.,0.));
#7914=DIRECTION('',(-1.,0.,0.));
#7915=CARTESIAN_POINT('',(87.0753787975413,0.,-101.924621202459));
#7916=CARTESIAN_POINT('',(87.0753787975413,70.7763889243171,-101.924621202459));
#7917=CARTESIAN_POINT('',(87.0753787975412,0.,-101.924621202459));
#7918=VECTOR('',#7919,1.);
#7919=DIRECTION('',(0.,1.,0.));
#7920=CARTESIAN_POINT('',(101.924621202459,79.6497159915183,-87.0753787975412));
#7921=CARTESIAN_POINT('',(87.0753787975413,70.7763889243171,-101.924621202459));
#7922=CARTESIAN_POINT('',(88.0649739500261,70.9797979993411,-100.935026049974));
#7923=CARTESIAN_POINT('',(89.054569102511,71.1832070743651,-99.945430897489));
#7924=CARTESIAN_POINT('',(90.9782348540732,71.7715654104133,-98.0217651459268));
#7925=CARTESIAN_POINT('',(91.9289979423335,72.1290548305744,-97.0710020576665));
#7926=CARTESIAN_POINT('',(93.763754162122,72.9538730343489,-95.236245837878));
#7927=CARTESIAN_POINT('',(94.6622148944584,73.4277057558604,-94.3377851055416));
#7928=CARTESIAN_POINT('',(96.379126380857,74.4759759515652,-92.6208736191429));
#7929=CARTESIAN_POINT('',(97.2111154948062,75.0586793493548,-91.7888845051938));
#7930=CARTESIAN_POINT('',(98.7831055280412,76.3138696897974,-90.2168944719588));
#7931=CARTESIAN_POINT('',(99.5352297617972,76.9959587470612,-89.4647702382028));
#7932=CARTESIAN_POINT('',(100.831767903406,78.329544234591,-88.1682320965937));
#7933=CARTESIAN_POINT('',(101.378194552932,78.9896301130547,-87.6218054470675));
#7934=CARTESIAN_POINT('',(101.924621202459,79.6497159915183,-87.0753787975412));
#7935=CARTESIAN_POINT('',(101.924621202459,0.,-87.0753787975412));
#7936=CARTESIAN_POINT('',(101.924621202459,79.6497159915183,-87.0753787975412));
#7937=VECTOR('',#7938,1.);
#7938=DIRECTION('',(0.,-1.,0.));
#7939=CARTESIAN_POINT('',(87.0753787975413,0.,-101.924621202459));
#7940=VECTOR('',#7941,1.);
#7941=DIRECTION('',(0.707106781186546,0.,0.707106781186549));
#7942=CARTESIAN_POINT('',(79.6507575950825,71.8909963675606,-105.));
#7943=CARTESIAN_POINT('',(79.6507575950824,0.,-105.));
#7944=CARTESIAN_POINT('',(79.6507575950825,71.8909963675606,-105.));
#7945=VECTOR('',#7946,1.);
#7946=DIRECTION('',(0.,-1.,0.));
#7947=CARTESIAN_POINT('',(79.6507387770624,71.8909655102287,-105.000021251127));
#7948=CARTESIAN_POINT('',(79.6888515050415,71.8683330694359,-105.000020400641));
#7949=CARTESIAN_POINT('',(79.7650923461107,71.82336174156,-104.999603756987));
#7950=CARTESIAN_POINT('',(79.8794626481597,71.7569652773524,-104.99773155298));
#7951=CARTESIAN_POINT('',(79.9939353077306,71.6917341231511,-104.994608779777));
#7952=CARTESIAN_POINT('',(80.1085158913252,71.6278234950914,-104.990231266048));
#7953=CARTESIAN_POINT('',(80.2231075801107,71.5654421423745,-104.984599826827));
#7954=CARTESIAN_POINT('',(80.3376615080311,71.5047674795476,-104.977716203254));
#7955=CARTESIAN_POINT('',(80.4520522663441,71.446000946536,-104.969591294368));
#7956=CARTESIAN_POINT('',(80.5663797831187,71.3892542628812,-104.960218589105));
#7957=CARTESIAN_POINT('',(80.6804946319963,71.3346467372002,-104.949608382576));
#7958=CARTESIAN_POINT('',(80.7942279290422,71.2818064959761,-104.937781064599));
#7959=CARTESIAN_POINT('',(80.907381671488,71.2308986529292,-104.924768459917));
#7960=CARTESIAN_POINT('',(81.0200750506551,71.1818153831842,-104.910568982401));
#7961=CARTESIAN_POINT('',(81.1321793476978,71.1345923914127,-104.895210316064));
#7962=CARTESIAN_POINT('',(81.2438250860627,71.0891453990662,-104.878685733758));
#7963=CARTESIAN_POINT('',(81.354884360245,71.0454981974421,-104.861026244371));
#7964=CARTESIAN_POINT('',(81.4656326681114,71.0035162458847,-104.842197284974));
#7965=CARTESIAN_POINT('',(81.5765344663214,70.9630131287447,-104.822118252519));
#7966=CARTESIAN_POINT('',(81.6881171308189,70.9237997393423,-104.800672405922));
#7967=CARTESIAN_POINT('',(81.8010660259573,70.8856570886499,-104.777686999512));
#7968=CARTESIAN_POINT('',(81.9154606149476,70.8486036068401,-104.753088210163));
#7969=CARTESIAN_POINT('',(82.031993415987,70.8124740965747,-104.7266587147));
#7970=CARTESIAN_POINT('',(82.1505805986329,70.777373214945,-104.698331997931));
#7971=CARTESIAN_POINT('',(82.271804328654,70.7432291476717,-104.667863942806));
#7972=CARTESIAN_POINT('',(82.3948776081693,70.7103526035188,-104.635352205661));
#7973=CARTESIAN_POINT('',(82.5206893760407,70.678662525331,-104.600462133186));
#7974=CARTESIAN_POINT('',(82.6493955031831,70.6482178618054,-104.563022110715));
#7975=CARTESIAN_POINT('',(82.7826605185308,70.618776566697,-104.522370027172));
#7976=CARTESIAN_POINT('',(82.9196570733848,70.5906927950345,-104.47854942023));
#7977=CARTESIAN_POINT('',(83.0612433398563,70.5639682507261,-104.431074519366));
#7978=CARTESIAN_POINT('',(83.2065985015468,70.5388837109015,-104.379993180678));
#7979=CARTESIAN_POINT('',(83.3566121059864,70.5156705439128,-104.324738298841));
#7980=CARTESIAN_POINT('',(83.5095253964537,70.4947972500167,-104.265713537543));
#7981=CARTESIAN_POINT('',(83.6652909329356,70.4763383699885,-104.202736819225));
#7982=CARTESIAN_POINT('',(83.8228193656807,70.4604949299714,-104.13607070032));
#7983=CARTESIAN_POINT('',(83.9827011892343,70.4472242785806,-104.065287074551));
#7984=CARTESIAN_POINT('',(84.1437867976584,70.4368013650752,-103.990713989147));
#7985=CARTESIAN_POINT('',(84.3061330734407,70.4295446271657,-103.912167918963));
#7986=CARTESIAN_POINT('',(84.4689519562822,70.4253584312288,-103.829890480475));
#7987=CARTESIAN_POINT('',(84.6324391498114,70.4242186615368,-103.743644190233));
#7988=CARTESIAN_POINT('',(84.7955736955055,70.4259767686606,-103.653852284757));
#7989=CARTESIAN_POINT('',(84.9577738572291,70.4307109653079,-103.560769421964));
#7990=CARTESIAN_POINT('',(85.118317633719,70.4386418106781,-103.464794359072));
#7991=CARTESIAN_POINT('',(85.2770122432401,70.4494594489422,-103.366050490512));
#7992=CARTESIAN_POINT('',(85.4337017031765,70.4629752374005,-103.264657301775));
#7993=CARTESIAN_POINT('',(85.5879696476933,70.4789377704029,-103.160904553119));
#7994=CARTESIAN_POINT('',(85.7395837820446,70.4970834059154,-103.054997111732));
#7995=CARTESIAN_POINT('',(85.8880108069502,70.5177061911041,-102.947387937947));
#7996=CARTESIAN_POINT('',(86.0334717254621,70.5404986082134,-102.838014306274));
#7997=CARTESIAN_POINT('',(86.1755838065413,70.5651903336464,-102.727262910128));
#7998=CARTESIAN_POINT('',(86.314444163108,70.5915656929041,-102.615174036904));
#7999=CARTESIAN_POINT('',(86.4495435561685,70.6192603102877,-102.502300772184));
#8000=CARTESIAN_POINT('',(86.581336819051,70.6482567965106,-102.388410636215));
#8001=CARTESIAN_POINT('',(86.7095625962865,70.6788268539275,-102.273871313337));
#8002=CARTESIAN_POINT('',(86.8346159528428,70.7105346456473,-102.158455428962));
#8003=CARTESIAN_POINT('',(86.9563965509462,70.7430504740508,-102.042376072431));
#8004=CARTESIAN_POINT('',(87.0360606576996,70.7652229966562,-101.963976223132));
#8005=CARTESIAN_POINT('',(87.0754033259013,70.7763557423404,-101.924636178384));
#8006=AXIS2_PLACEMENT_3D('',#8007,#8008,#8009);
#8007=CARTESIAN_POINT('',(79.6507575950825,0.,-94.5));
#8008=DIRECTION('',(0.,-1.,0.));
#8009=DIRECTION('',(0.,0.,-1.));
#8010=CARTESIAN_POINT('',(105.,94.4999999999987,-79.6507575950824));
#8011=CARTESIAN_POINT('',(101.924621197335,79.6497159931597,-87.0753788026654));
#8012=CARTESIAN_POINT('',(102.054876045365,79.9304340844334,-86.9451883060087));
#8013=CARTESIAN_POINT('',(102.30744655054,80.4951724248869,-86.6788741036777));
#8014=CARTESIAN_POINT('',(102.660078292872,81.3511131509548,-86.2661743638441));
#8015=CARTESIAN_POINT('',(102.986361120405,82.223152492512,-85.841769761919));
#8016=CARTESIAN_POINT('',(103.286724731966,83.1118283462648,-85.4071079448182));
#8017=CARTESIAN_POINT('',(103.56345940226,84.0176296325856,-84.9607050660883));
#8018=CARTESIAN_POINT('',(103.817044750639,84.9390046527985,-84.5021130138786));
#8019=CARTESIAN_POINT('',(104.046502910828,85.8779554602568,-84.0333048879651));
#8020=CARTESIAN_POINT('',(104.251953051566,86.8309700049008,-83.5546538829411));
#8021=CARTESIAN_POINT('',(104.43285674196,87.794130732435,-83.0679735343511));
#8022=CARTESIAN_POINT('',(104.588083420753,88.7627805602275,-82.5779787157086));
#8023=CARTESIAN_POINT('',(104.717773563123,89.7298724975519,-82.0865169022109));
#8024=CARTESIAN_POINT('',(104.822323366629,90.6935138839573,-81.5955708037626));
#8025=CARTESIAN_POINT('',(104.902399303475,91.6518787825045,-81.107100573605));
#8026=CARTESIAN_POINT('',(104.958986309878,92.6055121532774,-80.6194111917654));
#8027=CARTESIAN_POINT('',(104.992523720398,93.5529195443835,-80.1351526221075));
#8028=CARTESIAN_POINT('',(104.999984153996,94.1852952990843,-79.8117389819303));
#8029=CARTESIAN_POINT('',(105.,94.4999999999987,-79.6507575950825));
#8030=CARTESIAN_POINT('',(105.,0.,-79.6507575950824));
#8031=CARTESIAN_POINT('',(105.,0.,-79.6507575950824));
#8032=VECTOR('',#8033,1.);
#8033=DIRECTION('',(0.,1.,0.));
#8034=AXIS2_PLACEMENT_3D('',#8035,#8036,#8037);
#8035=CARTESIAN_POINT('',(94.5,0.,-79.6507575950824));
#8036=DIRECTION('',(0.,-1.,0.));
#8037=DIRECTION('',(0.70710678118655,0.,-0.707106781186545));
#8038=CARTESIAN_POINT('',(105.,112.,-79.6507575950824));
#8039=CARTESIAN_POINT('',(105.,94.4999999999987,-79.6507575950824));
#8040=VECTOR('',#8041,1.);
#8041=DIRECTION('',(0.,1.,0.));
#8042=CARTESIAN_POINT('',(101.924621202459,109.350284008479,-87.0753787975412));
#8043=CARTESIAN_POINT('',(105.,94.4999999999987,-79.6507575950825));
#8044=CARTESIAN_POINT('',(105.000000012025,94.5212581068187,-79.6616320405708));
#8045=CARTESIAN_POINT('',(104.999966044501,94.5640230020088,-79.6835081694775));
#8046=CARTESIAN_POINT('',(104.99981159166,94.6285016453534,-79.7164918151971));
#8047=CARTESIAN_POINT('',(104.999549437243,94.6937799372579,-79.7498845266324));
#8048=CARTESIAN_POINT('',(104.999176186395,94.7597746502229,-79.7836431946251));
#8049=CARTESIAN_POINT('',(104.998686108025,94.8267701242073,-79.8179139239116));
#8050=CARTESIAN_POINT('',(104.998074584896,94.8947318830479,-79.8526782093906));
#8051=CARTESIAN_POINT('',(104.997332972172,94.9639717913485,-79.8880957163636));
#8052=CARTESIAN_POINT('',(104.996458784725,95.034168914926,-79.9240027060897));
#8053=CARTESIAN_POINT('',(104.995438700574,95.1059062148694,-79.9606974533104));
#8054=CARTESIAN_POINT('',(104.994260077666,95.1794549414233,-79.9983166622211));
#8055=CARTESIAN_POINT('',(104.992890712337,95.2559878843588,-80.0374609042271));
#8056=CARTESIAN_POINT('',(104.99131952065,95.3351887258473,-80.0779685825651));
#8057=CARTESIAN_POINT('',(104.989286657152,95.4282004537188,-80.1255389468495));
#8058=CARTESIAN_POINT('',(104.986683416226,95.5351418786256,-80.1802342205138));
#8059=CARTESIAN_POINT('',(104.983356385908,95.6568795298539,-80.2424941489371));
#8060=CARTESIAN_POINT('',(104.979661779127,95.7783235328067,-80.3045922645914));
#8061=CARTESIAN_POINT('',(104.97543467185,95.904682951799,-80.3691963856793));
#8062=CARTESIAN_POINT('',(104.969648091599,96.0627142750563,-80.449985762782));
#8063=CARTESIAN_POINT('',(104.960666065822,96.281292738645,-80.5617142382406));
#8064=CARTESIAN_POINT('',(104.947586263688,96.5559580033975,-80.7021272754139));
#8065=CARTESIAN_POINT('',(104.93195094853,96.8391890981015,-80.8468610650986));
#8066=CARTESIAN_POINT('',(104.916715609282,97.0843264761783,-80.9720472297392));
#8067=CARTESIAN_POINT('',(104.902714518841,97.2914366711494,-81.077776104152));
#8068=CARTESIAN_POINT('',(104.886790109418,97.5115131799538,-81.1900914192682));
#8069=CARTESIAN_POINT('',(104.866460503697,97.7707023768741,-81.3223264249615));
#8070=CARTESIAN_POINT('',(104.840566825649,98.0718279932608,-81.4759125492049));
#8071=CARTESIAN_POINT('',(104.813099672885,98.3641441213382,-81.6249744200986));
#8072=CARTESIAN_POINT('',(104.784326873161,98.6476901997957,-81.7695577880774));
#8073=CARTESIAN_POINT('',(104.75413356473,98.9262838063685,-81.9114429795119));
#8074=CARTESIAN_POINT('',(104.719801340567,99.2225031442274,-82.0621525108609));
#8075=CARTESIAN_POINT('',(104.680337002502,99.5407922212943,-82.2239297819498));
#8076=CARTESIAN_POINT('',(104.635574297619,99.8781205966011,-82.395230103882));
#8077=CARTESIAN_POINT('',(104.584286370303,100.23893018499,-82.578307461483));
#8078=CARTESIAN_POINT('',(104.526892748975,100.615747311475,-82.7693792431249));
#8079=CARTESIAN_POINT('',(104.462821507777,101.008618942842,-82.9684881173227));
#8080=CARTESIAN_POINT('',(104.392463283387,101.412947325255,-83.1728791566142));
#8081=CARTESIAN_POINT('',(104.314907601965,101.830897087993,-83.3837353786935));
#8082=CARTESIAN_POINT('',(104.230631153536,102.257147326667,-83.5983826534548));
#8083=CARTESIAN_POINT('',(104.1396925052,102.689337807254,-83.8156500337207));
#8084=CARTESIAN_POINT('',(104.042727707656,103.122792696766,-84.0333558649852));
#8085=CARTESIAN_POINT('',(103.940062934942,103.556287563239,-84.2503549891149));
#8086=CARTESIAN_POINT('',(103.832191423301,103.987308202195,-84.4654343678028));
#8087=CARTESIAN_POINT('',(103.720132499444,104.411659010553,-84.6766094527695));
#8088=CARTESIAN_POINT('',(103.604725851602,104.826766799805,-84.8826562504962));
#8089=CARTESIAN_POINT('',(103.487364235738,105.228341698171,-85.0816643116174));
#8090=CARTESIAN_POINT('',(103.368224482732,105.61810307465,-85.2740235553053));
#8091=CARTESIAN_POINT('',(103.248563555663,105.993263482209,-85.4584225423783));
#8092=CARTESIAN_POINT('',(103.128218084675,106.355297684341,-85.6357484201752));
#8093=CARTESIAN_POINT('',(103.008467760246,106.70151287714,-85.8048003302495));
#8094=CARTESIAN_POINT('',(102.888171940195,107.036276695625,-85.9677901187284));
#8095=CARTESIAN_POINT('',(102.76779734762,107.35890764969,-86.1245245904082));
#8096=CARTESIAN_POINT('',(102.647046517146,107.671765430931,-86.2757869883323));
#8097=CARTESIAN_POINT('',(102.527269550068,107.972099590557,-86.4203427775111));
#8098=CARTESIAN_POINT('',(102.407609534218,108.262808433931,-86.5596602160928));
#8099=CARTESIAN_POINT('',(102.288263885306,108.543990866439,-86.693846069723));
#8100=CARTESIAN_POINT('',(102.168201294826,108.818500304676,-86.8243036368758));
#8101=CARTESIAN_POINT('',(102.047537312985,109.086398472412,-86.9510998533203));
#8102=CARTESIAN_POINT('',(101.965716318528,109.2628974742,-87.0342834110889));
#8103=CARTESIAN_POINT('',(101.924621199958,109.350284012725,-87.075378800042));
#8104=CARTESIAN_POINT('',(101.924621202459,112.,-87.0753787975412));
#8105=CARTESIAN_POINT('',(101.924621202459,112.,-87.0753787975412));
#8106=VECTOR('',#8107,1.);
#8107=DIRECTION('',(0.,-1.,0.));
#8108=AXIS2_PLACEMENT_3D('',#8109,#8110,#8111);
#8109=CARTESIAN_POINT('',(94.5,112.,-79.6507575950824));
#8110=DIRECTION('',(0.,1.,0.));
#8111=DIRECTION('',(1.,0.,0.));
#8112=CARTESIAN_POINT('',(-101.924621202459,0.,-87.0753787975412));
#8113=CARTESIAN_POINT('',(-101.924621202459,79.6497159915184,-87.0753787975412));
#8114=CARTESIAN_POINT('',(-101.924621202459,0.,-87.0753787975412));
#8115=VECTOR('',#8116,1.);
#8116=DIRECTION('',(0.,1.,0.));
#8117=CARTESIAN_POINT('',(-87.0753787975411,70.7763889243171,-101.924621202459));
#8118=CARTESIAN_POINT('',(-101.924621202459,79.6497159915183,-87.0753787975411));
#8119=CARTESIAN_POINT('',(-101.276663320767,78.8745873562733,-87.7233366792331));
#8120=CARTESIAN_POINT('',(-100.628705439075,78.0994587210282,-88.3712945609251));
#8121=CARTESIAN_POINT('',(-99.1992198999749,76.6841048610925,-89.8007801000251));
#8122=CARTESIAN_POINT('',(-98.4339668324394,76.0161700752393,-90.5660331675605));
#8123=CARTESIAN_POINT('',(-96.8383623378784,74.7911387481837,-92.1616376621215));
#8124=CARTESIAN_POINT('',(-95.9954290928293,74.2243824690686,-93.0045709071706));
#8125=CARTESIAN_POINT('',(-94.2588692788545,73.2089931507191,-94.7411307211454));
#8126=CARTESIAN_POINT('',(-93.3515494171102,72.7523534634275,-95.6484505828897));
#8127=CARTESIAN_POINT('',(-91.5014208693585,71.9626194498986,-97.4985791306414));
#8128=CARTESIAN_POINT('',(-90.5444125465932,71.6233976711165,-98.4555874534067));
#8129=CARTESIAN_POINT('',(-88.7557410186449,71.1133824063406,-100.244258981355));
#8130=CARTESIAN_POINT('',(-87.915559908093,70.9448856653289,-101.084440091907));
#8131=CARTESIAN_POINT('',(-87.0753787975411,70.7763889243171,-101.924621202459));
#8132=CARTESIAN_POINT('',(-87.0753787975411,0.,-101.924621202459));
#8133=CARTESIAN_POINT('',(-87.0753787975411,70.7763889243171,-101.924621202459));
#8134=VECTOR('',#8135,1.);
#8135=DIRECTION('',(0.,-1.,0.));
#8136=CARTESIAN_POINT('',(-101.924621202459,0.,-87.0753787975412));
#8137=VECTOR('',#8138,1.);
#8138=DIRECTION('',(0.707106781186549,0.,-0.707106781186547));
#8139=CARTESIAN_POINT('',(-105.,94.4999999999987,-79.6507575950824));
#8140=CARTESIAN_POINT('',(-105.,0.,-79.6507575950824));
#8141=CARTESIAN_POINT('',(-105.,94.4999999999987,-79.6507575950824));
#8142=VECTOR('',#8143,1.);
#8143=DIRECTION('',(0.,-1.,0.));
#8144=CARTESIAN_POINT('',(-105.,94.4999999999987,-79.6507575950825));
#8145=CARTESIAN_POINT('',(-105.000000021681,94.4768085262268,-79.6626210316789));
#8146=CARTESIAN_POINT('',(-104.999959524546,94.4300783251725,-79.6865255959229));
#8147=CARTESIAN_POINT('',(-104.999774849823,94.3595004372408,-79.722629301688));
#8148=CARTESIAN_POINT('',(-104.999459576863,94.287735195571,-79.7593402481267));
#8149=CARTESIAN_POINT('',(-104.999007850148,94.2148731679363,-79.7966117710793));
#8150=CARTESIAN_POINT('',(-104.99833898173,94.1316424262339,-79.8391872848426));
#8151=CARTESIAN_POINT('',(-104.997378206574,94.0378170213962,-79.8871806120914));
#8152=CARTESIAN_POINT('',(-104.996031779146,93.9328836008528,-79.9408563170932));
#8153=CARTESIAN_POINT('',(-104.994438851826,93.8299740892303,-79.9934941641716));
#8154=CARTESIAN_POINT('',(-104.992544431404,93.7248561719919,-80.0472586030241));
#8155=CARTESIAN_POINT('',(-104.989711857578,93.5874792655053,-80.1175193997782));
#8156=CARTESIAN_POINT('',(-104.984669205559,93.38216604817,-80.2225304081288));
#8157=CARTESIAN_POINT('',(-104.975499801328,93.0850144007145,-80.3744726953708));
#8158=CARTESIAN_POINT('',(-104.962164230353,92.7469630957812,-80.5472676011434));
#8159=CARTESIAN_POINT('',(-104.946652324419,92.426606629406,-80.7110427384214));
#8160=CARTESIAN_POINT('',(-104.932627484572,92.174539719752,-80.8398384843003));
#8161=CARTESIAN_POINT('',(-104.92010845641,91.9694731480533,-80.9445660220458));
#8162=CARTESIAN_POINT('',(-104.90763140399,91.7795463290199,-81.0415290992306));
#8163=CARTESIAN_POINT('',(-104.893439952931,91.5785639848223,-81.1441039686023));
#8164=CARTESIAN_POINT('',(-104.876852304839,91.3601021372572,-81.2555691057365));
#8165=CARTESIAN_POINT('',(-104.857765420255,91.1265806619064,-81.3746907071805));
#8166=CARTESIAN_POINT('',(-104.835529330534,90.8739065923804,-81.5035607397279));
#8167=CARTESIAN_POINT('',(-104.810002953099,90.6044342058995,-81.6409878927537));
#8168=CARTESIAN_POINT('',(-104.780365963833,90.3140368601534,-81.7890848204654));
#8169=CARTESIAN_POINT('',(-104.746888388416,90.0091026825487,-81.9443667859331));
#8170=CARTESIAN_POINT('',(-104.708970862275,89.6877025863783,-82.1078479469391));
#8171=CARTESIAN_POINT('',(-104.666482278377,89.352102690611,-82.2783588812399));
#8172=CARTESIAN_POINT('',(-104.618133589603,88.9961438115663,-82.4590273972358));
#8173=CARTESIAN_POINT('',(-104.563916202985,88.624055505621,-82.6477067462635));
#8174=CARTESIAN_POINT('',(-104.502961378898,88.2338262555561,-82.8454202088999));
#8175=CARTESIAN_POINT('',(-104.435347709251,87.8297231338402,-83.0500474372423));
#8176=CARTESIAN_POINT('',(-104.360183813195,87.4099174416569,-83.2624396007583));
#8177=CARTESIAN_POINT('',(-104.278279368538,86.9808481801135,-83.4788113411744));
#8178=CARTESIAN_POINT('',(-104.189422198277,86.5439349049162,-83.6986061521502));
#8179=CARTESIAN_POINT('',(-104.093910340784,86.102409496257,-83.9202112531305));
#8180=CARTESIAN_POINT('',(-103.990877958098,85.6541864309534,-84.1447296766229));
#8181=CARTESIAN_POINT('',(-103.880437955238,85.2017167730663,-84.3710027231752));
#8182=CARTESIAN_POINT('',(-103.762116637904,84.7447104159944,-84.5991756078085));
#8183=CARTESIAN_POINT('',(-103.636379107446,84.2847420331623,-84.8276655227822));
#8184=CARTESIAN_POINT('',(-103.502569327577,83.8212393961199,-85.0570238251384));
#8185=CARTESIAN_POINT('',(-103.361004638283,83.3566594471724,-85.2860933268971));
#8186=CARTESIAN_POINT('',(-103.211486822,82.8914463147215,-85.5147165665177));
#8187=CARTESIAN_POINT('',(-103.053895301432,82.4269854516701,-85.7424638469322));
#8188=CARTESIAN_POINT('',(-102.887940121996,81.9621752885591,-85.9691574806318));
#8189=CARTESIAN_POINT('',(-102.713666078402,81.4977055515568,-86.1941900635196));
#8190=CARTESIAN_POINT('',(-102.530534925191,81.0335262522088,-86.4177146486031));
#8191=CARTESIAN_POINT('',(-102.338422262034,80.5704167696525,-86.6393327228398));
#8192=CARTESIAN_POINT('',(-102.136818088871,80.1084863714108,-86.8590624952965));
#8193=CARTESIAN_POINT('',(-101.996433213576,79.8024428772927,-87.0035672229324));
#8194=CARTESIAN_POINT('',(-101.924621187673,79.6497160146931,-87.0753788123272));
#8195=AXIS2_PLACEMENT_3D('',#8196,#8197,#8198);
#8196=CARTESIAN_POINT('',(-94.5,0.,-79.6507575950824));
#8197=DIRECTION('',(0.,-1.,0.));
#8198=DIRECTION('',(-1.,0.,0.));
#8199=CARTESIAN_POINT('',(105.,112.,-72.062209182094));
#8200=CARTESIAN_POINT('',(105.,2.42861286636753E-14,-72.062209182094));
#8201=CARTESIAN_POINT('',(105.,112.,-72.062209182094));
#8202=VECTOR('',#8203,1.);
#8203=DIRECTION('',(0.,-1.,0.));
#8204=CARTESIAN_POINT('',(105.,0.,-72.062209182094));
#8205=VECTOR('',#8206,1.);
#8206=DIRECTION('',(0.,0.,-1.));
#8207=CARTESIAN_POINT('',(105.,112.,-72.062209182094));
#8208=VECTOR('',#8209,1.);
#8209=DIRECTION('',(0.,0.,-1.));
#8210=CARTESIAN_POINT('',(105.,0.,69.9622091820932));
#8211=CARTESIAN_POINT('',(105.,2.42861286636753E-14,-69.9622091820939));
#8212=CARTESIAN_POINT('',(105.,0.,69.9622091820932));
#8213=VECTOR('',#8214,1.);
#8214=DIRECTION('',(-1.0156093469129E-16,0.,-1.));
#8215=CARTESIAN_POINT('',(105.,112.,-69.9622091820939));
#8216=CARTESIAN_POINT('',(105.,112.,-69.9622091820939));
#8217=VECTOR('',#8218,1.);
#8218=DIRECTION('',(0.,-1.,0.));
#8219=CARTESIAN_POINT('',(105.,112.,69.9622091820932));
#8220=CARTESIAN_POINT('',(105.,112.,69.9622091820932));
#8221=VECTOR('',#8222,1.);
#8222=DIRECTION('',(-1.0156093469129E-16,0.,-1.));
#8223=CARTESIAN_POINT('',(105.,112.,69.9622091820932));
#8224=VECTOR('',#8225,1.);
#8225=DIRECTION('',(0.,-1.,0.));
#8226=CARTESIAN_POINT('',(105.,74.0218009967973,52.9349242404914));
#8227=CARTESIAN_POINT('',(105.,66.4067252372891,60.5499999999997));
#8228=CARTESIAN_POINT('',(105.,74.0218009967973,52.9349242404914));
#8229=VECTOR('',#8230,1.);
#8230=DIRECTION('',(0.,-0.707106781186549,0.707106781186546));
#8231=CARTESIAN_POINT('',(105.,74.0218009967974,-52.9349242404921));
#8232=CARTESIAN_POINT('',(105.,74.0218009967974,-52.9349242404921));
#8233=VECTOR('',#8234,1.);
#8234=DIRECTION('',(1.87921272078295E-15,-2.68458960111851E-16,1.));
#8235=CARTESIAN_POINT('',(105.,66.4067252372891,-60.5500000000004));
#8236=CARTESIAN_POINT('',(105.,66.4067252372891,-60.5500000000004));
#8237=VECTOR('',#8238,1.);
#8238=DIRECTION('',(1.31956556348495E-15,0.707106781186547,0.707106781186548));
#8239=CARTESIAN_POINT('',(105.,16.5368767563056,-60.5500000000004));
#8240=CARTESIAN_POINT('',(105.,16.5368767563056,-60.5500000000004));
#8241=VECTOR('',#8242,1.);
#8242=DIRECTION('',(0.,1.,5.69917701699893E-16));
#8243=CARTESIAN_POINT('',(105.,8.92180099679735,-52.9349242404921));
#8244=CARTESIAN_POINT('',(105.,8.92180099679734,-52.9349242404921));
#8245=VECTOR('',#8246,1.);
#8246=DIRECTION('',(0.,0.707106781186545,-0.70710678118655));
#8247=CARTESIAN_POINT('',(105.,8.92180099679733,52.9349242404914));
#8248=CARTESIAN_POINT('',(105.,8.92180099679733,52.9349242404914));
#8249=VECTOR('',#8250,1.);
#8250=DIRECTION('',(-1.87921272078295E-15,1.34229480055925E-16,-1.));
#8251=CARTESIAN_POINT('',(105.,16.5368767563056,60.5499999999997));
#8252=CARTESIAN_POINT('',(105.,16.5368767563056,60.5499999999997));
#8253=VECTOR('',#8254,1.);
#8254=DIRECTION('',(0.,-0.707106781186547,-0.707106781186548));
#8255=CARTESIAN_POINT('',(105.,66.4067252372891,60.5499999999997));
#8256=VECTOR('',#8257,1.);
#8257=DIRECTION('',(0.,-1.,0.));
#8258=CARTESIAN_POINT('',(69.9622091820936,112.,-105.));
#8259=CARTESIAN_POINT('',(69.9622091820936,0.,-105.));
#8260=CARTESIAN_POINT('',(69.9622091820936,112.,-105.));
#8261=VECTOR('',#8262,1.);
#8262=DIRECTION('',(0.,-1.,0.));
#8263=CARTESIAN_POINT('',(-69.9622091820936,2.42861286636753E-14,-105.));
#8264=CARTESIAN_POINT('',(69.9622091820936,0.,-105.));
#8265=VECTOR('',#8266,1.);
#8266=DIRECTION('',(-1.,0.,0.));
#8267=CARTESIAN_POINT('',(-69.9622091820936,112.,-105.));
#8268=CARTESIAN_POINT('',(-69.9622091820936,112.,-105.));
#8269=VECTOR('',#8270,1.);
#8270=DIRECTION('',(0.,-1.,0.));
#8271=CARTESIAN_POINT('',(69.9622091820936,112.,-105.));
#8272=VECTOR('',#8273,1.);
#8273=DIRECTION('',(-1.,0.,0.));
#8274=CARTESIAN_POINT('',(52.9349242404917,74.0218009967973,-105.));
#8275=CARTESIAN_POINT('',(60.55,66.4067252372891,-105.));
#8276=CARTESIAN_POINT('',(52.9349242404917,74.0218009967973,-105.));
#8277=VECTOR('',#8278,1.);
#8278=DIRECTION('',(0.707106781186548,-0.707106781186547,0.));
#8279=CARTESIAN_POINT('',(-52.9349242404917,74.0218009967974,-105.));
#8280=CARTESIAN_POINT('',(-52.9349242404917,74.0218009967974,-105.));
#8281=VECTOR('',#8282,1.);
#8282=DIRECTION('',(1.,-2.68458960111851E-16,0.));
#8283=CARTESIAN_POINT('',(-60.55,66.4067252372891,-105.));
#8284=CARTESIAN_POINT('',(-60.55,66.4067252372891,-105.));
#8285=VECTOR('',#8286,1.);
#8286=DIRECTION('',(0.707106781186548,0.707106781186547,0.));
#8287=CARTESIAN_POINT('',(-60.55,16.5368767563056,-105.));
#8288=CARTESIAN_POINT('',(-60.55,16.5368767563056,-105.));
#8289=VECTOR('',#8290,1.);
#8290=DIRECTION('',(4.2743827627492E-16,1.,0.));
#8291=CARTESIAN_POINT('',(-52.9349242404917,8.92180099679735,-105.));
#8292=CARTESIAN_POINT('',(-52.9349242404917,8.92180099679734,-105.));
#8293=VECTOR('',#8294,1.);
#8294=DIRECTION('',(-0.707106781186549,0.707106781186546,0.));
#8295=CARTESIAN_POINT('',(52.9349242404918,8.92180099679733,-105.));
#8296=CARTESIAN_POINT('',(52.9349242404918,8.92180099679733,-105.));
#8297=VECTOR('',#8298,1.);
#8298=DIRECTION('',(-1.,1.34229480055925E-16,0.));
#8299=CARTESIAN_POINT('',(60.55,16.5368767563056,-105.));
#8300=CARTESIAN_POINT('',(60.55,16.5368767563056,-105.));
#8301=VECTOR('',#8302,1.);
#8302=DIRECTION('',(-0.707106781186547,-0.707106781186548,0.));
#8303=CARTESIAN_POINT('',(60.55,66.4067252372891,-105.));
#8304=VECTOR('',#8305,1.);
#8305=DIRECTION('',(0.,-1.,0.));
#8306=CARTESIAN_POINT('',(-72.0622091820936,112.,-105.));
#8307=CARTESIAN_POINT('',(-72.0622091820936,2.42861286636753E-14,-105.));
#8308=CARTESIAN_POINT('',(-72.0622091820936,112.,-105.));
#8309=VECTOR('',#8310,1.);
#8310=DIRECTION('',(0.,-1.,0.));
#8311=CARTESIAN_POINT('',(-79.6507575950824,0.,-105.));
#8312=CARTESIAN_POINT('',(-72.0622091820936,0.,-105.));
#8313=VECTOR('',#8314,1.);
#8314=DIRECTION('',(-1.,0.,0.));
#8315=CARTESIAN_POINT('',(-79.6507575950824,71.8909963675607,-105.));
#8316=CARTESIAN_POINT('',(-79.6507575950824,0.,-105.));
#8317=VECTOR('',#8318,1.);
#8318=DIRECTION('',(0.,1.,0.));
#8319=CARTESIAN_POINT('',(-89.100344147402,76.8535915411204,-105.));
#8320=CARTESIAN_POINT('',(-79.6507575950824,71.8909963675607,-105.));
#8321=CARTESIAN_POINT('',(-80.2819920022603,72.1010264915252,-105.));
#8322=CARTESIAN_POINT('',(-80.9132264094383,72.3110566154897,-105.));
#8323=CARTESIAN_POINT('',(-82.2800242795891,72.895377629644,-105.));
#8324=CARTESIAN_POINT('',(-83.0065307960165,73.2960046326752,-105.));
#8325=CARTESIAN_POINT('',(-84.4915084375805,74.1273164959758,-105.));
#8326=CARTESIAN_POINT('',(-85.2220701574469,74.6188968163674,-105.));
#8327=CARTESIAN_POINT('',(-86.4414832018098,75.3622879579103,-105.));
#8328=CARTESIAN_POINT('',(-86.9055333542112,75.6589665427,-105.));
#8329=CARTESIAN_POINT('',(-87.9458017858432,76.2561626247951,-105.));
#8330=CARTESIAN_POINT('',(-88.5230729666226,76.5548770829578,-105.));
#8331=CARTESIAN_POINT('',(-89.100344147402,76.8535915411204,-105.));
#8332=CARTESIAN_POINT('',(-92.1622796474657,77.9588146741834,-105.));
#8333=CARTESIAN_POINT('',(-89.1003322116492,76.8536163446059,-105.));
#8334=CARTESIAN_POINT('',(-89.5942851714959,77.0741998027617,-105.));
#8335=CARTESIAN_POINT('',(-90.0882381313426,77.2947832609176,-105.));
#8336=CARTESIAN_POINT('',(-91.1088871740722,77.6631831034394,-105.));
#8337=CARTESIAN_POINT('',(-91.635583256955,77.8109994878053,-105.));
#8338=CARTESIAN_POINT('',(-92.1622793398378,77.9588158721711,-105.));
#8339=CARTESIAN_POINT('',(-87.4089879470969,111.567591611748,-105.));
#8340=AXIS2_PLACEMENT_3D('',#8341,#8342,#8343);
#8341=CARTESIAN_POINT('',(-87.9246212024593,94.4999999999987,-105.));
#8342=DIRECTION('',(0.,0.,-1.));
#8343=DIRECTION('',(-0.248173612735123,-0.968715571229242,0.));
#8344=CARTESIAN_POINT('',(-79.6507575950824,112.,-105.));
#8345=CARTESIAN_POINT('',(-87.4089879090352,111.567592872768,-105.));
#8346=CARTESIAN_POINT('',(-86.2933797556695,111.577028739529,-105.));
#8347=CARTESIAN_POINT('',(-85.1777716023039,111.586464606289,-105.));
#8348=CARTESIAN_POINT('',(-83.4408331820253,111.704918463366,-105.));
#8349=CARTESIAN_POINT('',(-82.8173548859597,111.771634099414,-105.));
#8350=CARTESIAN_POINT('',(-82.1677704056464,111.834521655797,-105.));
#8351=CARTESIAN_POINT('',(-82.1419685038817,111.837037646075,-105.));
#8352=CARTESIAN_POINT('',(-82.0774611743406,111.843286864667,-105.));
#8353=CARTESIAN_POINT('',(-82.0387565766582,111.847033714492,-105.));
#8354=CARTESIAN_POINT('',(-81.9226370468571,111.858191475079,-105.));
#8355=CARTESIAN_POINT('',(-81.8452219677546,111.865605434065,-105.));
#8356=CARTESIAN_POINT('',(-81.6129407923348,111.887300112375,-105.));
#8357=CARTESIAN_POINT('',(-81.4580836604551,111.901726531665,-105.));
#8358=CARTESIAN_POINT('',(-80.9932181386962,111.940553820995,-105.));
#8359=CARTESIAN_POINT('',(-80.683276472874,111.965976946042,-105.));
#8360=CARTESIAN_POINT('',(-80.1322855025759,111.991387814222,-105.));
#8361=CARTESIAN_POINT('',(-79.8915215488292,111.995693907112,-105.));
#8362=CARTESIAN_POINT('',(-79.6507575950825,112.000000000001,-105.));
#8363=CARTESIAN_POINT('',(-72.0622091820936,112.,-105.));
#8364=VECTOR('',#8365,1.);
#8365=DIRECTION('',(-1.,0.,0.));
#8366=CARTESIAN_POINT('',(-73.2246212024588,94.4999999999987,-105.));
#8367=CARTESIAN_POINT('',(-73.2246212024588,94.4999999999987,-105.));
#8368=CARTESIAN_POINT('',(-73.2246212024588,123.9,-105.));
#8369=CARTESIAN_POINT('',(-102.62462120246,123.9,-105.));
#8370=CARTESIAN_POINT('',(-102.62462120246,94.4999999999987,-105.));
#8371=CARTESIAN_POINT('',(-102.62462120246,65.0999999999977,-105.));
#8372=CARTESIAN_POINT('',(-73.2246212024588,65.0999999999977,-105.));
#8373=CARTESIAN_POINT('',(-73.2246212024588,94.4999999999987,-105.));
#8374=CARTESIAN_POINT('',(-105.000000000001,112.,-69.9622091820925));
#8375=CARTESIAN_POINT('',(-105.000000000001,0.,-69.9622091820925));
#8376=CARTESIAN_POINT('',(-105.,112.,-69.9622091820925));
#8377=VECTOR('',#8378,1.);
#8378=DIRECTION('',(0.,-1.,0.));
#8379=CARTESIAN_POINT('',(-104.999999999999,2.42861286636753E-14,69.9622091820947));
#8380=CARTESIAN_POINT('',(-105.,0.,-69.9622091820925));
#8381=VECTOR('',#8382,1.);
#8382=DIRECTION('',(1.0156093469129E-16,0.,1.));
#8383=CARTESIAN_POINT('',(-104.999999999999,112.,69.9622091820947));
#8384=CARTESIAN_POINT('',(-105.,112.,69.9622091820947));
#8385=VECTOR('',#8386,1.);
#8386=DIRECTION('',(0.,-1.,0.));
#8387=CARTESIAN_POINT('',(-105.,112.,-69.9622091820925));
#8388=VECTOR('',#8389,1.);
#8389=DIRECTION('',(1.0156093469129E-16,0.,1.));
#8390=CARTESIAN_POINT('',(-105.,74.0218009967973,-52.9349242404907));
#8391=CARTESIAN_POINT('',(-105.000000000001,66.4067252372891,-60.5499999999989));
#8392=CARTESIAN_POINT('',(-105.,74.0218009967973,-52.9349242404906));
#8393=VECTOR('',#8394,1.);
#8394=DIRECTION('',(-2.63913112696991E-15,-0.707106781186548,-0.707106781186547));
#8395=CARTESIAN_POINT('',(-104.999999999999,74.0218009967974,52.9349242404928));
#8396=CARTESIAN_POINT('',(-105.,74.0218009967974,52.9349242404928));
#8397=VECTOR('',#8398,1.);
#8398=DIRECTION('',(-5.36917920223701E-15,-2.68458960111851E-16,-1.));
#8399=CARTESIAN_POINT('',(-104.999999999999,66.4067252372891,60.5500000000011));
#8400=CARTESIAN_POINT('',(-105.,66.4067252372891,60.5500000000011));
#8401=VECTOR('',#8402,1.);
#8402=DIRECTION('',(-3.95869669045486E-15,0.707106781186545,-0.70710678118655));
#8403=CARTESIAN_POINT('',(-104.999999999999,16.5368767563056,60.5500000000011));
#8404=CARTESIAN_POINT('',(-105.,16.5368767563056,60.5500000000011));
#8405=VECTOR('',#8406,1.);
#8406=DIRECTION('',(0.,1.,-5.69917701699893E-16));
#8407=CARTESIAN_POINT('',(-104.999999999999,8.92180099679735,52.9349242404928));
#8408=CARTESIAN_POINT('',(-105.,8.92180099679735,52.9349242404928));
#8409=VECTOR('',#8410,1.);
#8410=DIRECTION('',(2.63913112696991E-15,0.707106781186545,0.70710678118655));
#8411=CARTESIAN_POINT('',(-105.000000000001,8.92180099679733,-52.9349242404907));
#8412=CARTESIAN_POINT('',(-105.,8.92180099679733,-52.9349242404907));
#8413=VECTOR('',#8414,1.);
#8414=DIRECTION('',(5.36917920223701E-15,1.34229480055925E-16,1.));
#8415=CARTESIAN_POINT('',(-105.000000000001,16.5368767563056,-60.5499999999989));
#8416=CARTESIAN_POINT('',(-105.,16.5368767563056,-60.5499999999989));
#8417=VECTOR('',#8418,1.);
#8418=DIRECTION('',(2.63913112696991E-15,-0.707106781186547,0.707106781186548));
#8419=CARTESIAN_POINT('',(-105.,66.4067252372891,-60.5499999999989));
#8420=VECTOR('',#8421,1.);
#8421=DIRECTION('',(0.,-1.,0.));
#8422=CARTESIAN_POINT('',(-104.999999999999,112.,72.0622091820947));
#8423=CARTESIAN_POINT('',(-104.999999999999,2.42861286636753E-14,72.0622091820947));
#8424=CARTESIAN_POINT('',(-105.,112.,72.0622091820947));
#8425=VECTOR('',#8426,1.);
#8426=DIRECTION('',(0.,-1.,0.));
#8427=CARTESIAN_POINT('',(-105.,0.,72.0622091820947));
#8428=VECTOR('',#8429,1.);
#8429=DIRECTION('',(1.87267102241585E-15,0.,1.));
#8430=CARTESIAN_POINT('',(-105.,112.,72.0622091820947));
#8431=VECTOR('',#8432,1.);
#8432=DIRECTION('',(1.87267102241585E-15,0.,1.));
#8433=CARTESIAN_POINT('',(-69.9622091820936,112.,105.));
#8434=CARTESIAN_POINT('',(-69.9622091820936,0.,105.));
#8435=CARTESIAN_POINT('',(-69.9622091820936,112.,105.));
#8436=VECTOR('',#8437,1.);
#8437=DIRECTION('',(0.,-1.,0.));
#8438=CARTESIAN_POINT('',(69.9622091820936,2.42861286636753E-14,105.));
#8439=CARTESIAN_POINT('',(-69.9622091820936,0.,105.));
#8440=VECTOR('',#8441,1.);
#8441=DIRECTION('',(1.,0.,0.));
#8442=CARTESIAN_POINT('',(69.9622091820936,112.,105.));
#8443=CARTESIAN_POINT('',(69.9622091820936,112.,105.));
#8444=VECTOR('',#8445,1.);
#8445=DIRECTION('',(0.,-1.,0.));
#8446=CARTESIAN_POINT('',(-69.9622091820936,112.,105.));
#8447=VECTOR('',#8448,1.);
#8448=DIRECTION('',(1.,0.,0.));
#8449=CARTESIAN_POINT('',(-52.9349242404918,74.0218009967973,105.));
#8450=CARTESIAN_POINT('',(-60.55,66.4067252372891,105.));
#8451=CARTESIAN_POINT('',(-52.9349242404918,74.0218009967973,105.));
#8452=VECTOR('',#8453,1.);
#8453=DIRECTION('',(-0.707106781186547,-0.707106781186547,0.));
#8454=CARTESIAN_POINT('',(52.9349242404917,74.0218009967974,105.));
#8455=CARTESIAN_POINT('',(52.9349242404917,74.0218009967974,105.));
#8456=VECTOR('',#8457,1.);
#8457=DIRECTION('',(-1.,-2.68458960111851E-16,0.));
#8458=CARTESIAN_POINT('',(60.55,66.4067252372891,105.));
#8459=CARTESIAN_POINT('',(60.55,66.4067252372891,105.));
#8460=VECTOR('',#8461,1.);
#8461=DIRECTION('',(-0.707106781186548,0.707106781186547,0.));
#8462=CARTESIAN_POINT('',(60.55,16.5368767563056,105.));
#8463=CARTESIAN_POINT('',(60.5500000000001,16.5368767563056,105.));
#8464=VECTOR('',#8465,1.);
#8465=DIRECTION('',(-8.54876552549839E-16,1.,0.));
#8466=CARTESIAN_POINT('',(52.9349242404917,8.92180099679735,105.));
#8467=CARTESIAN_POINT('',(52.9349242404917,8.92180099679734,105.));
#8468=VECTOR('',#8469,1.);
#8469=DIRECTION('',(0.707106781186549,0.707106781186546,0.));
#8470=CARTESIAN_POINT('',(-52.9349242404918,8.92180099679733,105.));
#8471=CARTESIAN_POINT('',(-52.9349242404918,8.92180099679733,105.));
#8472=VECTOR('',#8473,1.);
#8473=DIRECTION('',(1.,1.34229480055925E-16,0.));
#8474=CARTESIAN_POINT('',(-60.55,16.5368767563056,105.));
#8475=CARTESIAN_POINT('',(-60.55,16.5368767563056,105.));
#8476=VECTOR('',#8477,1.);
#8477=DIRECTION('',(0.707106781186547,-0.707106781186548,0.));
#8478=CARTESIAN_POINT('',(-60.55,66.4067252372891,105.));
#8479=VECTOR('',#8480,1.);
#8480=DIRECTION('',(0.,-1.,0.));
#8481=CARTESIAN_POINT('',(72.0622091820936,112.,105.));
#8482=CARTESIAN_POINT('',(72.0622091820936,2.42861286636753E-14,105.));
#8483=CARTESIAN_POINT('',(72.0622091820936,112.,105.));
#8484=VECTOR('',#8485,1.);
#8485=DIRECTION('',(0.,-1.,0.));
#8486=CARTESIAN_POINT('',(79.6507575950824,0.,105.));
#8487=CARTESIAN_POINT('',(72.0622091820936,0.,105.));
#8488=VECTOR('',#8489,1.);
#8489=DIRECTION('',(1.,0.,0.));
#8490=CARTESIAN_POINT('',(79.6507575950825,71.8909963675606,105.));
#8491=CARTESIAN_POINT('',(79.6507575950825,0.,105.));
#8492=VECTOR('',#8493,1.);
#8493=DIRECTION('',(0.,1.,0.));
#8494=CARTESIAN_POINT('',(89.1003441474021,76.8535915411204,105.));
#8495=CARTESIAN_POINT('',(79.6507575950825,71.8909963675606,105.));
#8496=CARTESIAN_POINT('',(80.2819920011819,72.1010264911179,105.));
#8497=CARTESIAN_POINT('',(80.9132264072814,72.3110566146753,105.));
#8498=CARTESIAN_POINT('',(82.280024276054,72.8953776279502,105.));
#8499=CARTESIAN_POINT('',(83.0065307921313,73.2960046306145,105.));
#8500=CARTESIAN_POINT('',(84.4915084345328,74.1273164939766,105.));
#8501=CARTESIAN_POINT('',(85.2220701555694,74.6188968148561,105.));
#8502=CARTESIAN_POINT('',(86.4414832013315,75.3622879573251,105.));
#8503=CARTESIAN_POINT('',(86.905533353993,75.6589665425273,105.));
#8504=CARTESIAN_POINT('',(87.9458017859094,76.2561626248916,105.));
#8505=CARTESIAN_POINT('',(88.5230729666558,76.554877083006,105.));
#8506=CARTESIAN_POINT('',(89.1003441474021,76.8535915411204,105.));
#8507=CARTESIAN_POINT('',(92.1622796474658,77.9588146741834,105.));
#8508=CARTESIAN_POINT('',(89.1003322116492,76.8536163446058,105.));
#8509=CARTESIAN_POINT('',(89.594285171496,77.0741998027615,105.));
#8510=CARTESIAN_POINT('',(90.0882381313428,77.2947832609171,105.));
#8511=CARTESIAN_POINT('',(91.1088871740723,77.6631831034389,105.));
#8512=CARTESIAN_POINT('',(91.6355832569551,77.810999487805,105.));
#8513=CARTESIAN_POINT('',(92.1622793398379,77.9588158721711,105.));
#8514=CARTESIAN_POINT('',(87.4089879470969,111.567591611748,105.));
#8515=AXIS2_PLACEMENT_3D('',#8516,#8517,#8518);
#8516=CARTESIAN_POINT('',(87.9246212024593,94.4999999999987,105.));
#8517=DIRECTION('',(0.,0.,1.));
#8518=DIRECTION('',(0.248173612735127,-0.968715571229241,0.));
#8519=CARTESIAN_POINT('',(79.6507575950824,112.,105.));
#8520=CARTESIAN_POINT('',(87.4089879090329,111.567592872864,105.));
#8521=CARTESIAN_POINT('',(86.293379755669,111.577028739582,105.));
#8522=CARTESIAN_POINT('',(85.1777716023052,111.586464606299,105.));
#8523=CARTESIAN_POINT('',(83.4408331820272,111.70491846336,105.));
#8524=CARTESIAN_POINT('',(82.817354885962,111.77163409943,105.));
#8525=CARTESIAN_POINT('',(82.1677704056467,111.834521655799,105.));
#8526=CARTESIAN_POINT('',(82.1419685038819,111.837037646076,105.));
#8527=CARTESIAN_POINT('',(82.0774611743407,111.843286864667,105.));
#8528=CARTESIAN_POINT('',(82.0387565766582,111.847033714491,105.));
#8529=CARTESIAN_POINT('',(81.9226370468571,111.858191475077,105.));
#8530=CARTESIAN_POINT('',(81.8452219677549,111.865605434066,105.));
#8531=CARTESIAN_POINT('',(81.6129407923356,111.887300112382,105.));
#8532=CARTESIAN_POINT('',(81.4580836604563,111.901726531678,105.));
#8533=CARTESIAN_POINT('',(80.9932181386978,111.940553821013,105.));
#8534=CARTESIAN_POINT('',(80.6832764728743,111.965976946044,105.));
#8535=CARTESIAN_POINT('',(80.1322855025758,111.991387814221,105.));
#8536=CARTESIAN_POINT('',(79.8915215488291,111.995693907111,105.));
#8537=CARTESIAN_POINT('',(79.6507575950825,112.000000000001,105.));
#8538=CARTESIAN_POINT('',(72.0622091820936,112.,105.));
#8539=VECTOR('',#8540,1.);
#8540=DIRECTION('',(1.,0.,0.));
#8541=CARTESIAN_POINT('',(73.2246212024588,94.4999999999987,105.));
#8542=CARTESIAN_POINT('',(73.2246212024588,94.4999999999987,105.));
#8543=CARTESIAN_POINT('',(73.2246212024588,123.9,105.));
#8544=CARTESIAN_POINT('',(102.62462120246,123.9,105.));
#8545=CARTESIAN_POINT('',(102.62462120246,94.4999999999987,105.));
#8546=CARTESIAN_POINT('',(102.62462120246,65.0999999999977,105.));
#8547=CARTESIAN_POINT('',(73.2246212024588,65.0999999999977,105.));
#8548=CARTESIAN_POINT('',(73.2246212024588,94.4999999999987,105.));
#8549=CARTESIAN_POINT('',(105.,0.,72.0622091820932));
#8550=CARTESIAN_POINT('',(105.,0.,79.6507575950824));
#8551=VECTOR('',#8552,1.);
#8552=DIRECTION('',(-1.8726710224155E-15,0.,-1.));
#8553=CARTESIAN_POINT('',(105.,112.,72.0622091820932));
#8554=CARTESIAN_POINT('',(105.,112.,72.0622091820932));
#8555=VECTOR('',#8556,1.);
#8556=DIRECTION('',(0.,-1.,0.));
#8557=CARTESIAN_POINT('',(105.,112.,79.6507575950824));
#8558=CARTESIAN_POINT('',(105.,112.,79.6507575950824));
#8559=VECTOR('',#8560,1.);
#8560=DIRECTION('',(-1.8726710224155E-15,0.,-1.));
#8561=CARTESIAN_POINT('',(105.,112.,79.6507575950824));
#8562=VECTOR('',#8563,1.);
#8563=DIRECTION('',(0.,-1.,0.));
#8564=CARTESIAN_POINT('',(92.1622796474658,77.9588146741834,-105.));
#8565=CARTESIAN_POINT('',(87.4089879470969,111.567591611748,-105.));
#8566=AXIS2_PLACEMENT_3D('',#8567,#8568,#8569);
#8567=CARTESIAN_POINT('',(87.9246212024593,94.4999999999987,-105.));
#8568=DIRECTION('',(0.,0.,1.));
#8569=DIRECTION('',(0.248173612735129,-0.968715571229241,0.));
#8570=CARTESIAN_POINT('',(89.1003441474021,76.8535915411204,-105.));
#8571=CARTESIAN_POINT('',(92.162279339837,77.9588158721734,-105.));
#8572=CARTESIAN_POINT('',(91.6355832569526,77.8109994878095,-105.));
#8573=CARTESIAN_POINT('',(91.1088871740682,77.6631831034456,-105.));
#8574=CARTESIAN_POINT('',(90.088238131339,77.294783260923,-105.));
#8575=CARTESIAN_POINT('',(89.5942851714941,77.0741998027645,-105.));
#8576=CARTESIAN_POINT('',(89.1003322116493,76.8536163446059,-105.));
#8577=CARTESIAN_POINT('',(89.1003441474021,76.8535915411204,-105.));
#8578=CARTESIAN_POINT('',(88.4614990018714,76.5198946108589,-105.));
#8579=CARTESIAN_POINT('',(87.8226538563407,76.1861976805974,-105.));
#8580=CARTESIAN_POINT('',(86.6407382709486,75.5018283159981,-105.));
#8581=CARTESIAN_POINT('',(86.0969339277472,75.15241246941,-105.));
#8582=CARTESIAN_POINT('',(85.3725767310226,74.7016245361102,-105.));
#8583=CARTESIAN_POINT('',(85.19752851482,74.5908274209945,-105.));
#8584=CARTESIAN_POINT('',(84.6693483168121,74.2636335369245,-105.));
#8585=CARTESIAN_POINT('',(84.3180147474776,74.0436703024269,-105.));
#8586=CARTESIAN_POINT('',(83.2612975158058,73.4297161162916,-105.));
#8587=CARTESIAN_POINT('',(82.5531366783034,73.0326621148533,-105.));
#8588=CARTESIAN_POINT('',(81.1732908991486,72.4141503238701,-105.));
#8589=CARTESIAN_POINT('',(80.5121731200333,72.1539263134212,-105.));
#8590=CARTESIAN_POINT('',(79.7743713643716,71.9276702255774,-105.));
#8591=CARTESIAN_POINT('',(79.712564479727,71.909333296569,-105.));
#8592=CARTESIAN_POINT('',(79.6507575950825,71.8909963675606,-105.));
#8593=CARTESIAN_POINT('',(72.0622091820936,0.,-105.));
#8594=CARTESIAN_POINT('',(79.6507575950824,0.,-105.));
#8595=VECTOR('',#8596,1.);
#8596=DIRECTION('',(-1.,0.,0.));
#8597=CARTESIAN_POINT('',(72.0622091820936,112.,-105.));
#8598=CARTESIAN_POINT('',(72.0622091820936,112.,-105.));
#8599=VECTOR('',#8600,1.);
#8600=DIRECTION('',(0.,-1.,0.));
#8601=CARTESIAN_POINT('',(79.6507575950824,112.,-105.));
#8602=CARTESIAN_POINT('',(79.6507575950824,112.,-105.));
#8603=VECTOR('',#8604,1.);
#8604=DIRECTION('',(-1.,0.,0.));
#8605=CARTESIAN_POINT('',(79.6507575950824,112.,-105.));
#8606=CARTESIAN_POINT('',(80.2181931695235,111.977620291033,-105.));
#8607=CARTESIAN_POINT('',(80.7856287439646,111.955240582066,-105.));
#8608=CARTESIAN_POINT('',(81.6548948805338,111.886523240353,-105.));
#8609=CARTESIAN_POINT('',(81.9575143953553,111.854340762607,-105.));
#8610=CARTESIAN_POINT('',(82.5933103077387,111.794376423385,-105.));
#8611=CARTESIAN_POINT('',(82.9261179287189,111.759978050117,-105.));
#8612=CARTESIAN_POINT('',(83.6479518450642,111.695843520012,-105.));
#8613=CARTESIAN_POINT('',(84.0367143084725,111.661376322878,-105.));
#8614=CARTESIAN_POINT('',(85.0977568942271,111.591588303921,-105.));
#8615=CARTESIAN_POINT('',(85.7702150367125,111.559423513578,-105.));
#8616=CARTESIAN_POINT('',(86.7655576798321,111.554726393512,-105.));
#8617=CARTESIAN_POINT('',(87.0872727944324,111.561159633189,-105.));
#8618=CARTESIAN_POINT('',(87.4089879090327,111.567592872867,-105.));
#8619=CARTESIAN_POINT('',(102.62462120246,94.4999999999987,-105.));
#8620=CARTESIAN_POINT('',(102.62462120246,94.4999999999987,-105.));
#8621=CARTESIAN_POINT('',(102.62462120246,123.9,-105.));
#8622=CARTESIAN_POINT('',(73.2246212024588,123.9,-105.));
#8623=CARTESIAN_POINT('',(73.2246212024588,94.4999999999987,-105.));
#8624=CARTESIAN_POINT('',(73.2246212024588,65.0999999999977,-105.));
#8625=CARTESIAN_POINT('',(102.62462120246,65.0999999999977,-105.));
#8626=CARTESIAN_POINT('',(102.62462120246,94.4999999999987,-105.));
#8627=CARTESIAN_POINT('',(-105.000000000001,0.,-72.0622091820925));
#8628=CARTESIAN_POINT('',(-105.,0.,-79.6507575950824));
#8629=VECTOR('',#8630,1.);
#8630=DIRECTION('',(0.,0.,1.));
#8631=CARTESIAN_POINT('',(-105.000000000001,112.,-72.0622091820925));
#8632=CARTESIAN_POINT('',(-105.,112.,-72.0622091820925));
#8633=VECTOR('',#8634,1.);
#8634=DIRECTION('',(0.,-1.,0.));
#8635=CARTESIAN_POINT('',(-105.,112.,-79.6507575950824));
#8636=CARTESIAN_POINT('',(-105.,112.,-79.6507575950824));
#8637=VECTOR('',#8638,1.);
#8638=DIRECTION('',(0.,0.,1.));
#8639=CARTESIAN_POINT('',(-105.,112.,-79.6507575950824));
#8640=VECTOR('',#8641,1.);
#8641=DIRECTION('',(0.,-1.,0.));
#8642=CARTESIAN_POINT('',(-92.1622796474658,77.9588146741834,105.));
#8643=CARTESIAN_POINT('',(-87.4089879470969,111.567591611748,105.));
#8644=AXIS2_PLACEMENT_3D('',#8645,#8646,#8647);
#8645=CARTESIAN_POINT('',(-87.9246212024593,94.4999999999987,105.));
#8646=DIRECTION('',(0.,0.,-1.));
#8647=DIRECTION('',(-0.248173612735129,-0.968715571229241,0.));
#8648=CARTESIAN_POINT('',(-89.1003441474022,76.8535915411204,105.));
#8649=CARTESIAN_POINT('',(-92.162279339837,77.9588158721735,105.));
#8650=CARTESIAN_POINT('',(-91.635583256953,77.8109994878083,105.));
#8651=CARTESIAN_POINT('',(-91.108887174069,77.6631831034432,105.));
#8652=CARTESIAN_POINT('',(-90.0882381313398,77.2947832609207,105.));
#8653=CARTESIAN_POINT('',(-89.5942851714946,77.0741998027633,105.));
#8654=CARTESIAN_POINT('',(-89.1003322116493,76.8536163446059,105.));
#8655=CARTESIAN_POINT('',(-89.1003441474022,76.8535915411204,105.));
#8656=CARTESIAN_POINT('',(-88.4614990018717,76.5198946108591,105.));
#8657=CARTESIAN_POINT('',(-87.8226538563412,76.1861976805977,105.));
#8658=CARTESIAN_POINT('',(-86.6407382709493,75.5018283159985,105.));
#8659=CARTESIAN_POINT('',(-86.0969339277479,75.1524124694104,105.));
#8660=CARTESIAN_POINT('',(-85.3725767310236,74.7016245361108,105.));
#8661=CARTESIAN_POINT('',(-85.1975285148213,74.5908274209952,105.));
#8662=CARTESIAN_POINT('',(-84.6693483168141,74.2636335369257,105.));
#8663=CARTESIAN_POINT('',(-84.3180147474802,74.0436703024284,105.));
#8664=CARTESIAN_POINT('',(-83.2612975158095,73.4297161162936,105.));
#8665=CARTESIAN_POINT('',(-82.5531366783079,73.0326621148562,105.));
#8666=CARTESIAN_POINT('',(-81.1732908992366,72.4141503239088,105.));
#8667=CARTESIAN_POINT('',(-80.5121731202098,72.1539263134872,105.));
#8668=CARTESIAN_POINT('',(-79.7743713645499,71.9276702256307,105.));
#8669=CARTESIAN_POINT('',(-79.7125644798162,71.9093332965957,105.));
#8670=CARTESIAN_POINT('',(-79.6507575950825,71.8909963675606,105.));
#8671=CARTESIAN_POINT('',(-72.0622091820936,0.,105.));
#8672=CARTESIAN_POINT('',(-79.6507575950825,0.,105.));
#8673=VECTOR('',#8674,1.);
#8674=DIRECTION('',(1.,0.,0.));
#8675=CARTESIAN_POINT('',(-72.0622091820936,112.,105.));
#8676=CARTESIAN_POINT('',(-72.0622091820936,112.,105.));
#8677=VECTOR('',#8678,1.);
#8678=DIRECTION('',(0.,-1.,0.));
#8679=CARTESIAN_POINT('',(-79.6507575950825,112.,105.));
#8680=CARTESIAN_POINT('',(-79.6507575950825,112.,105.));
#8681=VECTOR('',#8682,1.);
#8682=DIRECTION('',(1.,0.,0.));
#8683=CARTESIAN_POINT('',(-79.6507575950825,112.,105.));
#8684=CARTESIAN_POINT('',(-80.2181931695196,111.977620290999,105.));
#8685=CARTESIAN_POINT('',(-80.7856287439567,111.955240581998,105.));
#8686=CARTESIAN_POINT('',(-81.6548948805279,111.886523240309,105.));
#8687=CARTESIAN_POINT('',(-81.9575143953534,111.854340762598,105.));
#8688=CARTESIAN_POINT('',(-82.5933103077395,111.794376423395,105.));
#8689=CARTESIAN_POINT('',(-82.9261179287189,111.759978050117,105.));
#8690=CARTESIAN_POINT('',(-83.6479518450642,111.695843520012,105.));
#8691=CARTESIAN_POINT('',(-84.0367143084725,111.661376322883,105.));
#8692=CARTESIAN_POINT('',(-85.0977568942271,111.591588303912,105.));
#8693=CARTESIAN_POINT('',(-85.7702150367116,111.559423513492,105.));
#8694=CARTESIAN_POINT('',(-86.765557679832,111.554726393446,105.));
#8695=CARTESIAN_POINT('',(-87.0872727944328,111.561159633143,105.));
#8696=CARTESIAN_POINT('',(-87.4089879090336,111.56759287284,105.));
#8697=CARTESIAN_POINT('',(-102.62462120246,94.4999999999987,105.));
#8698=CARTESIAN_POINT('',(-102.62462120246,94.4999999999987,105.));
#8699=CARTESIAN_POINT('',(-102.62462120246,123.9,105.));
#8700=CARTESIAN_POINT('',(-73.2246212024588,123.9,105.));
#8701=CARTESIAN_POINT('',(-73.2246212024588,94.4999999999987,105.));
#8702=CARTESIAN_POINT('',(-73.2246212024588,65.0999999999977,105.));
#8703=CARTESIAN_POINT('',(-102.62462120246,65.0999999999977,105.));
#8704=CARTESIAN_POINT('',(-102.62462120246,94.4999999999987,105.));
#8705=CARTESIAN_POINT('',(102.9,112.,-69.9622091820939));
#8706=CARTESIAN_POINT('',(102.9,112.,-69.9622091820939));
#8707=VECTOR('',#8708,1.);
#8708=DIRECTION('',(1.,0.,-6.76707367390578E-15));
#8709=CARTESIAN_POINT('',(102.9,112.,-72.0622091820939));
#8710=CARTESIAN_POINT('',(102.9,112.,-69.9622091820939));
#8711=VECTOR('',#8712,1.);
#8712=DIRECTION('',(0.,0.,-1.));
#8713=CARTESIAN_POINT('',(102.9,112.,-72.0622091820939));
#8714=VECTOR('',#8715,1.);
#8715=DIRECTION('',(1.,0.,-6.76707367390573E-15));
#8716=CARTESIAN_POINT('',(99.5088951519764,112.,-89.4911048480235));
#8717=CARTESIAN_POINT('',(101.924621202459,112.,-87.0753787975412));
#8718=VECTOR('',#8719,1.);
#8719=DIRECTION('',(-0.707106781186543,0.,-0.707106781186552));
#8720=CARTESIAN_POINT('',(87.0753787975413,112.,-101.924621202459));
#8721=CARTESIAN_POINT('',(99.5088951519764,112.,-89.4911048480235));
#8722=CARTESIAN_POINT('',(99.2470202960489,112.,-89.7529797039329));
#8723=CARTESIAN_POINT('',(98.7230408639848,112.,-90.2769591359903));
#8724=CARTESIAN_POINT('',(97.9366340249775,112.,-91.0633659750292));
#8725=CARTESIAN_POINT('',(97.1579266046202,112.,-91.8420733953776));
#8726=CARTESIAN_POINT('',(96.6346856923019,112.,-92.3653143076987));
#8727=CARTESIAN_POINT('',(96.1148074287534,112.,-92.885192571246));
#8728=CARTESIAN_POINT('',(95.592505006332,112.,-93.407494993668));
#8729=CARTESIAN_POINT('',(94.821796981505,112.,-94.1782030184956));
#8730=CARTESIAN_POINT('',(94.0569359357379,112.,-94.9430640642599));
#8731=CARTESIAN_POINT('',(93.2962718893844,112.,-95.7037281106236));
#8732=CARTESIAN_POINT('',(92.537943085896,112.,-96.462056914074));
#8733=CARTESIAN_POINT('',(91.7790875877956,112.,-97.2209124120936));
#8734=CARTESIAN_POINT('',(91.0170423453305,112.,-97.9829576548193));
#8735=CARTESIAN_POINT('',(90.4939312402023,112.,-98.5060687598623));
#8736=CARTESIAN_POINT('',(89.9807519138392,112.,-99.0192480861726));
#8737=CARTESIAN_POINT('',(89.4606565145701,112.,-99.5393434854242));
#8738=CARTESIAN_POINT('',(88.6871672601309,112.,-100.312832739871));
#8739=CARTESIAN_POINT('',(87.8858427813848,112.,-101.114157218615));
#8740=CARTESIAN_POINT('',(87.3470267168139,112.,-101.652973283186));
#8741=CARTESIAN_POINT('',(87.0753787975411,112.,-101.924621202459));
#8742=CARTESIAN_POINT('',(87.0753707070919,112.,-101.92461311291));
#8743=CARTESIAN_POINT('',(86.7541300203227,112.,-102.226185416425));
#8744=CARTESIAN_POINT('',(86.4328893335534,112.,-102.527757719941));
#8745=CARTESIAN_POINT('',(85.7396630768628,112.,-103.06548348181));
#8746=CARTESIAN_POINT('',(85.3732695121391,112.,-103.314489785195));
#8747=CARTESIAN_POINT('',(84.6181143619014,112.,-103.761091011841));
#8748=CARTESIAN_POINT('',(84.2233981297666,112.,-103.962206735866));
#8749=CARTESIAN_POINT('',(83.4182233792233,112.,-104.310641825762));
#8750=CARTESIAN_POINT('',(83.0014162314719,112.,-104.460711785633));
#8751=CARTESIAN_POINT('',(82.1589191393086,112.,-104.705479550778));
#8752=CARTESIAN_POINT('',(81.7265856646695,112.,-104.80210704031));
#8753=CARTESIAN_POINT('',(80.8600532913403,112.,-104.939348112188));
#8754=CARTESIAN_POINT('',(80.4198876612514,112.,-104.981019606097));
#8755=CARTESIAN_POINT('',(79.8707412914407,112.,-104.998268703276));
#8756=CARTESIAN_POINT('',(79.7607494432616,112.,-104.999134351638));
#8757=CARTESIAN_POINT('',(79.6507575950825,112.,-105.));
#8758=CARTESIAN_POINT('',(72.0622091820936,112.,-102.9));
#8759=CARTESIAN_POINT('',(72.0622091820936,112.,-102.9));
#8760=VECTOR('',#8761,1.);
#8761=DIRECTION('',(0.,0.,-1.));
#8762=CARTESIAN_POINT('',(69.9622091820936,112.,-102.9));
#8763=CARTESIAN_POINT('',(72.0622091820936,112.,-102.9));
#8764=VECTOR('',#8765,1.);
#8765=DIRECTION('',(-1.,0.,0.));
#8766=CARTESIAN_POINT('',(69.9622091820936,112.,-102.9));
#8767=VECTOR('',#8768,1.);
#8768=DIRECTION('',(0.,0.,-1.));
#8769=CARTESIAN_POINT('',(-69.9622091820936,112.,-102.9));
#8770=CARTESIAN_POINT('',(-69.9622091820936,112.,-102.9));
#8771=VECTOR('',#8772,1.);
#8772=DIRECTION('',(0.,0.,-1.));
#8773=CARTESIAN_POINT('',(-72.0622091820936,112.,-102.9));
#8774=CARTESIAN_POINT('',(-69.9622091820936,112.,-102.9));
#8775=VECTOR('',#8776,1.);
#8776=DIRECTION('',(-1.,0.,0.));
#8777=CARTESIAN_POINT('',(-72.0622091820936,112.,-102.9));
#8778=VECTOR('',#8779,1.);
#8779=DIRECTION('',(0.,0.,-1.));
#8780=CARTESIAN_POINT('',(-87.0753787975411,112.,-101.924621202459));
#8781=CARTESIAN_POINT('',(-79.6507575950824,112.,-105.));
#8782=CARTESIAN_POINT('',(-80.0911533314029,112.,-104.98609157072));
#8783=CARTESIAN_POINT('',(-80.5315490677234,112.,-104.97218314144));
#8784=CARTESIAN_POINT('',(-81.4019640272917,112.,-104.862225586164));
#8785=CARTESIAN_POINT('',(-81.8371170638492,112.,-104.779217692152));
#8786=CARTESIAN_POINT('',(-82.6868878837253,112.,-104.561036976188));
#8787=CARTESIAN_POINT('',(-83.1082081634555,112.,-104.424147850997));
#8788=CARTESIAN_POINT('',(-83.9239298508162,112.,-104.101176580823));
#8789=CARTESIAN_POINT('',(-84.3247624673976,112.,-103.912544915929));
#8790=CARTESIAN_POINT('',(-85.0935726043411,112.,-103.489882131363));
#8791=CARTESIAN_POINT('',(-85.467610382574,112.,-103.252514432989));
#8792=CARTESIAN_POINT('',(-86.1773884533593,112.,-102.736833291439));
#8793=CARTESIAN_POINT('',(-86.5181080366752,112.,-102.455064468292));
#8794=CARTESIAN_POINT('',(-86.9186001761128,112.,-102.078946506671));
#8795=CARTESIAN_POINT('',(-86.9969854416376,112.,-102.001779809825));
#8796=CARTESIAN_POINT('',(-87.0753707071623,112.,-101.92461311298));
#8797=CARTESIAN_POINT('',(-99.5088951519764,112.,-89.4911048480235));
#8798=CARTESIAN_POINT('',(-87.075378797558,112.,-101.924621202445));
#8799=CARTESIAN_POINT('',(-87.343529311862,112.,-101.656470688172));
#8800=CARTESIAN_POINT('',(-87.8769686336736,112.,-101.123031366358));
#8801=CARTESIAN_POINT('',(-88.6732986011237,112.,-100.32670139883));
#8802=CARTESIAN_POINT('',(-89.4492318282647,112.,-99.5507681717709));
#8803=CARTESIAN_POINT('',(-89.9719129959096,112.,-99.0280870041117));
#8804=CARTESIAN_POINT('',(-90.4888430939753,112.,-98.5111569059645));
#8805=CARTESIAN_POINT('',(-91.0121435604989,112.,-97.9878564394875));
#8806=CARTESIAN_POINT('',(-91.7765728022967,112.,-97.2234271977096));
#8807=CARTESIAN_POINT('',(-92.5375126466685,112.,-96.4624873533993));
#8808=CARTESIAN_POINT('',(-93.2995733038389,112.,-95.7004266960786));
#8809=CARTESIAN_POINT('',(-94.0662684697565,112.,-94.933731530266));
#8810=CARTESIAN_POINT('',(-94.8389000629493,112.,-94.1610999370439));
#8811=CARTESIAN_POINT('',(-95.6163287960807,112.000000000001,-93.3836712039229));
#8812=CARTESIAN_POINT('',(-96.1369490419626,111.999999999998,-92.8630509580331));
#8813=CARTESIAN_POINT('',(-96.6565844459527,112.000000000002,-92.3434155540514));
#8814=CARTESIAN_POINT('',(-97.1754693338705,111.999999999999,-91.8245306661232));
#8815=CARTESIAN_POINT('',(-97.9526448207755,112.,-91.0473551792399));
#8816=CARTESIAN_POINT('',(-98.730683365159,112.000000000001,-90.2693166349364));
#8817=CARTESIAN_POINT('',(-99.2494303304339,111.999999999999,-89.7505696696277));
#8818=CARTESIAN_POINT('',(-99.5088951519819,111.999999999996,-89.4911048480181));
#8819=CARTESIAN_POINT('',(-101.924621202459,112.,-87.0753787975412));
#8820=CARTESIAN_POINT('',(-99.5088951519764,112.,-89.4911048480235));
#8821=VECTOR('',#8822,1.);
#8822=DIRECTION('',(-0.70710678118655,0.,0.707106781186545));
#8823=AXIS2_PLACEMENT_3D('',#8824,#8825,#8826);
#8824=CARTESIAN_POINT('',(-94.5,112.,-79.6507575950824));
#8825=DIRECTION('',(0.,1.,0.));
#8826=DIRECTION('',(-0.707106781186547,0.,-0.707106781186548));
#8827=CARTESIAN_POINT('',(-102.900000000001,112.,-72.0622091820925));
#8828=CARTESIAN_POINT('',(-102.900000000001,112.,-72.0622091820925));
#8829=VECTOR('',#8830,1.);
#8830=DIRECTION('',(-1.,0.,6.76707367390578E-15));
#8831=CARTESIAN_POINT('',(-102.900000000001,112.,-69.9622091820925));
#8832=CARTESIAN_POINT('',(-102.900000000001,112.,-72.0622091820925));
#8833=VECTOR('',#8834,1.);
#8834=DIRECTION('',(6.76707367390569E-15,0.,1.));
#8835=CARTESIAN_POINT('',(-102.900000000001,112.,-69.9622091820925));
#8836=VECTOR('',#8837,1.);
#8837=DIRECTION('',(-1.,0.,1.35341473478115E-14));
#8838=CARTESIAN_POINT('',(-102.899999999999,112.,69.9622091820947));
#8839=CARTESIAN_POINT('',(-102.899999999999,112.,69.9622091820947));
#8840=VECTOR('',#8841,1.);
#8841=DIRECTION('',(-1.,0.,1.35341473478115E-14));
#8842=CARTESIAN_POINT('',(-102.899999999999,112.,72.0622091820947));
#8843=CARTESIAN_POINT('',(-102.899999999999,112.,69.9622091820947));
#8844=VECTOR('',#8845,1.);
#8845=DIRECTION('',(1.35341473478115E-14,0.,1.));
#8846=CARTESIAN_POINT('',(-102.899999999999,112.,72.0622091820947));
#8847=VECTOR('',#8848,1.);
#8848=DIRECTION('',(-1.,0.,6.76707367390573E-15));
#8849=CARTESIAN_POINT('',(-99.5088951519764,112.,89.4911048480235));
#8850=CARTESIAN_POINT('',(-101.924621202459,112.,87.0753787975412));
#8851=VECTOR('',#8852,1.);
#8852=DIRECTION('',(0.707106781186543,0.,0.707106781186552));
#8853=CARTESIAN_POINT('',(-87.0753787975412,112.,101.924621202459));
#8854=CARTESIAN_POINT('',(-99.5088951519764,112.,89.4911048480235));
#8855=CARTESIAN_POINT('',(-99.2470202960613,112.,89.7529797039687));
#8856=CARTESIAN_POINT('',(-98.7230408639398,112.,90.2769591360737));
#8857=CARTESIAN_POINT('',(-97.9366340248065,112.,91.0633659751006));
#8858=CARTESIAN_POINT('',(-97.157926604524,112.,91.8420733955695));
#8859=CARTESIAN_POINT('',(-96.6346856921541,112.,92.3653143079061));
#8860=CARTESIAN_POINT('',(-96.1148074285872,112.,92.8851925714129));
#8861=CARTESIAN_POINT('',(-95.5925050061385,112.,93.4074949938614));
#8862=CARTESIAN_POINT('',(-94.8217969813744,112.,94.1782030186255));
#8863=CARTESIAN_POINT('',(-94.0569359356345,112.,94.9430640643654));
#8864=CARTESIAN_POINT('',(-93.2962718892794,112.,95.7037281107206));
#8865=CARTESIAN_POINT('',(-92.5379430857872,112.,96.4620569142128));
#8866=CARTESIAN_POINT('',(-91.7790875876493,112.,97.2209124123509));
#8867=CARTESIAN_POINT('',(-91.0170423450094,112.,97.9829576549904));
#8868=CARTESIAN_POINT('',(-90.4939312399269,112.,98.5060687600737));
#8869=CARTESIAN_POINT('',(-89.9807519136246,112.,99.0192480863748));
#8870=CARTESIAN_POINT('',(-89.4606565144344,112.,99.5393434855849));
#8871=CARTESIAN_POINT('',(-88.6871672599407,112.,100.312832739958));
#8872=CARTESIAN_POINT('',(-87.8858427812832,111.999999999999,101.114157218664));
#8873=CARTESIAN_POINT('',(-87.3470267167747,112.000000000003,101.652973283214));
#8874=CARTESIAN_POINT('',(-87.0753787975432,112.000000000008,101.924621202461));
#8875=CARTESIAN_POINT('',(-87.0753707071625,112.,101.92461311298));
#8876=CARTESIAN_POINT('',(-86.7541300203555,112.,102.226185416455));
#8877=CARTESIAN_POINT('',(-86.4328893335484,112.,102.52775771993));
#8878=CARTESIAN_POINT('',(-85.7396630768365,112.,103.06548348178));
#8879=CARTESIAN_POINT('',(-85.3732695121418,112.,103.3144897852));
#8880=CARTESIAN_POINT('',(-84.6181143619115,112.,103.761091011858));
#8881=CARTESIAN_POINT('',(-84.223398129775,112.,103.962206735886));
#8882=CARTESIAN_POINT('',(-83.4182233792276,112.,104.310641825771));
#8883=CARTESIAN_POINT('',(-83.0014162314671,112.,104.460711785615));
#8884=CARTESIAN_POINT('',(-82.1589191393016,112.,104.705479550755));
#8885=CARTESIAN_POINT('',(-81.7265856646685,112.,104.802107040306));
#8886=CARTESIAN_POINT('',(-80.8600532913414,112.,104.939348112191));
#8887=CARTESIAN_POINT('',(-80.4198876612514,112.,104.981019606097));
#8888=CARTESIAN_POINT('',(-79.8707412914407,112.,104.998268703276));
#8889=CARTESIAN_POINT('',(-79.7607494432616,112.,104.999134351638));
#8890=CARTESIAN_POINT('',(-79.6507575950825,112.,105.));
#8891=CARTESIAN_POINT('',(-72.0622091820936,112.,102.9));
#8892=CARTESIAN_POINT('',(-72.0622091820936,112.,102.9));
#8893=VECTOR('',#8894,1.);
#8894=DIRECTION('',(0.,0.,1.));
#8895=CARTESIAN_POINT('',(-69.9622091820936,112.,102.9));
#8896=CARTESIAN_POINT('',(-72.0622091820936,112.,102.9));
#8897=VECTOR('',#8898,1.);
#8898=DIRECTION('',(1.,0.,0.));
#8899=CARTESIAN_POINT('',(-69.9622091820936,112.,102.9));
#8900=VECTOR('',#8901,1.);
#8901=DIRECTION('',(0.,0.,1.));
#8902=CARTESIAN_POINT('',(69.9622091820936,112.,102.9));
#8903=CARTESIAN_POINT('',(69.9622091820936,112.,102.9));
#8904=VECTOR('',#8905,1.);
#8905=DIRECTION('',(0.,0.,1.));
#8906=CARTESIAN_POINT('',(72.0622091820936,112.,102.9));
#8907=CARTESIAN_POINT('',(69.9622091820936,112.,102.9));
#8908=VECTOR('',#8909,1.);
#8909=DIRECTION('',(1.,0.,0.));
#8910=CARTESIAN_POINT('',(72.0622091820936,112.,102.9));
#8911=VECTOR('',#8912,1.);
#8912=DIRECTION('',(0.,0.,1.));
#8913=CARTESIAN_POINT('',(87.0753787975412,112.,101.924621202459));
#8914=CARTESIAN_POINT('',(79.6507575950825,112.,105.));
#8915=CARTESIAN_POINT('',(80.0911533314035,112.,104.986091570722));
#8916=CARTESIAN_POINT('',(80.5315490677245,112.,104.972183141444));
#8917=CARTESIAN_POINT('',(81.4019640272907,112.,104.86222558616));
#8918=CARTESIAN_POINT('',(81.8371170638408,112.,104.779217692122));
#8919=CARTESIAN_POINT('',(82.6868878837214,112.,104.561036976169));
#8920=CARTESIAN_POINT('',(83.1082081634721,112.,104.424147851035));
#8921=CARTESIAN_POINT('',(83.9239298508273,112.,104.101176580855));
#8922=CARTESIAN_POINT('',(84.3247624673781,112.,103.912544915895));
#8923=CARTESIAN_POINT('',(85.0935726043156,112.,103.489882131316));
#8924=CARTESIAN_POINT('',(85.4676103825662,112.,103.252514432977));
#8925=CARTESIAN_POINT('',(86.1773884533588,112.,102.73683329144));
#8926=CARTESIAN_POINT('',(86.5181080366865,112.,102.455064468303));
#8927=CARTESIAN_POINT('',(86.9186001761094,112.,102.078946506667));
#8928=CARTESIAN_POINT('',(86.99698544163,112.,102.001779809818));
#8929=CARTESIAN_POINT('',(87.0753707071506,112.,101.924613112968));
#8930=CARTESIAN_POINT('',(99.5088951519764,112.,89.4911048480235));
#8931=CARTESIAN_POINT('',(87.075378800469,112.000000001117,101.924621195277));
#8932=CARTESIAN_POINT('',(87.3435293158853,112.000000000428,101.656470682453));
#8933=CARTESIAN_POINT('',(87.8769686385187,111.999999999803,101.123031362195));
#8934=CARTESIAN_POINT('',(88.6732986050367,112.000000000052,100.326701394805));
#8935=CARTESIAN_POINT('',(89.4492318314577,111.999999999986,99.5507681685818));
#8936=CARTESIAN_POINT('',(89.9719129986877,112.,99.0280870013173));
#8937=CARTESIAN_POINT('',(90.4888430963036,112.,98.5111569036881));
#8938=CARTESIAN_POINT('',(91.0121435624063,112.,97.9878564375004));
#8939=CARTESIAN_POINT('',(91.7765728035586,112.,97.2234271965257));
#8940=CARTESIAN_POINT('',(92.5375126471754,112.,96.4624873527425));
#8941=CARTESIAN_POINT('',(93.2995733039364,112.,95.7004266961497));
#8942=CARTESIAN_POINT('',(94.0662684693009,112.,94.9337315306761));
#8943=CARTESIAN_POINT('',(94.8389000622236,112.,94.161099937781));
#8944=CARTESIAN_POINT('',(95.616328795225,112.000000000001,93.38367120478));
#8945=CARTESIAN_POINT('',(96.1369490411259,111.999999999997,92.8630509588143));
#8946=CARTESIAN_POINT('',(96.6565844451542,112.000000000003,92.3434155547738));
#8947=CARTESIAN_POINT('',(97.1754693331861,111.999999999999,91.8245306667421));
#8948=CARTESIAN_POINT('',(97.9526448203232,111.999999999997,91.047355179778));
#8949=CARTESIAN_POINT('',(98.7306833648225,112.000000000012,90.2693166351225));
#8950=CARTESIAN_POINT('',(99.2494303302812,111.999999999974,89.7505696696582));
#8951=CARTESIAN_POINT('',(99.5088951519848,111.999999999931,89.4911048480152));
#8952=CARTESIAN_POINT('',(101.924621202459,112.,87.0753787975412));
#8953=CARTESIAN_POINT('',(99.5088951519764,112.,89.4911048480235));
#8954=VECTOR('',#8955,1.);
#8955=DIRECTION('',(0.707106781186552,0.,-0.707106781186543));
#8956=AXIS2_PLACEMENT_3D('',#8957,#8958,#8959);
#8957=CARTESIAN_POINT('',(94.5,112.,79.6507575950824));
#8958=DIRECTION('',(0.,1.,0.));
#8959=DIRECTION('',(0.707106781186546,0.,0.707106781186549));
#8960=CARTESIAN_POINT('',(102.9,112.,72.0622091820932));
#8961=CARTESIAN_POINT('',(102.9,112.,72.0622091820932));
#8962=VECTOR('',#8963,1.);
#8963=DIRECTION('',(1.,0.,-6.76707367390573E-15));
#8964=CARTESIAN_POINT('',(102.9,112.,69.9622091820932));
#8965=CARTESIAN_POINT('',(102.9,112.,72.0622091820932));
#8966=VECTOR('',#8967,1.);
#8967=DIRECTION('',(-1.35341473478115E-14,0.,-1.));
#8968=CARTESIAN_POINT('',(102.9,112.,69.9622091820932));
#8969=VECTOR('',#8970,1.);
#8970=DIRECTION('',(1.,0.,-6.76707367390573E-15));
#8971=CARTESIAN_POINT('',(-78.2010101267766,112.,-91.));
#8972=CARTESIAN_POINT('',(-91.,112.,-78.2010101267766));
#8973=CARTESIAN_POINT('',(-78.2010101267766,112.,-91.));
#8974=VECTOR('',#8975,1.);
#8975=DIRECTION('',(-0.707106781186548,0.,0.707106781186548));
#8976=CARTESIAN_POINT('',(78.2010101267767,112.,-91.));
#8977=CARTESIAN_POINT('',(78.2010101267767,112.,-91.));
#8978=VECTOR('',#8979,1.);
#8979=DIRECTION('',(-1.,0.,0.));
#8980=CARTESIAN_POINT('',(91.,112.,-78.2010101267766));
#8981=CARTESIAN_POINT('',(91.,112.,-78.2010101267766));
#8982=VECTOR('',#8983,1.);
#8983=DIRECTION('',(-0.707106781186547,0.,-0.707106781186548));
#8984=CARTESIAN_POINT('',(91.,112.,78.2010101267766));
#8985=CARTESIAN_POINT('',(91.,112.,78.2010101267766));
#8986=VECTOR('',#8987,1.);
#8987=DIRECTION('',(-1.817221375039E-16,0.,-1.));
#8988=CARTESIAN_POINT('',(78.2010101267766,112.,91.));
#8989=CARTESIAN_POINT('',(78.2010101267766,112.,91.));
#8990=VECTOR('',#8991,1.);
#8991=DIRECTION('',(0.707106781186549,0.,-0.707106781186546));
#8992=CARTESIAN_POINT('',(-78.2010101267767,112.,91.));
#8993=CARTESIAN_POINT('',(-78.2010101267767,112.,91.));
#8994=VECTOR('',#8995,1.);
#8995=DIRECTION('',(1.,0.,0.));
#8996=CARTESIAN_POINT('',(-91.,112.,78.2010101267766));
#8997=CARTESIAN_POINT('',(-91.,112.,78.2010101267766));
#8998=VECTOR('',#8999,1.);
#8999=DIRECTION('',(0.707106781186546,0.,0.707106781186549));
#9000=CARTESIAN_POINT('',(-91.,112.,-78.2010101267766));
#9001=VECTOR('',#9002,1.);
#9002=DIRECTION('',(1.817221375039E-16,0.,1.));
#9003=CARTESIAN_POINT('',(102.9,2.42861286636753E-14,-72.0622091820939));
#9004=CARTESIAN_POINT('',(102.9,0.,-69.9622091820939));
#9005=CARTESIAN_POINT('',(102.9,1.21430643318376E-14,-72.0622091820939));
#9006=VECTOR('',#9007,1.);
#9007=DIRECTION('',(0.,0.,1.));
#9008=CARTESIAN_POINT('',(102.9,1.4210854715202E-14,-69.9622091820939));
#9009=VECTOR('',#9010,1.);
#9010=DIRECTION('',(1.,0.,-6.76707367390578E-15));
#9011=CARTESIAN_POINT('',(102.9,0.,69.9622091820932));
#9012=CARTESIAN_POINT('',(102.9,0.,69.9622091820932));
#9013=VECTOR('',#9014,1.);
#9014=DIRECTION('',(1.,0.,-6.76707367390573E-15));
#9015=CARTESIAN_POINT('',(102.9,0.,72.0622091820932));
#9016=CARTESIAN_POINT('',(102.9,0.,69.9622091820932));
#9017=VECTOR('',#9018,1.);
#9018=DIRECTION('',(1.35341473478115E-14,0.,1.));
#9019=CARTESIAN_POINT('',(102.9,0.,72.0622091820932));
#9020=VECTOR('',#9021,1.);
#9021=DIRECTION('',(1.,0.,-6.76707367390573E-15));
#9022=AXIS2_PLACEMENT_3D('',#9023,#9024,#9025);
#9023=CARTESIAN_POINT('',(79.6507575950825,0.,94.5));
#9024=DIRECTION('',(0.,-1.,0.));
#9025=DIRECTION('',(0.707106781186547,0.,0.707106781186548));
#9026=CARTESIAN_POINT('',(72.0622091820936,2.42861286636753E-14,102.9));
#9027=CARTESIAN_POINT('',(72.0622091820936,1.4210854715202E-14,102.9));
#9028=VECTOR('',#9029,1.);
#9029=DIRECTION('',(0.,0.,1.));
#9030=CARTESIAN_POINT('',(69.9622091820936,0.,102.9));
#9031=CARTESIAN_POINT('',(72.0622091820936,1.21430643318376E-14,102.9));
#9032=VECTOR('',#9033,1.);
#9033=DIRECTION('',(-1.,0.,0.));
#9034=CARTESIAN_POINT('',(69.9622091820936,1.4210854715202E-14,102.9));
#9035=VECTOR('',#9036,1.);
#9036=DIRECTION('',(0.,0.,1.));
#9037=CARTESIAN_POINT('',(-69.9622091820936,0.,102.9));
#9038=CARTESIAN_POINT('',(-69.9622091820936,0.,102.9));
#9039=VECTOR('',#9040,1.);
#9040=DIRECTION('',(0.,0.,1.));
#9041=CARTESIAN_POINT('',(-72.0622091820936,0.,102.9));
#9042=CARTESIAN_POINT('',(-69.9622091820936,0.,102.9));
#9043=VECTOR('',#9044,1.);
#9044=DIRECTION('',(-1.,0.,0.));
#9045=CARTESIAN_POINT('',(-72.0622091820936,0.,102.9));
#9046=VECTOR('',#9047,1.);
#9047=DIRECTION('',(0.,0.,1.));
#9048=CARTESIAN_POINT('',(-102.899999999999,2.42861286636753E-14,72.0622091820947));
#9049=CARTESIAN_POINT('',(-102.899999999999,1.4210854715202E-14,72.0622091820947));
#9050=VECTOR('',#9051,1.);
#9051=DIRECTION('',(-1.,0.,6.76707367390573E-15));
#9052=CARTESIAN_POINT('',(-102.899999999999,0.,69.9622091820947));
#9053=CARTESIAN_POINT('',(-102.899999999999,1.21430643318376E-14,72.0622091820946));
#9054=VECTOR('',#9055,1.);
#9055=DIRECTION('',(-1.35341473478115E-14,0.,-1.));
#9056=CARTESIAN_POINT('',(-102.899999999999,1.4210854715202E-14,69.9622091820947));
#9057=VECTOR('',#9058,1.);
#9058=DIRECTION('',(-1.,0.,1.35341473478115E-14));
#9059=CARTESIAN_POINT('',(-102.900000000001,0.,-69.9622091820925));
#9060=CARTESIAN_POINT('',(-102.900000000001,0.,-69.9622091820925));
#9061=VECTOR('',#9062,1.);
#9062=DIRECTION('',(-1.,0.,1.35341473478115E-14));
#9063=CARTESIAN_POINT('',(-102.900000000001,0.,-72.0622091820925));
#9064=CARTESIAN_POINT('',(-102.900000000001,0.,-69.9622091820925));
#9065=VECTOR('',#9066,1.);
#9066=DIRECTION('',(-6.76707367390569E-15,0.,-1.));
#9067=CARTESIAN_POINT('',(-102.900000000001,0.,-72.0622091820925));
#9068=VECTOR('',#9069,1.);
#9069=DIRECTION('',(-1.,0.,6.76707367390578E-15));
#9070=AXIS2_PLACEMENT_3D('',#9071,#9072,#9073);
#9071=CARTESIAN_POINT('',(-79.6507575950824,0.,-94.5));
#9072=DIRECTION('',(0.,-1.,0.));
#9073=DIRECTION('',(-0.707106781186547,0.,-0.707106781186548));
#9074=CARTESIAN_POINT('',(-72.0622091820936,2.42861286636753E-14,-102.9));
#9075=CARTESIAN_POINT('',(-72.0622091820936,1.4210854715202E-14,-102.9));
#9076=VECTOR('',#9077,1.);
#9077=DIRECTION('',(0.,0.,-1.));
#9078=CARTESIAN_POINT('',(-69.9622091820936,0.,-102.9));
#9079=CARTESIAN_POINT('',(-72.0622091820936,1.21430643318376E-14,-102.9));
#9080=VECTOR('',#9081,1.);
#9081=DIRECTION('',(1.,0.,0.));
#9082=CARTESIAN_POINT('',(-69.9622091820936,1.4210854715202E-14,-102.9));
#9083=VECTOR('',#9084,1.);
#9084=DIRECTION('',(0.,0.,-1.));
#9085=CARTESIAN_POINT('',(69.9622091820936,0.,-102.9));
#9086=CARTESIAN_POINT('',(69.9622091820936,0.,-102.9));
#9087=VECTOR('',#9088,1.);
#9088=DIRECTION('',(0.,0.,-1.));
#9089=CARTESIAN_POINT('',(72.0622091820936,0.,-102.9));
#9090=CARTESIAN_POINT('',(69.9622091820936,0.,-102.9));
#9091=VECTOR('',#9092,1.);
#9092=DIRECTION('',(1.,0.,0.));
#9093=CARTESIAN_POINT('',(72.0622091820936,0.,-102.9));
#9094=VECTOR('',#9095,1.);
#9095=DIRECTION('',(0.,0.,-1.));
#9096=CARTESIAN_POINT('',(102.9,1.4210854715202E-14,-72.0622091820939));
#9097=VECTOR('',#9098,1.);
#9098=DIRECTION('',(1.,0.,-6.76707367390573E-15));
#9099=CARTESIAN_POINT('',(-79.6507575950825,0.,-99.4));
#9100=CARTESIAN_POINT('',(-83.1155808228966,0.,-97.9648232278141));
#9101=AXIS2_PLACEMENT_3D('',#9102,#9103,#9104);
#9102=CARTESIAN_POINT('',(-79.6507575950825,0.,-94.5));
#9103=DIRECTION('',(0.,1.,0.));
#9104=DIRECTION('',(0.,0.,-1.));
#9105=CARTESIAN_POINT('',(-97.9648232278141,0.,-83.1155808228965));
#9106=CARTESIAN_POINT('',(-83.1155808228966,0.,-97.9648232278141));
#9107=VECTOR('',#9108,1.);
#9108=DIRECTION('',(-0.707106781186546,0.,0.707106781186549));
#9109=CARTESIAN_POINT('',(-99.4,0.,-79.6507575950824));
#9110=AXIS2_PLACEMENT_3D('',#9111,#9112,#9113);
#9111=CARTESIAN_POINT('',(-94.5,0.,-79.6507575950824));
#9112=DIRECTION('',(0.,1.,0.));
#9113=DIRECTION('',(-0.707106781186549,0.,-0.707106781186546));
#9114=CARTESIAN_POINT('',(-99.3999999999998,0.,-77.6622091820946));
#9115=CARTESIAN_POINT('',(-99.4,0.,-79.6507575950824));
#9116=VECTOR('',#9117,1.);
#9117=DIRECTION('',(1.07195187874632E-13,0.,1.));
#9118=CARTESIAN_POINT('',(-77.6622091820936,0.,-77.6622091820946));
#9119=CARTESIAN_POINT('',(-99.3999999999998,0.,-77.6622091820946));
#9120=VECTOR('',#9121,1.);
#9121=DIRECTION('',(1.,0.,1.17673128339669E-14));
#9122=CARTESIAN_POINT('',(-77.6622091820936,0.,-99.4));
#9123=CARTESIAN_POINT('',(-77.6622091820936,0.,-77.6622091820946));
#9124=VECTOR('',#9125,1.);
#9125=DIRECTION('',(0.,0.,-1.));
#9126=CARTESIAN_POINT('',(-77.6622091820936,0.,-99.4));
#9127=VECTOR('',#9128,1.);
#9128=DIRECTION('',(-1.,0.,0.));
#9129=CARTESIAN_POINT('',(97.9648232278141,0.,-83.1155808228965));
#9130=CARTESIAN_POINT('',(99.4,0.,-79.6507575950824));
#9131=AXIS2_PLACEMENT_3D('',#9132,#9133,#9134);
#9132=CARTESIAN_POINT('',(94.5,0.,-79.6507575950824));
#9133=DIRECTION('',(0.,-1.,0.));
#9134=DIRECTION('',(0.707106781186549,0.,-0.707106781186546));
#9135=CARTESIAN_POINT('',(83.1155808228966,0.,-97.9648232278141));
#9136=CARTESIAN_POINT('',(83.1155808228966,0.,-97.9648232278141));
#9137=VECTOR('',#9138,1.);
#9138=DIRECTION('',(0.707106781186546,0.,0.707106781186549));
#9139=CARTESIAN_POINT('',(79.6507575950825,0.,-99.4));
#9140=AXIS2_PLACEMENT_3D('',#9141,#9142,#9143);
#9141=CARTESIAN_POINT('',(79.6507575950825,0.,-94.5));
#9142=DIRECTION('',(0.,-1.,0.));
#9143=DIRECTION('',(0.,0.,-1.));
#9144=CARTESIAN_POINT('',(77.6622091820936,0.,-99.4));
#9145=CARTESIAN_POINT('',(77.6622091820936,0.,-99.4));
#9146=VECTOR('',#9147,1.);
#9147=DIRECTION('',(1.,0.,0.));
#9148=CARTESIAN_POINT('',(77.6622091820936,0.,-77.6622091820946));
#9149=CARTESIAN_POINT('',(77.6622091820936,0.,-77.6622091820946));
#9150=VECTOR('',#9151,1.);
#9151=DIRECTION('',(0.,0.,-1.));
#9152=CARTESIAN_POINT('',(99.3999999999998,0.,-77.6622091820946));
#9153=CARTESIAN_POINT('',(99.3999999999998,0.,-77.6622091820946));
#9154=VECTOR('',#9155,1.);
#9155=DIRECTION('',(-1.,0.,1.17673128339669E-14));
#9156=CARTESIAN_POINT('',(99.4,0.,-79.6507575950824));
#9157=VECTOR('',#9158,1.);
#9158=DIRECTION('',(-1.07195187874632E-13,0.,1.));
#9159=CARTESIAN_POINT('',(79.6507575950825,0.,99.4));
#9160=CARTESIAN_POINT('',(83.1155808228966,0.,97.9648232278141));
#9161=AXIS2_PLACEMENT_3D('',#9162,#9163,#9164);
#9162=CARTESIAN_POINT('',(79.6507575950825,0.,94.5));
#9163=DIRECTION('',(0.,1.,0.));
#9164=DIRECTION('',(0.,0.,1.));
#9165=CARTESIAN_POINT('',(97.9648232278141,0.,83.1155808228965));
#9166=CARTESIAN_POINT('',(83.1155808228966,0.,97.9648232278141));
#9167=VECTOR('',#9168,1.);
#9168=DIRECTION('',(0.707106781186546,0.,-0.707106781186549));
#9169=CARTESIAN_POINT('',(99.4,0.,79.6507575950824));
#9170=AXIS2_PLACEMENT_3D('',#9171,#9172,#9173);
#9171=CARTESIAN_POINT('',(94.5,0.,79.6507575950824));
#9172=DIRECTION('',(0.,1.,0.));
#9173=DIRECTION('',(0.707106781186549,0.,0.707106781186546));
#9174=CARTESIAN_POINT('',(99.3999999999998,0.,77.6622091820946));
#9175=CARTESIAN_POINT('',(99.4,0.,79.6507575950824));
#9176=VECTOR('',#9177,1.);
#9177=DIRECTION('',(-1.07195187874632E-13,0.,-1.));
#9178=CARTESIAN_POINT('',(77.6622091820936,0.,77.6622091820946));
#9179=CARTESIAN_POINT('',(99.3999999999998,0.,77.6622091820946));
#9180=VECTOR('',#9181,1.);
#9181=DIRECTION('',(-1.,0.,-1.17673128339669E-14));
#9182=CARTESIAN_POINT('',(77.6622091820936,0.,99.4));
#9183=CARTESIAN_POINT('',(77.6622091820936,0.,77.6622091820946));
#9184=VECTOR('',#9185,1.);
#9185=DIRECTION('',(0.,0.,1.));
#9186=CARTESIAN_POINT('',(77.6622091820936,0.,99.4));
#9187=VECTOR('',#9188,1.);
#9188=DIRECTION('',(1.,0.,0.));
#9189=CARTESIAN_POINT('',(-97.9648232278141,0.,83.1155808228965));
#9190=CARTESIAN_POINT('',(-99.4,0.,79.6507575950824));
#9191=AXIS2_PLACEMENT_3D('',#9192,#9193,#9194);
#9192=CARTESIAN_POINT('',(-94.5,0.,79.6507575950824));
#9193=DIRECTION('',(0.,-1.,0.));
#9194=DIRECTION('',(-0.707106781186549,0.,0.707106781186546));
#9195=CARTESIAN_POINT('',(-83.1155808228966,0.,97.9648232278141));
#9196=CARTESIAN_POINT('',(-83.1155808228966,0.,97.9648232278141));
#9197=VECTOR('',#9198,1.);
#9198=DIRECTION('',(-0.707106781186546,0.,-0.707106781186549));
#9199=CARTESIAN_POINT('',(-79.6507575950825,0.,99.4));
#9200=AXIS2_PLACEMENT_3D('',#9201,#9202,#9203);
#9201=CARTESIAN_POINT('',(-79.6507575950825,0.,94.5));
#9202=DIRECTION('',(0.,-1.,0.));
#9203=DIRECTION('',(0.,0.,1.));
#9204=CARTESIAN_POINT('',(-77.6622091820936,0.,99.4));
#9205=CARTESIAN_POINT('',(-77.6622091820936,0.,99.4));
#9206=VECTOR('',#9207,1.);
#9207=DIRECTION('',(-1.,0.,0.));
#9208=CARTESIAN_POINT('',(-77.6622091820936,0.,77.6622091820946));
#9209=CARTESIAN_POINT('',(-77.6622091820936,0.,77.6622091820946));
#9210=VECTOR('',#9211,1.);
#9211=DIRECTION('',(0.,0.,1.));
#9212=CARTESIAN_POINT('',(-99.3999999999998,0.,77.6622091820946));
#9213=CARTESIAN_POINT('',(-99.3999999999998,0.,77.6622091820946));
#9214=VECTOR('',#9215,1.);
#9215=DIRECTION('',(1.,0.,-1.17673128339669E-14));
#9216=CARTESIAN_POINT('',(-99.4,0.,79.6507575950824));
#9217=VECTOR('',#9218,1.);
#9218=DIRECTION('',(1.07195187874632E-13,0.,-1.));
#9219=CARTESIAN_POINT('',(-101.924621202459,109.350284008479,87.0753787975411));
#9220=CARTESIAN_POINT('',(-101.546698931713,109.814420992928,87.4533010682871));
#9221=CARTESIAN_POINT('',(-101.168776660967,110.278557977378,87.8312233390331));
#9222=CARTESIAN_POINT('',(-100.363534644139,111.161796641218,88.6364653558606));
#9223=CARTESIAN_POINT('',(-99.9362148980579,111.580898320609,89.063785101942));
#9224=CARTESIAN_POINT('',(-99.5088951519764,112.,89.4911048480235));
#9225=CARTESIAN_POINT('',(-101.924621202459,109.350284008479,-87.0753787975412));
#9226=CARTESIAN_POINT('',(-99.5088951519764,112.,-89.4911048480235));
#9227=CARTESIAN_POINT('',(-99.9362148980579,111.580898320609,-89.063785101942));
#9228=CARTESIAN_POINT('',(-100.363534644139,111.161796641218,-88.6364653558606));
#9229=CARTESIAN_POINT('',(-101.168776660967,110.278557977378,-87.8312233390332));
#9230=CARTESIAN_POINT('',(-101.546698931713,109.814420992928,-87.4533010682872));
#9231=CARTESIAN_POINT('',(-101.924621202459,109.350284008479,-87.0753787975412));
#9232=CARTESIAN_POINT('',(-101.924621202459,109.350284008479,-87.0753787975412));
#9233=VECTOR('',#9234,1.);
#9234=DIRECTION('',(0.,1.,0.));
#9235=CARTESIAN_POINT('',(101.924621202459,109.350284008479,-87.0753787975411));
#9236=CARTESIAN_POINT('',(101.546698931713,109.814420992928,-87.4533010682871));
#9237=CARTESIAN_POINT('',(101.168776660967,110.278557977378,-87.8312233390331));
#9238=CARTESIAN_POINT('',(100.363534644139,111.161796641218,-88.6364653558606));
#9239=CARTESIAN_POINT('',(99.9362148980579,111.580898320609,-89.0637851019421));
#9240=CARTESIAN_POINT('',(99.5088951519764,112.,-89.4911048480235));
#9241=CARTESIAN_POINT('',(101.924621202459,109.350284008479,87.0753787975412));
#9242=CARTESIAN_POINT('',(99.5088951519765,112.,89.4911048480235));
#9243=CARTESIAN_POINT('',(99.9362148980579,111.580898320609,89.0637851019421));
#9244=CARTESIAN_POINT('',(100.363534644139,111.161796641218,88.6364653558607));
#9245=CARTESIAN_POINT('',(101.168776660967,110.278557977378,87.8312233390332));
#9246=CARTESIAN_POINT('',(101.546698931713,109.814420992928,87.4533010682872));
#9247=CARTESIAN_POINT('',(101.924621202459,109.350284008479,87.0753787975412));
#9248=CARTESIAN_POINT('',(101.924621202459,109.350284008479,87.0753787975412));
#9249=VECTOR('',#9250,1.);
#9250=DIRECTION('',(0.,1.,0.));
#9251=CARTESIAN_POINT('',(-91.,108.5,-78.2010101267766));
#9252=CARTESIAN_POINT('',(-91.,108.5,-78.2010101267766));
#9253=VECTOR('',#9254,1.);
#9254=DIRECTION('',(0.,1.,0.));
#9255=CARTESIAN_POINT('',(-78.2010101267766,108.5,-91.));
#9256=CARTESIAN_POINT('',(-78.2010101267766,108.5,-91.));
#9257=VECTOR('',#9258,1.);
#9258=DIRECTION('',(-0.707106781186548,0.,0.707106781186548));
#9259=CARTESIAN_POINT('',(-78.2010101267766,108.5,-91.));
#9260=VECTOR('',#9261,1.);
#9261=DIRECTION('',(0.,1.,0.));
#9262=CARTESIAN_POINT('',(78.2010101267767,108.5,-91.));
#9263=CARTESIAN_POINT('',(78.2010101267767,108.5,-91.));
#9264=VECTOR('',#9265,1.);
#9265=DIRECTION('',(-1.,0.,0.));
#9266=CARTESIAN_POINT('',(78.2010101267767,108.5,-91.));
#9267=VECTOR('',#9268,1.);
#9268=DIRECTION('',(0.,1.,0.));
#9269=CARTESIAN_POINT('',(91.,108.5,-78.2010101267766));
#9270=CARTESIAN_POINT('',(91.,108.5,-78.2010101267766));
#9271=VECTOR('',#9272,1.);
#9272=DIRECTION('',(-0.707106781186547,0.,-0.707106781186548));
#9273=CARTESIAN_POINT('',(91.,108.5,-78.2010101267766));
#9274=VECTOR('',#9275,1.);
#9275=DIRECTION('',(0.,1.,0.));
#9276=CARTESIAN_POINT('',(91.,108.5,78.2010101267766));
#9277=CARTESIAN_POINT('',(91.,108.5,78.2010101267766));
#9278=VECTOR('',#9279,1.);
#9279=DIRECTION('',(-1.817221375039E-16,0.,-1.));
#9280=CARTESIAN_POINT('',(91.,108.5,78.2010101267766));
#9281=VECTOR('',#9282,1.);
#9282=DIRECTION('',(0.,1.,0.));
#9283=CARTESIAN_POINT('',(78.2010101267766,108.5,91.));
#9284=CARTESIAN_POINT('',(78.2010101267766,108.5,91.));
#9285=VECTOR('',#9286,1.);
#9286=DIRECTION('',(0.707106781186549,0.,-0.707106781186546));
#9287=CARTESIAN_POINT('',(78.2010101267766,108.5,91.));
#9288=VECTOR('',#9289,1.);
#9289=DIRECTION('',(0.,1.,0.));
#9290=CARTESIAN_POINT('',(-78.2010101267767,108.5,91.));
#9291=CARTESIAN_POINT('',(-78.2010101267767,108.5,91.));
#9292=VECTOR('',#9293,1.);
#9293=DIRECTION('',(1.,0.,0.));
#9294=CARTESIAN_POINT('',(-78.2010101267767,108.5,91.));
#9295=VECTOR('',#9296,1.);
#9296=DIRECTION('',(0.,1.,0.));
#9297=CARTESIAN_POINT('',(-91.,108.5,78.2010101267766));
#9298=CARTESIAN_POINT('',(-91.,108.5,78.2010101267766));
#9299=VECTOR('',#9300,1.);
#9300=DIRECTION('',(0.707106781186546,0.,0.707106781186549));
#9301=CARTESIAN_POINT('',(-91.,108.5,78.2010101267766));
#9302=VECTOR('',#9303,1.);
#9303=DIRECTION('',(0.,1.,0.));
#9304=CARTESIAN_POINT('',(-91.,108.5,-78.2010101267766));
#9305=VECTOR('',#9306,1.);
#9306=DIRECTION('',(1.817221375039E-16,0.,1.));
#9307=CARTESIAN_POINT('',(-101.924621197335,109.350284006838,-87.0753788026654));
#9308=CARTESIAN_POINT('',(-102.048740418009,109.083435625856,-86.9513192405449));
#9309=CARTESIAN_POINT('',(-102.290165744864,108.545620701839,-86.6973939389752));
#9310=CARTESIAN_POINT('',(-102.628821339888,107.729019492282,-86.3039290011131));
#9311=CARTESIAN_POINT('',(-102.944341336471,106.892920796572,-85.8984244426053));
#9312=CARTESIAN_POINT('',(-103.237698130896,106.037567184916,-85.4808378285496));
#9313=CARTESIAN_POINT('',(-103.511367043239,105.160333536747,-85.0482030534471));
#9314=CARTESIAN_POINT('',(-103.764144129791,104.260872077704,-84.6020570467885));
#9315=CARTESIAN_POINT('',(-103.99661527486,103.335609412918,-84.1403095030991));
#9316=CARTESIAN_POINT('',(-104.207172220749,102.388756470936,-83.6647892332533));
#9317=CARTESIAN_POINT('',(-104.394391805226,101.42226997421,-83.1780182553236));
#9318=CARTESIAN_POINT('',(-104.557361879614,100.44398968957,-82.6823618504169));
#9319=CARTESIAN_POINT('',(-104.69483428986,99.4569094143067,-82.1817151324852));
#9320=CARTESIAN_POINT('',(-104.806927302885,98.4662929070635,-81.6770362744165));
#9321=CARTESIAN_POINT('',(-104.89351643418,97.4740919888693,-81.1712863521505));
#9322=CARTESIAN_POINT('',(-104.955057031661,96.4821710113017,-80.6643962282411));
#9323=CARTESIAN_POINT('',(-104.991786885625,95.4923448589277,-80.158296795203));
#9324=CARTESIAN_POINT('',(-104.999985018744,94.8301827595065,-79.8196161570408));
#9325=CARTESIAN_POINT('',(-105.,94.4999999999987,-79.6507575950825));
#9326=CARTESIAN_POINT('',(-87.0754033259733,70.7763557423465,-101.924636178458));
#9327=CARTESIAN_POINT('',(-87.0405482042388,70.7665851418037,-101.959489105507));
#9328=CARTESIAN_POINT('',(-86.9703065271594,70.7471822863588,-102.028741869417));
#9329=CARTESIAN_POINT('',(-86.8635193796972,70.7186795070104,-102.1310981636));
#9330=CARTESIAN_POINT('',(-86.7551616403546,70.6908839476148,-102.232067906361));
#9331=CARTESIAN_POINT('',(-86.645291610928,70.6639557624885,-102.331590522861));
#9332=CARTESIAN_POINT('',(-86.5341801438043,70.6381013853442,-102.429426082636));
#9333=CARTESIAN_POINT('',(-86.4220826091933,70.613516913066,-102.525366963834));
#9334=CARTESIAN_POINT('',(-86.309328979267,70.5903922500182,-102.619165861861));
#9335=CARTESIAN_POINT('',(-86.1958968269747,70.5688439802202,-102.710885968339));
#9336=CARTESIAN_POINT('',(-86.0820548710543,70.5489975775442,-102.800355791837));
#9337=CARTESIAN_POINT('',(-85.9679248601342,70.53038597442,-102.887537564138));
#9338=CARTESIAN_POINT('',(-85.8539087605268,70.5132304336944,-102.972197008071));
#9339=CARTESIAN_POINT('',(-85.7398407092529,70.4975207593836,-103.054533906396));
#9340=CARTESIAN_POINT('',(-85.6259654745438,70.4833374633108,-103.134443244514));
#9341=CARTESIAN_POINT('',(-85.512122877014,70.4706941520918,-103.21210779246));
#9342=CARTESIAN_POINT('',(-85.3985715313174,70.4596467616431,-103.287423302648));
#9343=CARTESIAN_POINT('',(-85.2849229294937,70.4501901477392,-103.360711263697));
#9344=CARTESIAN_POINT('',(-85.1713940116851,70.4423590027935,-103.431884418035));
#9345=CARTESIAN_POINT('',(-85.0579479716569,70.4358440167264,-103.501014941437));
#9346=CARTESIAN_POINT('',(-84.9451189902084,70.430768203665,-103.567839541671));
#9347=CARTESIAN_POINT('',(-84.8326793324667,70.4271232416165,-103.632561188738));
#9348=CARTESIAN_POINT('',(-84.7208716640393,70.4249382576731,-103.6951026331));
#9349=CARTESIAN_POINT('',(-84.6094350302172,70.4242209038007,-103.755668962675));
#9350=CARTESIAN_POINT('',(-84.4986039069005,70.4249830484332,-103.814191650689));
#9351=CARTESIAN_POINT('',(-84.3878739477668,70.4272355307101,-103.870986409988));
#9352=CARTESIAN_POINT('',(-84.2772362583179,70.431017819054,-103.926091642936));
#9353=CARTESIAN_POINT('',(-84.1665196089369,70.4361112680144,-103.9796202863));
#9354=CARTESIAN_POINT('',(-84.0560929249102,70.442544791483,-104.031427558017));
#9355=CARTESIAN_POINT('',(-83.9457936283972,70.4503327372144,-104.081626763078));
#9356=CARTESIAN_POINT('',(-83.8358568314205,70.4594741406195,-104.130146239244));
#9357=CARTESIAN_POINT('',(-83.7262403054035,70.469985171756,-104.177041612765));
#9358=CARTESIAN_POINT('',(-83.6172590008026,70.4818436237288,-104.222216083637));
#9359=CARTESIAN_POINT('',(-83.5086580218357,70.4950952012306,-104.265816478837));
#9360=CARTESIAN_POINT('',(-83.4004729574591,70.5097096615906,-104.307861847425));
#9361=CARTESIAN_POINT('',(-83.2924952154117,70.525587389144,-104.348461695839));
#9362=CARTESIAN_POINT('',(-83.1849432526974,70.542732915628,-104.387562856479));
#9363=CARTESIAN_POINT('',(-83.0776752591125,70.5611628363996,-104.425246844656));
#9364=CARTESIAN_POINT('',(-82.9707827386742,70.5808677121698,-104.461508640605));
#9365=CARTESIAN_POINT('',(-82.8641268455601,70.6018782181989,-104.496420805931));
#9366=CARTESIAN_POINT('',(-82.7577921975834,70.6241808845608,-104.529978985022));
#9367=CARTESIAN_POINT('',(-82.6515436285091,70.6478424800014,-104.562276762601));
#9368=CARTESIAN_POINT('',(-82.54502244818,70.6729309497223,-104.593432870306));
#9369=CARTESIAN_POINT('',(-82.4378478442445,70.6995052512398,-104.623553019458));
#9370=CARTESIAN_POINT('',(-82.3295674920614,70.7277279721561,-104.652745246542));
#9371=CARTESIAN_POINT('',(-82.2201506796396,70.7576545519135,-104.680988838055));
#9372=CARTESIAN_POINT('',(-82.096327828743,70.7931447982577,-104.711526724766));
#9373=CARTESIAN_POINT('',(-81.957971127579,70.8349745952725,-104.743773020768));
#9374=CARTESIAN_POINT('',(-81.8048262141561,70.8841179985137,-104.777082110056));
#9375=CARTESIAN_POINT('',(-81.6624391459666,70.9325237276408,-104.805825442402));
#9376=CARTESIAN_POINT('',(-81.5306526247433,70.9795486368494,-104.830611028303));
#9377=CARTESIAN_POINT('',(-81.408829694369,71.024834055212,-104.852055316899));
#9378=CARTESIAN_POINT('',(-81.2847290103168,71.0728652014606,-104.872379706883));
#9379=CARTESIAN_POINT('',(-81.1578956696708,71.1239416597928,-104.891576063341));
#9380=CARTESIAN_POINT('',(-81.0288647011709,71.1779744250595,-104.9094811451));
#9381=CARTESIAN_POINT('',(-80.8972017944241,71.2352757955873,-104.926069009721));
#9382=CARTESIAN_POINT('',(-80.7639306695268,71.295557941477,-104.94113648777));
#9383=CARTESIAN_POINT('',(-80.6290419345188,71.3589169524801,-104.954632812237));
#9384=CARTESIAN_POINT('',(-80.4929888095755,71.4252262674061,-104.966470165857));
#9385=CARTESIAN_POINT('',(-80.3552055793945,71.4948452878208,-104.976648087952));
#9386=CARTESIAN_POINT('',(-80.216158298151,71.5676699541731,-104.985079314347));
#9387=CARTESIAN_POINT('',(-80.0757186318672,71.6437215298809,-104.99171861325));
#9388=CARTESIAN_POINT('',(-79.9346360254665,71.723192220248,-104.996492485171));
#9389=CARTESIAN_POINT('',(-79.7928780684968,71.8058202501868,-104.999376953603));
#9390=CARTESIAN_POINT('',(-79.6982098080382,71.8623732600609,-105.000019232658));
#9391=CARTESIAN_POINT('',(-79.6507387769018,71.8909655099668,-105.000021250695));
#9392=CARTESIAN_POINT('',(101.924621197335,109.350284006838,87.0753788026654));
#9393=CARTESIAN_POINT('',(102.048740418034,109.083435625978,86.95131924052));
#9394=CARTESIAN_POINT('',(102.290165744904,108.545620702145,86.6973939388218));
#9395=CARTESIAN_POINT('',(102.628821339864,107.729019492736,86.3039290007265));
#9396=CARTESIAN_POINT('',(102.944341336378,106.892920796931,85.8984244420971));
#9397=CARTESIAN_POINT('',(103.237698130758,106.037567185003,85.4808378281849));
#9398=CARTESIAN_POINT('',(103.511367043366,105.160333536487,85.0482030536572));
#9399=CARTESIAN_POINT('',(103.764144130031,104.26087207732,84.6020570471712));
#9400=CARTESIAN_POINT('',(103.996615275084,103.335609412525,84.1403095034003));
#9401=CARTESIAN_POINT('',(104.207172220901,102.388756470607,83.6647892333082));
#9402=CARTESIAN_POINT('',(104.39439180526,101.422269973951,83.178018255174));
#9403=CARTESIAN_POINT('',(104.557361879529,100.44398968926,82.6823618503681));
#9404=CARTESIAN_POINT('',(104.69483428972,99.4569094139289,82.1817151326688));
#9405=CARTESIAN_POINT('',(104.806927302799,98.466292906779,81.6770362746445));
#9406=CARTESIAN_POINT('',(104.893516434274,97.4740919889977,81.1712863519245));
#9407=CARTESIAN_POINT('',(104.95505703187,96.4821710116046,80.6643962279602));
#9408=CARTESIAN_POINT('',(104.991786885817,95.492344859104,80.1582967951706));
#9409=CARTESIAN_POINT('',(104.999985018828,94.8301827595642,79.8196161570869));
#9410=CARTESIAN_POINT('',(105.,94.4999999999987,79.6507575950825));
#9411=CARTESIAN_POINT('',(87.0754033257174,70.7763557421495,101.924636178146));
#9412=CARTESIAN_POINT('',(87.0405482044757,70.7665851417613,101.959489104713));
#9413=CARTESIAN_POINT('',(86.9703065284005,70.7471822866222,102.028741867685));
#9414=CARTESIAN_POINT('',(86.8635193825006,70.7186795077129,102.131098160527));
#9415=CARTESIAN_POINT('',(86.7551616447775,70.6908839487274,102.232067902017));
#9416=CARTESIAN_POINT('',(86.645291617025,70.6639557639718,102.33159051732));
#9417=CARTESIAN_POINT('',(86.5341801516315,70.6381013871507,102.429426075968));
#9418=CARTESIAN_POINT('',(86.4220826187423,70.6135169151717,102.525366956025));
#9419=CARTESIAN_POINT('',(86.3093289905607,70.5903922523861,102.619165852909));
#9420=CARTESIAN_POINT('',(86.195896840037,70.5688439828028,102.710885958245));
#9421=CARTESIAN_POINT('',(86.082054885903,70.5489975802856,102.800355780621));
#9422=CARTESIAN_POINT('',(85.9679248767752,70.5303859772713,102.88753755184));
#9423=CARTESIAN_POINT('',(85.8539087789467,70.5132304365941,102.972196994753));
#9424=CARTESIAN_POINT('',(85.7398407294376,70.4975207622664,103.054533892127));
#9425=CARTESIAN_POINT('',(85.6259654964605,70.4833374661055,103.134443229384));
#9426=CARTESIAN_POINT('',(85.5121229006307,70.4706941547235,103.212107776562));
#9427=CARTESIAN_POINT('',(85.3985715565843,70.4596467640366,103.287423286091));
#9428=CARTESIAN_POINT('',(85.2849229563927,70.4501901498101,103.360711246581));
#9429=CARTESIAN_POINT('',(85.1713940401812,70.4423590044899,103.431884400446));
#9430=CARTESIAN_POINT('',(85.0579480017123,70.4358440180371,103.501014923427));
#9431=CARTESIAN_POINT('',(84.9451190217617,70.4307682045707,103.567839523311));
#9432=CARTESIAN_POINT('',(84.8326793654668,70.4271232421014,103.632561170086));
#9433=CARTESIAN_POINT('',(84.7208716984197,70.4249382577223,103.695102614221));
#9434=CARTESIAN_POINT('',(84.6094350659219,70.4242209034003,103.755668943625));
#9435=CARTESIAN_POINT('',(84.498603943857,70.4249830475707,103.814191631529));
#9436=CARTESIAN_POINT('',(84.3878739859266,70.4272355293752,103.870986390765));
#9437=CARTESIAN_POINT('',(84.2772362976216,70.4310178172265,103.926091623702));
#9438=CARTESIAN_POINT('',(84.1665196493288,70.4361112656838,103.979620267103));
#9439=CARTESIAN_POINT('',(84.0560929662955,70.4425447886431,104.031427538919));
#9440=CARTESIAN_POINT('',(83.9457936706853,70.4503327338524,104.081626744138));
#9441=CARTESIAN_POINT('',(83.835856874467,70.4594741367251,104.130146220536));
#9442=CARTESIAN_POINT('',(83.7262403490741,70.4699851673151,104.177041594362));
#9443=CARTESIAN_POINT('',(83.6172590449504,70.4818436187357,104.222216065616));
#9444=CARTESIAN_POINT('',(83.5086580663828,70.4950951956669,104.265816461235));
#9445=CARTESIAN_POINT('',(83.4004730023384,70.5097096554355,104.307861830272));
#9446=CARTESIAN_POINT('',(83.2924952605734,70.5255873823755,104.348461679153));
#9447=CARTESIAN_POINT('',(83.1849432980658,70.5427329082326,104.387562840282));
#9448=CARTESIAN_POINT('',(83.0776753046267,70.5611628283649,104.425246828959));
#9449=CARTESIAN_POINT('',(82.9707827842565,70.5808677034884,104.461508625421));
#9450=CARTESIAN_POINT('',(82.8641268911337,70.6018782088739,104.496420791267));
#9451=CARTESIAN_POINT('',(82.7577922430553,70.6241808746532,104.529978970899));
#9452=CARTESIAN_POINT('',(82.6515436738023,70.6478424695563,104.562276749034));
#9453=CARTESIAN_POINT('',(82.5450224932058,70.6729309387791,104.593432857319));
#9454=CARTESIAN_POINT('',(82.437847888917,70.6995052398268,104.623553007075));
#9455=CARTESIAN_POINT('',(82.3295675362542,70.7277279603081,104.652745234799));
#9456=CARTESIAN_POINT('',(82.2201507232406,70.7576545396587,104.680988826986));
#9457=CARTESIAN_POINT('',(82.0963278714496,70.7931447856071,104.711526714515));
#9458=CARTESIAN_POINT('',(81.957971169057,70.8349745822448,104.743773011483));
#9459=CARTESIAN_POINT('',(81.8048262540232,70.884117985223,104.777082101791));
#9460=CARTESIAN_POINT('',(81.6624391841449,70.9325237142333,104.805825435047));
#9461=CARTESIAN_POINT('',(81.5306526611899,70.9795486234509,104.830611021754));
#9462=CARTESIAN_POINT('',(81.4088297290334,71.0248340419397,104.852055311075));
#9463=CARTESIAN_POINT('',(81.2847290430423,71.0728651884215,104.872379701762));
#9464=CARTESIAN_POINT('',(81.1578957002809,71.1239416471093,104.891576058902));
#9465=CARTESIAN_POINT('',(81.0288647295278,71.1779744128494,104.909481141314));
#9466=CARTESIAN_POINT('',(80.8972018203642,71.2352757839888,104.92606900656));
#9467=CARTESIAN_POINT('',(80.7639306929459,71.2955579306133,104.941136485197));
#9468=CARTESIAN_POINT('',(80.6290419553082,71.3589169424816,104.954632810215));
#9469=CARTESIAN_POINT('',(80.4929888276529,71.4252262583994,104.966470164348));
#9470=CARTESIAN_POINT('',(80.3552055946404,71.4948452799517,104.976648086927));
#9471=CARTESIAN_POINT('',(80.2161583104791,71.5676699475918,104.985079313764));
#9472=CARTESIAN_POINT('',(80.0757186411771,71.6437215247381,104.991718613028));
#9473=CARTESIAN_POINT('',(79.9346360317604,71.7231922167875,104.996492485226));
#9474=CARTESIAN_POINT('',(79.792878071683,71.8058202484651,104.999376953845));
#9475=CARTESIAN_POINT('',(79.6982098091484,71.8623732595495,105.00001923296));
#9476=CARTESIAN_POINT('',(79.6507387769674,71.8909655100743,105.00002125101));
#9477=CARTESIAN_POINT('',(69.9622091820936,112.,102.9));
#9478=VECTOR('',#9479,1.);
#9479=DIRECTION('',(0.,-1.,0.));
#9480=CARTESIAN_POINT('',(72.0622091820936,112.,102.9));
#9481=VECTOR('',#9482,1.);
#9482=DIRECTION('',(0.,-1.,0.));
#9483=CARTESIAN_POINT('',(-72.0622091820936,112.,102.9));
#9484=VECTOR('',#9485,1.);
#9485=DIRECTION('',(0.,-1.,0.));
#9486=CARTESIAN_POINT('',(-69.9622091820936,112.,102.9));
#9487=VECTOR('',#9488,1.);
#9488=DIRECTION('',(0.,-1.,0.));
#9489=CARTESIAN_POINT('',(-52.9349242404918,74.0218009967973,102.9));
#9490=CARTESIAN_POINT('',(-52.9349242404917,74.0218009967973,102.9));
#9491=VECTOR('',#9492,1.);
#9492=DIRECTION('',(0.,0.,1.));
#9493=CARTESIAN_POINT('',(52.9349242404917,74.0218009967974,102.9));
#9494=CARTESIAN_POINT('',(52.9349242404917,74.0218009967974,102.9));
#9495=VECTOR('',#9496,1.);
#9496=DIRECTION('',(-1.,-2.68458960111851E-16,0.));
#9497=CARTESIAN_POINT('',(52.9349242404917,74.0218009967974,102.9));
#9498=VECTOR('',#9499,1.);
#9499=DIRECTION('',(0.,0.,1.));
#9500=CARTESIAN_POINT('',(60.55,66.4067252372891,102.9));
#9501=CARTESIAN_POINT('',(60.55,66.4067252372891,102.9));
#9502=VECTOR('',#9503,1.);
#9503=DIRECTION('',(-0.707106781186548,0.707106781186547,0.));
#9504=CARTESIAN_POINT('',(60.55,66.4067252372891,102.9));
#9505=VECTOR('',#9506,1.);
#9506=DIRECTION('',(0.,0.,1.));
#9507=CARTESIAN_POINT('',(60.55,16.5368767563056,102.9));
#9508=CARTESIAN_POINT('',(60.55,16.5368767563056,102.9));
#9509=VECTOR('',#9510,1.);
#9510=DIRECTION('',(-5.69917701699893E-16,1.,0.));
#9511=CARTESIAN_POINT('',(60.55,16.5368767563056,102.9));
#9512=VECTOR('',#9513,1.);
#9513=DIRECTION('',(0.,0.,1.));
#9514=CARTESIAN_POINT('',(52.9349242404917,8.92180099679735,102.9));
#9515=CARTESIAN_POINT('',(52.9349242404917,8.92180099679734,102.9));
#9516=VECTOR('',#9517,1.);
#9517=DIRECTION('',(0.707106781186549,0.707106781186546,0.));
#9518=CARTESIAN_POINT('',(52.9349242404917,8.92180099679734,102.9));
#9519=VECTOR('',#9520,1.);
#9520=DIRECTION('',(0.,0.,1.));
#9521=CARTESIAN_POINT('',(-52.9349242404918,8.92180099679733,102.9));
#9522=CARTESIAN_POINT('',(-52.9349242404918,8.92180099679733,102.9));
#9523=VECTOR('',#9524,1.);
#9524=DIRECTION('',(1.,1.84565535076897E-16,0.));
#9525=CARTESIAN_POINT('',(-52.9349242404918,8.92180099679733,102.9));
#9526=VECTOR('',#9527,1.);
#9527=DIRECTION('',(0.,0.,1.));
#9528=CARTESIAN_POINT('',(-60.55,16.5368767563056,102.9));
#9529=CARTESIAN_POINT('',(-60.55,16.5368767563056,102.9));
#9530=VECTOR('',#9531,1.);
#9531=DIRECTION('',(0.707106781186547,-0.707106781186548,0.));
#9532=CARTESIAN_POINT('',(-60.55,16.5368767563056,102.9));
#9533=VECTOR('',#9534,1.);
#9534=DIRECTION('',(0.,0.,1.));
#9535=CARTESIAN_POINT('',(-60.55,66.4067252372891,102.9));
#9536=CARTESIAN_POINT('',(-60.55,66.4067252372891,102.9));
#9537=VECTOR('',#9538,1.);
#9538=DIRECTION('',(0.,-1.,0.));
#9539=CARTESIAN_POINT('',(-60.55,66.4067252372891,102.9));
#9540=VECTOR('',#9541,1.);
#9541=DIRECTION('',(0.,0.,1.));
#9542=CARTESIAN_POINT('',(-52.9349242404918,74.0218009967973,102.9));
#9543=VECTOR('',#9544,1.);
#9544=DIRECTION('',(-0.707106781186547,-0.707106781186547,0.));
#9545=CARTESIAN_POINT('',(58.45,65.5368767563056,102.9));
#9546=CARTESIAN_POINT('',(52.0650757595082,71.9218009967973,102.9));
#9547=CARTESIAN_POINT('',(58.45,65.5368767563056,102.9));
#9548=VECTOR('',#9549,1.);
#9549=DIRECTION('',(-0.707106781186548,0.707106781186547,0.));
#9550=CARTESIAN_POINT('',(58.45,17.4067252372891,102.9));
#9551=CARTESIAN_POINT('',(58.45,17.4067252372891,102.9));
#9552=VECTOR('',#9553,1.);
#9553=DIRECTION('',(-5.90517763468383E-16,1.,0.));
#9554=CARTESIAN_POINT('',(52.0650757595082,11.0218009967973,102.9));
#9555=CARTESIAN_POINT('',(52.0650757595082,11.0218009967973,102.9));
#9556=VECTOR('',#9557,1.);
#9557=DIRECTION('',(0.707106781186549,0.707106781186546,0.));
#9558=CARTESIAN_POINT('',(-52.0650757595083,11.0218009967973,102.9));
#9559=CARTESIAN_POINT('',(-52.0650757595083,11.0218009967973,102.9));
#9560=VECTOR('',#9561,1.);
#9561=DIRECTION('',(1.,1.70590056144867E-16,0.));
#9562=CARTESIAN_POINT('',(-58.45,17.4067252372891,102.9));
#9563=CARTESIAN_POINT('',(-58.45,17.4067252372891,102.9));
#9564=VECTOR('',#9565,1.);
#9565=DIRECTION('',(0.707106781186548,-0.707106781186547,0.));
#9566=CARTESIAN_POINT('',(-58.45,65.5368767563056,102.9));
#9567=CARTESIAN_POINT('',(-58.45,65.5368767563056,102.9));
#9568=VECTOR('',#9569,1.);
#9569=DIRECTION('',(0.,-1.,0.));
#9570=CARTESIAN_POINT('',(-52.0650757595083,71.9218009967973,102.9));
#9571=CARTESIAN_POINT('',(-52.0650757595083,71.9218009967973,102.9));
#9572=VECTOR('',#9573,1.);
#9573=DIRECTION('',(-0.707106781186547,-0.707106781186547,0.));
#9574=CARTESIAN_POINT('',(52.0650757595082,71.9218009967973,102.9));
#9575=VECTOR('',#9576,1.);
#9576=DIRECTION('',(-1.,-2.72944089831787E-16,0.));
#9577=CARTESIAN_POINT('',(52.0650757595082,71.9218009967973,105.));
#9578=CARTESIAN_POINT('',(-52.0650757595083,71.9218009967973,105.));
#9579=CARTESIAN_POINT('',(52.0650757595082,71.9218009967973,105.));
#9580=VECTOR('',#9581,1.);
#9581=DIRECTION('',(-1.,-2.72944089831787E-16,0.));
#9582=CARTESIAN_POINT('',(52.0650757595082,71.9218009967973,102.9));
#9583=VECTOR('',#9584,1.);
#9584=DIRECTION('',(0.,0.,1.));
#9585=CARTESIAN_POINT('',(-52.0650757595083,71.9218009967973,102.9));
#9586=VECTOR('',#9587,1.);
#9587=DIRECTION('',(0.,0.,1.));
#9588=CARTESIAN_POINT('',(58.45,65.5368767563056,105.));
#9589=CARTESIAN_POINT('',(58.45,65.5368767563056,105.));
#9590=VECTOR('',#9591,1.);
#9591=DIRECTION('',(-0.707106781186549,0.707106781186546,0.));
#9592=CARTESIAN_POINT('',(58.45,65.5368767563056,102.9));
#9593=VECTOR('',#9594,1.);
#9594=DIRECTION('',(0.,0.,1.));
#9595=CARTESIAN_POINT('',(58.45,17.4067252372891,105.));
#9596=CARTESIAN_POINT('',(58.45,17.4067252372891,105.));
#9597=VECTOR('',#9598,1.);
#9598=DIRECTION('',(-5.90517763468383E-16,1.,0.));
#9599=CARTESIAN_POINT('',(58.45,17.4067252372891,102.9));
#9600=VECTOR('',#9601,1.);
#9601=DIRECTION('',(0.,0.,1.));
#9602=CARTESIAN_POINT('',(52.0650757595082,11.0218009967973,105.));
#9603=CARTESIAN_POINT('',(52.0650757595082,11.0218009967973,105.));
#9604=VECTOR('',#9605,1.);
#9605=DIRECTION('',(0.70710678118655,0.707106781186545,0.));
#9606=CARTESIAN_POINT('',(52.0650757595082,11.0218009967973,102.9));
#9607=VECTOR('',#9608,1.);
#9608=DIRECTION('',(0.,0.,1.));
#9609=CARTESIAN_POINT('',(-52.0650757595083,11.0218009967973,105.));
#9610=CARTESIAN_POINT('',(-52.0650757595083,11.0218009967973,105.));
#9611=VECTOR('',#9612,1.);
#9612=DIRECTION('',(1.,2.38826078602813E-16,0.));
#9613=CARTESIAN_POINT('',(-52.0650757595083,11.0218009967973,102.9));
#9614=VECTOR('',#9615,1.);
#9615=DIRECTION('',(0.,0.,1.));
#9616=CARTESIAN_POINT('',(-58.45,17.4067252372891,105.));
#9617=CARTESIAN_POINT('',(-58.45,17.4067252372891,105.));
#9618=VECTOR('',#9619,1.);
#9619=DIRECTION('',(0.707106781186548,-0.707106781186547,0.));
#9620=CARTESIAN_POINT('',(-58.45,17.4067252372891,102.9));
#9621=VECTOR('',#9622,1.);
#9622=DIRECTION('',(0.,0.,1.));
#9623=CARTESIAN_POINT('',(-58.45,65.5368767563056,105.));
#9624=CARTESIAN_POINT('',(-58.45,65.5368767563056,105.));
#9625=VECTOR('',#9626,1.);
#9626=DIRECTION('',(0.,-1.,0.));
#9627=CARTESIAN_POINT('',(-58.45,65.5368767563056,102.9));
#9628=VECTOR('',#9629,1.);
#9629=DIRECTION('',(0.,0.,1.));
#9630=CARTESIAN_POINT('',(-52.0650757595083,71.9218009967973,105.));
#9631=VECTOR('',#9632,1.);
#9632=DIRECTION('',(-0.707106781186548,-0.707106781186547,0.));
#9633=CARTESIAN_POINT('',(102.9,112.,72.0622091820932));
#9634=VECTOR('',#9635,1.);
#9635=DIRECTION('',(0.,-1.,0.));
#9636=CARTESIAN_POINT('',(102.9,112.,69.9622091820932));
#9637=VECTOR('',#9638,1.);
#9638=DIRECTION('',(0.,-1.,0.));
#9639=CARTESIAN_POINT('',(-102.899999999999,112.,69.9622091820947));
#9640=VECTOR('',#9641,1.);
#9641=DIRECTION('',(0.,-1.,0.));
#9642=CARTESIAN_POINT('',(-102.899999999999,112.,72.0622091820946));
#9643=VECTOR('',#9644,1.);
#9644=DIRECTION('',(0.,-1.,0.));
#9645=CARTESIAN_POINT('',(-102.900000000001,112.,-72.0622091820925));
#9646=VECTOR('',#9647,1.);
#9647=DIRECTION('',(0.,-1.,0.));
#9648=CARTESIAN_POINT('',(-102.900000000001,112.,-69.9622091820925));
#9649=VECTOR('',#9650,1.);
#9650=DIRECTION('',(0.,-1.,0.));
#9651=CARTESIAN_POINT('',(-69.9622091820936,112.,-102.9));
#9652=VECTOR('',#9653,1.);
#9653=DIRECTION('',(0.,-1.,0.));
#9654=CARTESIAN_POINT('',(-72.0622091820936,112.,-102.9));
#9655=VECTOR('',#9656,1.);
#9656=DIRECTION('',(0.,-1.,0.));
#9657=CARTESIAN_POINT('',(72.0622091820936,112.,-102.9));
#9658=VECTOR('',#9659,1.);
#9659=DIRECTION('',(0.,-1.,0.));
#9660=CARTESIAN_POINT('',(69.9622091820936,112.,-102.9));
#9661=VECTOR('',#9662,1.);
#9662=DIRECTION('',(0.,-1.,0.));
#9663=CARTESIAN_POINT('',(102.9,112.,-69.9622091820939));
#9664=VECTOR('',#9665,1.);
#9665=DIRECTION('',(0.,-1.,0.));
#9666=CARTESIAN_POINT('',(102.9,112.,-72.0622091820939));
#9667=VECTOR('',#9668,1.);
#9668=DIRECTION('',(0.,-1.,0.));
#9669=CARTESIAN_POINT('',(-98.,74.0218009967973,-52.9349242404907));
#9670=CARTESIAN_POINT('',(-98.,74.0218009967973,-52.9349242404907));
#9671=VECTOR('',#9672,1.);
#9672=DIRECTION('',(-1.,0.,1.11656715619444E-14));
#9673=CARTESIAN_POINT('',(-98.,74.0218009967974,52.9349242404928));
#9674=CARTESIAN_POINT('',(-98.,74.0218009967974,52.9349242404928));
#9675=VECTOR('',#9676,1.);
#9676=DIRECTION('',(-1.34229480055925E-16,-2.68458960111851E-16,-1.));
#9677=CARTESIAN_POINT('',(-98.,74.0218009967974,52.9349242404927));
#9678=VECTOR('',#9679,1.);
#9679=DIRECTION('',(-1.,0.,1.11656715619453E-14));
#9680=CARTESIAN_POINT('',(-98.,66.4067252372891,60.5500000000011));
#9681=CARTESIAN_POINT('',(-98.,66.4067252372891,60.5500000000011));
#9682=VECTOR('',#9683,1.);
#9683=DIRECTION('',(0.,0.707106781186547,-0.707106781186548));
#9684=CARTESIAN_POINT('',(-98.,66.4067252372891,60.550000000001));
#9685=VECTOR('',#9686,1.);
#9686=DIRECTION('',(-1.,0.,1.11656715619454E-14));
#9687=CARTESIAN_POINT('',(-98.,16.5368767563056,60.5500000000011));
#9688=CARTESIAN_POINT('',(-98.,16.5368767563056,60.5500000000011));
#9689=VECTOR('',#9690,1.);
#9690=DIRECTION('',(0.,1.,-4.2743827627492E-16));
#9691=CARTESIAN_POINT('',(-98.,16.5368767563056,60.5500000000011));
#9692=VECTOR('',#9693,1.);
#9693=DIRECTION('',(-1.,0.,1.11656715619454E-14));
#9694=CARTESIAN_POINT('',(-98.,8.92180099679735,52.9349242404928));
#9695=CARTESIAN_POINT('',(-98.,8.92180099679736,52.9349242404928));
#9696=VECTOR('',#9697,1.);
#9697=DIRECTION('',(0.,0.707106781186546,0.707106781186549));
#9698=CARTESIAN_POINT('',(-98.,8.92180099679735,52.9349242404928));
#9699=VECTOR('',#9700,1.);
#9700=DIRECTION('',(-1.,0.,1.11656715619453E-14));
#9701=CARTESIAN_POINT('',(-98.,8.92180099679733,-52.9349242404907));
#9702=CARTESIAN_POINT('',(-98.,8.92180099679733,-52.9349242404907));
#9703=VECTOR('',#9704,1.);
#9704=DIRECTION('',(1.34229480055925E-16,1.84565535076897E-16,1.));
#9705=CARTESIAN_POINT('',(-98.,8.92180099679733,-52.9349242404907));
#9706=VECTOR('',#9707,1.);
#9707=DIRECTION('',(-1.,0.,1.01506105108578E-14));
#9708=CARTESIAN_POINT('',(-98.,16.5368767563056,-60.5499999999989));
#9709=CARTESIAN_POINT('',(-98.,16.5368767563056,-60.549999999999));
#9710=VECTOR('',#9711,1.);
#9711=DIRECTION('',(-1.31956556348496E-15,-0.707106781186548,0.707106781186548));
#9712=CARTESIAN_POINT('',(-98.,16.5368767563056,-60.549999999999));
#9713=VECTOR('',#9714,1.);
#9714=DIRECTION('',(-1.,-5.07530525542883E-16,1.11656715619434E-14));
#9715=CARTESIAN_POINT('',(-98.,66.4067252372891,-60.5499999999989));
#9716=CARTESIAN_POINT('',(-98.,66.4067252372891,-60.549999999999));
#9717=VECTOR('',#9718,1.);
#9718=DIRECTION('',(0.,-1.,0.));
#9719=CARTESIAN_POINT('',(-98.,66.4067252372891,-60.549999999999));
#9720=VECTOR('',#9721,1.);
#9721=DIRECTION('',(-1.,-2.03012210217153E-15,1.01506105108577E-14));
#9722=CARTESIAN_POINT('',(-98.,74.0218009967974,-52.9349242404907));
#9723=VECTOR('',#9724,1.);
#9724=DIRECTION('',(1.31956556348495E-15,-0.707106781186548,-0.707106781186547));
#9725=CARTESIAN_POINT('',(52.9349242404918,74.0218009967973,-102.9));
#9726=CARTESIAN_POINT('',(52.9349242404917,74.0218009967973,-102.9));
#9727=VECTOR('',#9728,1.);
#9728=DIRECTION('',(0.,0.,-1.));
#9729=CARTESIAN_POINT('',(-52.9349242404917,74.0218009967974,-102.9));
#9730=CARTESIAN_POINT('',(-52.9349242404917,74.0218009967974,-102.9));
#9731=VECTOR('',#9732,1.);
#9732=DIRECTION('',(1.,-2.68458960111851E-16,0.));
#9733=CARTESIAN_POINT('',(-52.9349242404917,74.0218009967974,-102.9));
#9734=VECTOR('',#9735,1.);
#9735=DIRECTION('',(0.,0.,-1.));
#9736=CARTESIAN_POINT('',(-60.55,66.4067252372891,-102.9));
#9737=CARTESIAN_POINT('',(-60.55,66.4067252372891,-102.9));
#9738=VECTOR('',#9739,1.);
#9739=DIRECTION('',(0.707106781186548,0.707106781186547,0.));
#9740=CARTESIAN_POINT('',(-60.55,66.4067252372891,-102.9));
#9741=VECTOR('',#9742,1.);
#9742=DIRECTION('',(0.,0.,-1.));
#9743=CARTESIAN_POINT('',(-60.55,16.5368767563056,-102.9));
#9744=CARTESIAN_POINT('',(-60.55,16.5368767563056,-102.9));
#9745=VECTOR('',#9746,1.);
#9746=DIRECTION('',(5.69917701699893E-16,1.,0.));
#9747=CARTESIAN_POINT('',(-60.55,16.5368767563056,-102.9));
#9748=VECTOR('',#9749,1.);
#9749=DIRECTION('',(0.,0.,-1.));
#9750=CARTESIAN_POINT('',(-52.9349242404917,8.92180099679735,-102.9));
#9751=CARTESIAN_POINT('',(-52.9349242404917,8.92180099679734,-102.9));
#9752=VECTOR('',#9753,1.);
#9753=DIRECTION('',(-0.707106781186549,0.707106781186546,0.));
#9754=CARTESIAN_POINT('',(-52.9349242404917,8.92180099679734,-102.9));
#9755=VECTOR('',#9756,1.);
#9756=DIRECTION('',(0.,0.,-1.));
#9757=CARTESIAN_POINT('',(52.9349242404918,8.92180099679733,-102.9));
#9758=CARTESIAN_POINT('',(52.9349242404918,8.92180099679733,-102.9));
#9759=VECTOR('',#9760,1.);
#9760=DIRECTION('',(-1.,1.84565535076897E-16,0.));
#9761=CARTESIAN_POINT('',(52.9349242404918,8.92180099679733,-102.9));
#9762=VECTOR('',#9763,1.);
#9763=DIRECTION('',(0.,0.,-1.));
#9764=CARTESIAN_POINT('',(60.55,16.5368767563056,-102.9));
#9765=CARTESIAN_POINT('',(60.55,16.5368767563056,-102.9));
#9766=VECTOR('',#9767,1.);
#9767=DIRECTION('',(-0.707106781186547,-0.707106781186548,0.));
#9768=CARTESIAN_POINT('',(60.55,16.5368767563056,-102.9));
#9769=VECTOR('',#9770,1.);
#9770=DIRECTION('',(0.,0.,-1.));
#9771=CARTESIAN_POINT('',(60.55,66.4067252372891,-102.9));
#9772=CARTESIAN_POINT('',(60.55,66.4067252372891,-102.9));
#9773=VECTOR('',#9774,1.);
#9774=DIRECTION('',(0.,-1.,0.));
#9775=CARTESIAN_POINT('',(60.55,66.4067252372891,-102.9));
#9776=VECTOR('',#9777,1.);
#9777=DIRECTION('',(0.,0.,-1.));
#9778=CARTESIAN_POINT('',(52.9349242404918,74.0218009967973,-102.9));
#9779=VECTOR('',#9780,1.);
#9780=DIRECTION('',(0.707106781186547,-0.707106781186547,0.));
#9781=CARTESIAN_POINT('',(-58.45,65.5368767563056,-102.9));
#9782=CARTESIAN_POINT('',(-52.0650757595082,71.9218009967973,-102.9));
#9783=CARTESIAN_POINT('',(-58.45,65.5368767563056,-102.9));
#9784=VECTOR('',#9785,1.);
#9785=DIRECTION('',(0.707106781186548,0.707106781186547,0.));
#9786=CARTESIAN_POINT('',(-58.45,17.4067252372891,-102.9));
#9787=CARTESIAN_POINT('',(-58.45,17.4067252372891,-102.9));
#9788=VECTOR('',#9789,1.);
#9789=DIRECTION('',(5.90517763468383E-16,1.,0.));
#9790=CARTESIAN_POINT('',(-52.0650757595082,11.0218009967973,-102.9));
#9791=CARTESIAN_POINT('',(-52.0650757595082,11.0218009967973,-102.9));
#9792=VECTOR('',#9793,1.);
#9793=DIRECTION('',(-0.707106781186549,0.707106781186546,0.));
#9794=CARTESIAN_POINT('',(52.0650757595083,11.0218009967973,-102.9));
#9795=CARTESIAN_POINT('',(52.0650757595083,11.0218009967973,-102.9));
#9796=VECTOR('',#9797,1.);
#9797=DIRECTION('',(-1.,1.70590056144867E-16,0.));
#9798=CARTESIAN_POINT('',(58.45,17.4067252372891,-102.9));
#9799=CARTESIAN_POINT('',(58.45,17.4067252372891,-102.9));
#9800=VECTOR('',#9801,1.);
#9801=DIRECTION('',(-0.707106781186548,-0.707106781186547,0.));
#9802=CARTESIAN_POINT('',(58.45,65.5368767563056,-102.9));
#9803=CARTESIAN_POINT('',(58.45,65.5368767563056,-102.9));
#9804=VECTOR('',#9805,1.);
#9805=DIRECTION('',(0.,-1.,0.));
#9806=CARTESIAN_POINT('',(52.0650757595083,71.9218009967973,-102.9));
#9807=CARTESIAN_POINT('',(52.0650757595083,71.9218009967973,-102.9));
#9808=VECTOR('',#9809,1.);
#9809=DIRECTION('',(0.707106781186547,-0.707106781186547,0.));
#9810=CARTESIAN_POINT('',(-52.0650757595082,71.9218009967973,-102.9));
#9811=VECTOR('',#9812,1.);
#9812=DIRECTION('',(1.,-2.72944089831787E-16,0.));
#9813=CARTESIAN_POINT('',(-52.0650757595082,71.9218009967973,-105.));
#9814=CARTESIAN_POINT('',(52.0650757595083,71.9218009967973,-105.));
#9815=CARTESIAN_POINT('',(-52.0650757595082,71.9218009967973,-105.));
#9816=VECTOR('',#9817,1.);
#9817=DIRECTION('',(1.,-2.72944089831787E-16,0.));
#9818=CARTESIAN_POINT('',(-52.0650757595082,71.9218009967973,-102.9));
#9819=VECTOR('',#9820,1.);
#9820=DIRECTION('',(0.,0.,-1.));
#9821=CARTESIAN_POINT('',(52.0650757595083,71.9218009967973,-102.9));
#9822=VECTOR('',#9823,1.);
#9823=DIRECTION('',(0.,0.,-1.));
#9824=CARTESIAN_POINT('',(-58.45,65.5368767563056,-105.));
#9825=CARTESIAN_POINT('',(-58.45,65.5368767563056,-105.));
#9826=VECTOR('',#9827,1.);
#9827=DIRECTION('',(0.707106781186548,0.707106781186547,0.));
#9828=CARTESIAN_POINT('',(-58.45,65.5368767563056,-102.9));
#9829=VECTOR('',#9830,1.);
#9830=DIRECTION('',(0.,0.,-1.));
#9831=CARTESIAN_POINT('',(-58.45,17.4067252372891,-105.));
#9832=CARTESIAN_POINT('',(-58.45,17.4067252372891,-105.));
#9833=VECTOR('',#9834,1.);
#9834=DIRECTION('',(4.42888322601287E-16,1.,0.));
#9835=CARTESIAN_POINT('',(-58.45,17.4067252372891,-102.9));
#9836=VECTOR('',#9837,1.);
#9837=DIRECTION('',(0.,0.,-1.));
#9838=CARTESIAN_POINT('',(-52.0650757595082,11.0218009967973,-105.));
#9839=CARTESIAN_POINT('',(-52.0650757595082,11.0218009967973,-105.));
#9840=VECTOR('',#9841,1.);
#9841=DIRECTION('',(-0.70710678118655,0.707106781186545,0.));
#9842=CARTESIAN_POINT('',(-52.0650757595082,11.0218009967973,-102.9));
#9843=VECTOR('',#9844,1.);
#9844=DIRECTION('',(0.,0.,-1.));
#9845=CARTESIAN_POINT('',(52.0650757595083,11.0218009967973,-105.));
#9846=CARTESIAN_POINT('',(52.0650757595083,11.0218009967973,-105.));
#9847=VECTOR('',#9848,1.);
#9848=DIRECTION('',(-1.,2.38826078602813E-16,0.));
#9849=CARTESIAN_POINT('',(52.0650757595083,11.0218009967973,-102.9));
#9850=VECTOR('',#9851,1.);
#9851=DIRECTION('',(0.,0.,-1.));
#9852=CARTESIAN_POINT('',(58.45,17.4067252372891,-105.));
#9853=CARTESIAN_POINT('',(58.45,17.4067252372891,-105.));
#9854=VECTOR('',#9855,1.);
#9855=DIRECTION('',(-0.707106781186548,-0.707106781186547,0.));
#9856=CARTESIAN_POINT('',(58.45,17.4067252372891,-102.9));
#9857=VECTOR('',#9858,1.);
#9858=DIRECTION('',(0.,0.,-1.));
#9859=CARTESIAN_POINT('',(58.45,65.5368767563056,-105.));
#9860=CARTESIAN_POINT('',(58.45,65.5368767563056,-105.));
#9861=VECTOR('',#9862,1.);
#9862=DIRECTION('',(0.,-1.,0.));
#9863=CARTESIAN_POINT('',(58.45,65.5368767563056,-102.9));
#9864=VECTOR('',#9865,1.);
#9865=DIRECTION('',(0.,0.,-1.));
#9866=CARTESIAN_POINT('',(52.0650757595083,71.9218009967973,-105.));
#9867=VECTOR('',#9868,1.);
#9868=DIRECTION('',(0.707106781186547,-0.707106781186547,0.));
#9869=CARTESIAN_POINT('',(98.,74.0218009967974,52.9349242404928));
#9870=CARTESIAN_POINT('',(98.,74.0218009967973,52.9349242404914));
#9871=VECTOR('',#9872,1.);
#9872=DIRECTION('',(1.,0.,-4.0602442043434E-15));
#9873=CARTESIAN_POINT('',(98.,74.0218009967973,-52.9349242404907));
#9874=CARTESIAN_POINT('',(98.,74.0218009967974,52.9349242404928));
#9875=VECTOR('',#9876,1.);
#9876=DIRECTION('',(1.34229480055925E-16,0.,-1.));
#9877=CARTESIAN_POINT('',(98.,74.0218009967974,-52.9349242404921));
#9878=VECTOR('',#9879,1.);
#9879=DIRECTION('',(1.,0.,-4.06024420434354E-15));
#9880=CARTESIAN_POINT('',(98.,66.4067252372891,-60.5499999999989));
#9881=CARTESIAN_POINT('',(98.,74.0218009967977,-52.934924240491));
#9882=VECTOR('',#9883,1.);
#9883=DIRECTION('',(0.,-0.707106781186547,-0.707106781186548));
#9884=CARTESIAN_POINT('',(98.,66.4067252372891,-60.5500000000004));
#9885=VECTOR('',#9886,1.);
#9886=DIRECTION('',(1.,0.,-4.06024420434355E-15));
#9887=CARTESIAN_POINT('',(98.,16.5368767563056,-60.5499999999989));
#9888=CARTESIAN_POINT('',(98.,66.4067252372891,-60.5499999999996));
#9889=VECTOR('',#9890,1.);
#9890=DIRECTION('',(0.,-1.,-2.84958850849947E-16));
#9891=CARTESIAN_POINT('',(98.,16.5368767563056,-60.5500000000004));
#9892=VECTOR('',#9893,1.);
#9893=DIRECTION('',(1.,0.,-3.04518315325767E-15));
#9894=CARTESIAN_POINT('',(98.,8.92180099679733,-52.9349242404907));
#9895=CARTESIAN_POINT('',(98.,16.5368767563052,-60.5499999999993));
#9896=VECTOR('',#9897,1.);
#9897=DIRECTION('',(-1.31956556348496E-15,-0.707106781186546,0.707106781186549));
#9898=CARTESIAN_POINT('',(98.,8.92180099679735,-52.9349242404921));
#9899=VECTOR('',#9900,1.);
#9900=DIRECTION('',(1.,-2.53765262771472E-16,-4.06024420434354E-15));
#9901=CARTESIAN_POINT('',(98.,8.92180099679735,52.9349242404928));
#9902=CARTESIAN_POINT('',(98.,8.92180099679734,-52.9349242404907));
#9903=VECTOR('',#9904,1.);
#9904=DIRECTION('',(-1.34229480055925E-16,0.,1.));
#9905=CARTESIAN_POINT('',(98.,8.92180099679733,52.9349242404914));
#9906=VECTOR('',#9907,1.);
#9907=DIRECTION('',(1.,-5.07530525542915E-16,-5.07530525542915E-15));
#9908=CARTESIAN_POINT('',(98.,16.5368767563056,60.5500000000011));
#9909=CARTESIAN_POINT('',(98.,8.92180099679769,52.9349242404925));
#9910=VECTOR('',#9911,1.);
#9911=DIRECTION('',(0.,0.707106781186546,0.707106781186549));
#9912=CARTESIAN_POINT('',(98.,16.5368767563056,60.5499999999997));
#9913=VECTOR('',#9914,1.);
#9914=DIRECTION('',(1.,5.07530525542912E-16,-3.04518315325747E-15));
#9915=CARTESIAN_POINT('',(98.,66.4067252372891,60.5500000000011));
#9916=CARTESIAN_POINT('',(98.,16.5368767563056,60.5500000000004));
#9917=VECTOR('',#9918,1.);
#9918=DIRECTION('',(0.,1.,-2.84958850849946E-16));
#9919=CARTESIAN_POINT('',(98.,66.4067252372891,60.5499999999997));
#9920=VECTOR('',#9921,1.);
#9921=DIRECTION('',(1.,0.,-4.06024420434331E-15));
#9922=CARTESIAN_POINT('',(98.,66.4067252372887,60.5500000000007));
#9923=VECTOR('',#9924,1.);
#9924=DIRECTION('',(0.,0.707106781186547,-0.707106781186548));
#9925=CARTESIAN_POINT('',(-101.364663781233,83.967487642529,-92.0251262658469));
#9926=CARTESIAN_POINT('',(-92.1622794936483,77.9588152731764,-104.999999999738));
#9927=CARTESIAN_POINT('',(-92.3798721714624,78.0145748154515,-104.694188012447));
#9928=CARTESIAN_POINT('',(-92.8100490515221,78.1338681257301,-104.088080538353));
#9929=CARTESIAN_POINT('',(-93.4431219795257,78.3364546303163,-103.194018308));
#9930=CARTESIAN_POINT('',(-94.0594148647678,78.5602990635029,-102.325065340496));
#9931=CARTESIAN_POINT('',(-94.6577580467095,78.8038297641486,-101.481960099568));
#9932=CARTESIAN_POINT('',(-95.2322578685001,79.0631409175781,-100.671167799895));
#9933=CARTESIAN_POINT('',(-95.783619725655,79.3366660282226,-99.8938639218726));
#9934=CARTESIAN_POINT('',(-96.3072275709653,79.6199791068305,-99.1563320777168));
#9935=CARTESIAN_POINT('',(-96.8070131015083,79.9130185492972,-98.4511351374293));
#9936=CARTESIAN_POINT('',(-97.279359002358,80.2115943279628,-97.7847184207975));
#9937=CARTESIAN_POINT('',(-97.72518191581,80.5139702225601,-97.1568601179591));
#9938=CARTESIAN_POINT('',(-98.1362263663796,80.8115809140207,-96.5773675739199));
#9939=CARTESIAN_POINT('',(-98.5180125267829,81.1051849639949,-96.0387029494837));
#9940=CARTESIAN_POINT('',(-98.8676995564169,81.3896315859791,-95.5453768379565));
#9941=CARTESIAN_POINT('',(-99.1905138648686,81.6663092334797,-95.0904065297146));
#9942=CARTESIAN_POINT('',(-99.4837945390489,81.9300982467318,-94.6774140246384));
#9943=CARTESIAN_POINT('',(-99.7560225038839,82.1861789785847,-94.2935773608793));
#9944=CARTESIAN_POINT('',(-100.008180349,82.4336696367334,-93.9379184491702));
#9945=CARTESIAN_POINT('',(-100.244537992418,82.6752812903198,-93.604481511217));
#9946=CARTESIAN_POINT('',(-100.462176428765,82.906473576574,-93.2975023615025));
#9947=CARTESIAN_POINT('',(-100.665216992367,83.1301197204455,-93.0112094530822));
#9948=CARTESIAN_POINT('',(-100.854234269895,83.3456335669489,-92.7449224444586));
#9949=CARTESIAN_POINT('',(-101.033301436494,83.5567245752696,-92.4933732126034));
#9950=CARTESIAN_POINT('',(-101.202570100549,83.7627964629075,-92.255051608921));
#9951=CARTESIAN_POINT('',(-101.311523488936,83.8996759026395,-92.1007510001846));
#9952=CARTESIAN_POINT('',(-101.364663357166,83.9674879747478,-92.025126265742));
#9953=CARTESIAN_POINT('',(-101.364663784477,83.967487646668,-92.0251262612737));
#9954=CARTESIAN_POINT('',(-101.494175815506,84.1327094710888,-91.8389625734161));
#9955=CARTESIAN_POINT('',(-101.744900727554,84.465094273472,-91.4660375149114));
#9956=CARTESIAN_POINT('',(-102.098116772956,84.9705602927974,-90.8996479936857));
#9957=CARTESIAN_POINT('',(-102.425093441568,85.4762314521915,-90.3302588101538));
#9958=CARTESIAN_POINT('',(-102.72625028007,85.97971636187,-89.7561916709848));
#9959=CARTESIAN_POINT('',(-103.00206258059,86.4784764437193,-89.1812190448466));
#9960=CARTESIAN_POINT('',(-103.255054523637,86.9736073508604,-88.6063325696693));
#9961=CARTESIAN_POINT('',(-103.485920767326,87.4634997738284,-88.0349460252973));
#9962=CARTESIAN_POINT('',(-103.697465392644,87.9516021032991,-87.4646949794417));
#9963=CARTESIAN_POINT('',(-103.889048003392,88.4339570816357,-86.8970421130177));
#9964=CARTESIAN_POINT('',(-104.061946781574,88.9107208435846,-86.3337385603486));
#9965=CARTESIAN_POINT('',(-104.21552063596,89.3762560091623,-85.7822515517846));
#9966=CARTESIAN_POINT('',(-104.351870252356,89.832362078305,-85.2418765620105));
#9967=CARTESIAN_POINT('',(-104.470946131462,90.2743262983637,-84.7159711334239));
#9968=CARTESIAN_POINT('',(-104.574692841714,90.7042775648891,-84.202956289942));
#9969=CARTESIAN_POINT('',(-104.663781058061,91.1194177023777,-83.7067450348337));
#9970=CARTESIAN_POINT('',(-104.740478542044,91.524933196344,-83.2217620299701));
#9971=CARTESIAN_POINT('',(-104.805662197752,91.9209303978142,-82.7480750243906));
#9972=CARTESIAN_POINT('',(-104.860403973923,92.3096413846202,-82.2818754442295));
#9973=CARTESIAN_POINT('',(-104.905087016955,92.6891540604454,-81.8262809746583));
#9974=CARTESIAN_POINT('',(-104.940685626431,93.0623649853861,-81.3783850878656));
#9975=CARTESIAN_POINT('',(-104.967648511896,93.4289625919334,-80.9382520810876));
#9976=CARTESIAN_POINT('',(-104.986501535021,93.7907474851677,-80.5034344287827));
#9977=CARTESIAN_POINT('',(-104.997570097397,94.1470242120358,-80.0750973661936));
#9978=CARTESIAN_POINT('',(-105.000000031389,94.3829174520654,-79.7914923734359));
#9979=CARTESIAN_POINT('',(-105.,94.4999999999987,-79.6507575950825));
#9980=CARTESIAN_POINT('',(-101.364663781233,105.032512357469,-92.025126265847));
#9981=CARTESIAN_POINT('',(-105.,94.4999999999987,-79.6507575950825));
#9982=CARTESIAN_POINT('',(-105.000000003426,94.511954594104,-79.6651280680441));
#9983=CARTESIAN_POINT('',(-104.999974756703,94.5360153469328,-79.6940512025136));
#9984=CARTESIAN_POINT('',(-104.999859879658,94.5723081910632,-79.7376782784215));
#9985=CARTESIAN_POINT('',(-104.999664558501,94.6090947898655,-79.7818985663366));
#9986=CARTESIAN_POINT('',(-104.999385908615,94.6463333314046,-79.8266620762304));
#9987=CARTESIAN_POINT('',(-104.999019105579,94.6842063347775,-79.8721883025427));
#9988=CARTESIAN_POINT('',(-104.99856025632,94.7226901776336,-79.9184479841477));
#9989=CARTESIAN_POINT('',(-104.997938102273,94.7664883810601,-79.9710956826855));
#9990=CARTESIAN_POINT('',(-104.997069470813,94.8178030419515,-80.0327785117532));
#9991=CARTESIAN_POINT('',(-104.995828689058,94.8789437483331,-80.1062705120911));
#9992=CARTESIAN_POINT('',(-104.994086305656,94.951240002369,-80.1931679982882));
#9993=CARTESIAN_POINT('',(-104.991727267151,95.0335278302406,-80.2920770065111));
#9994=CARTESIAN_POINT('',(-104.988638916148,95.1246435679328,-80.4015915363833));
#9995=CARTESIAN_POINT('',(-104.985254127311,95.2106435055545,-80.5049464583217));
#9996=CARTESIAN_POINT('',(-104.981772299853,95.2893200591517,-80.599487244417));
#9997=CARTESIAN_POINT('',(-104.978389414008,95.3592281424527,-80.6834972967794));
#9998=CARTESIAN_POINT('',(-104.974733741398,95.4289367750667,-80.76726732797));
#9999=CARTESIAN_POINT('',(-104.970107052557,95.510745636453,-80.8655759831446));
#10000=CARTESIAN_POINT('',(-104.964195769815,95.6064812553371,-80.9806116502841));
#10001=CARTESIAN_POINT('',(-104.956662656333,95.717093990105,-81.1135013045339));
#10002=CARTESIAN_POINT('',(-104.948684067273,95.8237970019911,-81.2416622641516));
#10003=CARTESIAN_POINT('',(-104.940374407638,95.9264419104006,-81.3649062425167));
#10004=CARTESIAN_POINT('',(-104.931751384184,96.0259760109033,-81.4843874983627));
#10005=CARTESIAN_POINT('',(-104.922033558061,96.1308101612614,-81.6102528414134));
#10006=CARTESIAN_POINT('',(-104.910995851469,96.2421846666346,-81.7439705099983));
#10007=CARTESIAN_POINT('',(-104.898614897298,96.359127671832,-81.8843682273327));
#10008=CARTESIAN_POINT('',(-104.884625278626,96.4828668321153,-82.0329055368336));
#10009=CARTESIAN_POINT('',(-104.869146250384,96.6111925125322,-82.1869135364492));
#10010=CARTESIAN_POINT('',(-104.849632631289,96.7630809307056,-82.3691402041313));
#10011=CARTESIAN_POINT('',(-104.825062271861,96.9407714061529,-82.5822039829963));
#10012=CARTESIAN_POINT('',(-104.793858489509,97.1482282707865,-82.8307593954388));
#10013=CARTESIAN_POINT('',(-104.760433435236,97.3528057548751,-83.0754991569086));
#10014=CARTESIAN_POINT('',(-104.725210784547,97.5531681768075,-83.3151308086496));
#10015=CARTESIAN_POINT('',(-104.688416637596,97.7494323655513,-83.5498874517713));
#10016=CARTESIAN_POINT('',(-104.647307085953,97.9550003575131,-83.7957100515752));
#10017=CARTESIAN_POINT('',(-104.601200218775,98.1713127777059,-84.0542602213295));
#10018=CARTESIAN_POINT('',(-104.549962137146,98.3970295233588,-84.3238452130635));
#10019=CARTESIAN_POINT('',(-104.492122756693,98.636279563856,-84.6092838232181));
#10020=CARTESIAN_POINT('',(-104.427743073558,98.8862985315074,-84.9071171749995));
#10021=CARTESIAN_POINT('',(-104.355882823599,99.1484360109002,-85.218830738894));
#10022=CARTESIAN_POINT('',(-104.276694400771,99.4199713644826,-85.5407805980523));
#10023=CARTESIAN_POINT('',(-104.18935068913,99.701674338111,-85.8745951851524));
#10024=CARTESIAN_POINT('',(-104.094687158307,99.9890926107394,-86.2150237810132));
#10025=CARTESIAN_POINT('',(-103.992437158842,100.281745682154,-86.5611940495665));
#10026=CARTESIAN_POINT('',(-103.882843878929,100.577887563966,-86.9108073903178));
#10027=CARTESIAN_POINT('',(-103.764742540204,100.879510869067,-87.2659157449696));
#10028=CARTESIAN_POINT('',(-103.638244025192,101.185131169313,-87.6244906255127));
#10029=CARTESIAN_POINT('',(-103.502555095934,101.495539122442,-87.9869786058392));
#10030=CARTESIAN_POINT('',(-103.358141274936,101.808665691243,-88.3524463089057));
#10031=CARTESIAN_POINT('',(-103.204056137564,102.125590432658,-88.7215078055836));
#10032=CARTESIAN_POINT('',(-103.040798112195,102.444382563824,-89.0915387984033));
#10033=CARTESIAN_POINT('',(-102.867945947037,102.765111355749,-89.4621593345565));
#10034=CARTESIAN_POINT('',(-102.685499270933,103.086919158582,-89.8319304909809));
#10035=CARTESIAN_POINT('',(-102.492350757369,103.410857590369,-90.2015069961032));
#10036=CARTESIAN_POINT('',(-102.288417024841,103.736108413565,-90.5693628307257));
#10037=CARTESIAN_POINT('',(-102.073523084614,104.062091181503,-90.9360102902784));
#10038=CARTESIAN_POINT('',(-101.848076191406,104.387471167655,-91.300855918138));
#10039=CARTESIAN_POINT('',(-101.611960086361,104.71177644309,-91.6643884436707));
#10040=CARTESIAN_POINT('',(-101.448223821018,104.925892071538,-91.904993633301));
#10041=CARTESIAN_POINT('',(-101.364663783633,105.032512354406,-92.0251262623403));
#10042=CARTESIAN_POINT('',(-99.6513184698276,106.9118142219,-94.4408523163293));
#10043=CARTESIAN_POINT('',(-101.364663357169,105.032512025252,-92.0251262657424));
#10044=CARTESIAN_POINT('',(-101.331902076087,105.074316986142,-92.0718789499878));
#10045=CARTESIAN_POINT('',(-101.266005025699,105.157600697831,-92.1656366067517));
#10046=CARTESIAN_POINT('',(-101.165952167218,105.28165425511,-92.3073022800652));
#10047=CARTESIAN_POINT('',(-101.064849940851,105.404642834555,-92.4499253432915));
#10048=CARTESIAN_POINT('',(-100.962692858561,105.526580673236,-92.5936663487641));
#10049=CARTESIAN_POINT('',(-100.859459549922,105.6474985065,-92.7387068398341));
#10050=CARTESIAN_POINT('',(-100.755102205919,105.76745398144,-92.8852648511743));
#10051=CARTESIAN_POINT('',(-100.649571618994,105.88650183561,-93.0335602812387));
#10052=CARTESIAN_POINT('',(-100.542850942077,106.004655929781,-93.1837684536576));
#10053=CARTESIAN_POINT('',(-100.434963577189,106.121885221656,-93.3360081844864));
#10054=CARTESIAN_POINT('',(-100.325930562377,106.238162761092,-93.4901110544633));
#10055=CARTESIAN_POINT('',(-100.215821855697,106.353411564571,-93.6458396516637));
#10056=CARTESIAN_POINT('',(-100.104714569156,106.467553096351,-93.8029460520697));
#10057=CARTESIAN_POINT('',(-99.9927165860745,106.580482686877,-93.9611396953565));
#10058=CARTESIAN_POINT('',(-99.879866022064,106.692171802642,-94.1202300553331));
#10059=CARTESIAN_POINT('',(-99.7662037227836,106.802592924175,-94.28002498574));
#10060=CARTESIAN_POINT('',(-99.6897096450474,106.875538396923,-94.3871845609947));
#10061=CARTESIAN_POINT('',(-99.6513164031153,106.911812037272,-94.4408523149984));
#10062=CARTESIAN_POINT('',(-88.5482234665393,111.563987848557,-103.653109737501));
#10063=CARTESIAN_POINT('',(-99.6513184698289,106.911814221899,-94.4408523163301));
#10064=CARTESIAN_POINT('',(-99.5489199228327,107.008540267131,-94.5814408555104));
#10065=CARTESIAN_POINT('',(-99.3415694717593,107.199675352849,-94.8590371311379));
#10066=CARTESIAN_POINT('',(-99.0218932158211,107.479955805936,-95.2629040426439));
#10067=CARTESIAN_POINT('',(-98.6931594253064,107.753993028542,-95.652198877083));
#10068=CARTESIAN_POINT('',(-98.3544443281342,108.022199155968,-96.0244113971406));
#10069=CARTESIAN_POINT('',(-98.0072141866715,108.283072442126,-96.3792521829545));
#10070=CARTESIAN_POINT('',(-97.6524485497791,108.535704188065,-96.7190930791426));
#10071=CARTESIAN_POINT('',(-97.2914590636532,108.779133557295,-97.0448641564773));
#10072=CARTESIAN_POINT('',(-96.9242923108692,109.013355108105,-97.3602209158934));
#10073=CARTESIAN_POINT('',(-96.5514535218554,109.238028683696,-97.6628868873131));
#10074=CARTESIAN_POINT('',(-96.1744614933699,109.452279199652,-97.9528021817308));
#10075=CARTESIAN_POINT('',(-95.7988605634235,109.653359396683,-98.229271625045));
#10076=CARTESIAN_POINT('',(-95.4254780180564,109.841520646687,-98.4943338051386));
#10077=CARTESIAN_POINT('',(-95.058659996824,110.015410410497,-98.7487035395682));
#10078=CARTESIAN_POINT('',(-94.6955094349335,110.177202565073,-98.9903403347782));
#10079=CARTESIAN_POINT('',(-94.3390933099582,110.326291851978,-99.220651957252));
#10080=CARTESIAN_POINT('',(-93.9864291255352,110.464639384281,-99.444294287004));
#10081=CARTESIAN_POINT('',(-93.6397989316589,110.591923671803,-99.6622716818266));
#10082=CARTESIAN_POINT('',(-93.299429310392,110.708679720337,-99.8763405527827));
#10083=CARTESIAN_POINT('',(-92.9718317325527,110.813555111405,-100.085206803951));
#10084=CARTESIAN_POINT('',(-92.653197294963,110.908665719662,-100.285648463211));
#10085=CARTESIAN_POINT('',(-92.348586128276,110.993303854706,-100.477525290729));
#10086=CARTESIAN_POINT('',(-92.0570185076384,111.068641519663,-100.663183072233));
#10087=CARTESIAN_POINT('',(-91.7825792918251,111.134584968481,-100.841484696802));
#10088=CARTESIAN_POINT('',(-91.5204877505579,111.193136188557,-101.016539666787));
#10089=CARTESIAN_POINT('',(-91.2726330949665,111.244544302199,-101.187483250295));
#10090=CARTESIAN_POINT('',(-91.0383880630296,111.289597051572,-101.355970884944));
#10091=CARTESIAN_POINT('',(-90.8219801140622,111.328209460257,-101.515597872111));
#10092=CARTESIAN_POINT('',(-90.6200829721402,111.361661825601,-101.667843900717));
#10093=CARTESIAN_POINT('',(-90.434872389807,111.39017542337,-101.811459318468));
#10094=CARTESIAN_POINT('',(-90.26301055114,111.414774192157,-101.948805739134));
#10095=CARTESIAN_POINT('',(-90.1061570229162,111.435676746363,-102.078189790103));
#10096=CARTESIAN_POINT('',(-89.9591655973474,111.453935538145,-102.203466792128));
#10097=CARTESIAN_POINT('',(-89.8216923738563,111.469846495405,-102.324575434208));
#10098=CARTESIAN_POINT('',(-89.69182523492,111.483837984158,-102.443075350581));
#10099=CARTESIAN_POINT('',(-89.5716277189529,111.495893084274,-102.555548646739));
#10100=CARTESIAN_POINT('',(-89.4593600467242,111.506381208864,-102.663261401442));
#10101=CARTESIAN_POINT('',(-89.3558795346588,111.515388014554,-102.764951840719));
#10102=CARTESIAN_POINT('',(-89.2594043782494,111.523212397232,-102.86197903051));
#10103=CARTESIAN_POINT('',(-89.1707826879365,111.529917647993,-102.953086756845));
#10104=CARTESIAN_POINT('',(-89.0872906204557,111.535814215873,-103.040718532808));
#10105=CARTESIAN_POINT('',(-89.008522725314,111.541002186548,-103.125057354281));
#10106=CARTESIAN_POINT('',(-88.9331371935969,111.545623959211,-103.207354181093));
#10107=CARTESIAN_POINT('',(-88.8620335116048,111.549676598797,-103.286451115303));
#10108=CARTESIAN_POINT('',(-88.7941781003247,111.553267567027,-103.363264687606));
#10109=CARTESIAN_POINT('',(-88.7296303284759,111.556433021743,-103.437762957188));
#10110=CARTESIAN_POINT('',(-88.6673442104734,111.559255503536,-103.510829622774));
#10111=CARTESIAN_POINT('',(-88.6072253170272,111.561764613673,-103.582260036829));
#10112=CARTESIAN_POINT('',(-88.5677308491381,111.563275313675,-103.629650836692));
#10113=CARTESIAN_POINT('',(-88.5482399159587,111.563987631443,-103.653123293986));
#10114=CARTESIAN_POINT('',(-88.5482450404425,111.563985280278,-103.653127580849));
#10115=CARTESIAN_POINT('',(-88.5011940352988,111.565705555634,-103.710016218713));
#10116=CARTESIAN_POINT('',(-88.4070127032049,111.568758986494,-103.823649588733));
#10117=CARTESIAN_POINT('',(-88.2654778492287,111.572172402773,-103.993575815671));
#10118=CARTESIAN_POINT('',(-88.1236244223574,111.574415760712,-104.162940371512));
#10119=CARTESIAN_POINT('',(-87.9814003632603,111.575481978721,-104.331632447071));
#10120=CARTESIAN_POINT('',(-87.8387410413614,111.57536157379,-104.499573210576));
#10121=CARTESIAN_POINT('',(-87.6957355682082,111.574044663366,-104.666875166827));
#10122=CARTESIAN_POINT('',(-87.5524582187267,111.571523233871,-104.833678958516));
#10123=CARTESIAN_POINT('',(-87.4568289790769,111.56903745111,-104.944596304519));
#10124=CARTESIAN_POINT('',(-87.4089956926116,111.567592476687,-105.000006727312));
#10125=CARTESIAN_POINT('',(-76.7246212024588,94.4999999999987,-101.5));
#10126=CARTESIAN_POINT('',(-99.1246212024598,94.4999999999987,-101.5));
#10127=AXIS2_PLACEMENT_3D('',#10128,#10129,#10130);
#10128=CARTESIAN_POINT('',(-87.9246212024593,94.4999999999987,-101.5));
#10129=DIRECTION('',(0.,0.,-1.));
#10130=DIRECTION('',(1.,0.,0.));
#10131=AXIS2_PLACEMENT_3D('',#10132,#10133,#10134);
#10132=CARTESIAN_POINT('',(-87.9246212024593,94.4999999999987,-101.5));
#10133=DIRECTION('',(0.,0.,-1.));
#10134=DIRECTION('',(-1.,0.,0.));
#10135=CARTESIAN_POINT('',(-99.1246212024598,94.4999999999987,-91.));
#10136=CARTESIAN_POINT('',(-99.1246212024598,94.4999999999987,-91.));
#10137=CARTESIAN_POINT('',(-99.1246212024598,72.0999999999978,-91.));
#10138=CARTESIAN_POINT('',(-76.7246212024588,72.0999999999978,-91.));
#10139=CARTESIAN_POINT('',(-76.7246212024588,94.4999999999987,-91.));
#10140=CARTESIAN_POINT('',(-76.7246212024588,116.9,-91.));
#10141=CARTESIAN_POINT('',(-99.1246212024598,116.9,-91.));
#10142=CARTESIAN_POINT('',(-99.1246212024598,94.4999999999987,-91.));
#10143=CARTESIAN_POINT('',(-100.52462120246,94.4999999999987,-91.));
#10144=CARTESIAN_POINT('',(-100.52462120246,94.4999999999987,-91.));
#10145=CARTESIAN_POINT('',(-100.52462120246,119.7,-91.));
#10146=CARTESIAN_POINT('',(-75.3246212024588,119.7,-91.));
#10147=CARTESIAN_POINT('',(-75.3246212024588,94.4999999999987,-91.));
#10148=CARTESIAN_POINT('',(-75.3246212024588,69.2999999999978,-91.));
#10149=CARTESIAN_POINT('',(-100.52462120246,69.2999999999978,-91.));
#10150=CARTESIAN_POINT('',(-100.52462120246,94.4999999999987,-91.));
#10151=CARTESIAN_POINT('',(-100.52462120246,94.4999999999987,-77.));
#10152=CARTESIAN_POINT('',(-100.52462120246,94.4999999999987,-77.));
#10153=CARTESIAN_POINT('',(-100.52462120246,119.7,-77.));
#10154=CARTESIAN_POINT('',(-75.3246212024588,119.7,-77.));
#10155=CARTESIAN_POINT('',(-75.3246212024588,94.4999999999987,-77.));
#10156=CARTESIAN_POINT('',(-75.3246212024588,69.2999999999978,-77.));
#10157=CARTESIAN_POINT('',(-100.52462120246,69.2999999999978,-77.));
#10158=CARTESIAN_POINT('',(-100.52462120246,94.4999999999987,-77.));
#10159=CARTESIAN_POINT('',(88.5482234665713,111.563987848556,-103.653109737463));
#10160=CARTESIAN_POINT('',(87.4089956985397,111.567592476915,-105.000006720688));
#10161=CARTESIAN_POINT('',(87.4568289842734,111.569037451295,-104.944596298413));
#10162=CARTESIAN_POINT('',(87.5524582224898,111.571523233952,-104.833678953443));
#10163=CARTESIAN_POINT('',(87.6957355701637,111.574044663287,-104.666875163241));
#10164=CARTESIAN_POINT('',(87.8387410419498,111.575361573614,-104.499573208548));
#10165=CARTESIAN_POINT('',(87.9814003631537,111.575481978502,-104.331632446648));
#10166=CARTESIAN_POINT('',(88.1236244223884,111.574415760508,-104.162940372782));
#10167=CARTESIAN_POINT('',(88.2654778500426,111.572172402635,-103.993575818647));
#10168=CARTESIAN_POINT('',(88.4070127052271,111.568758986511,-103.823649593457));
#10169=CARTESIAN_POINT('',(88.5011940382699,111.565705555707,-103.710016224489));
#10170=CARTESIAN_POINT('',(88.5482450438703,111.563985280351,-103.653127587121));
#10171=CARTESIAN_POINT('',(99.6513184698276,106.9118142219,-94.4408523163293));
#10172=CARTESIAN_POINT('',(88.5483913009907,111.564001527012,-103.653247466086));
#10173=CARTESIAN_POINT('',(88.6319350450238,111.560932470502,-103.554847442178));
#10174=CARTESIAN_POINT('',(88.8003509250113,111.553547206609,-103.359513935632));
#10175=CARTESIAN_POINT('',(89.0563735677212,111.538491000933,-103.075197467084));
#10176=CARTESIAN_POINT('',(89.318744658094,111.51905868553,-102.79995296148));
#10177=CARTESIAN_POINT('',(89.5881185569419,111.4948618074,-102.53708264696));
#10178=CARTESIAN_POINT('',(89.8640838165373,111.465611934223,-102.285953479988));
#10179=CARTESIAN_POINT('',(90.1455384759277,111.431107666505,-102.044839608478));
#10180=CARTESIAN_POINT('',(90.4318248052964,111.391137402961,-101.811191378825));
#10181=CARTESIAN_POINT('',(90.7228816726531,111.345416220834,-101.585812586724));
#10182=CARTESIAN_POINT('',(91.0203260003513,111.293326086216,-101.367994488678));
#10183=CARTESIAN_POINT('',(91.3235024484094,111.234622501298,-101.154859808629));
#10184=CARTESIAN_POINT('',(91.6337361453867,111.168651817624,-100.942268009127));
#10185=CARTESIAN_POINT('',(91.9506557426573,111.095027142462,-100.731032697613));
#10186=CARTESIAN_POINT('',(92.2766044491788,111.012635578428,-100.521581062727));
#10187=CARTESIAN_POINT('',(92.608638570049,110.921610414442,-100.312102573911));
#10188=CARTESIAN_POINT('',(92.9467389647468,110.821419536802,-100.100601971958));
#10189=CARTESIAN_POINT('',(93.2861612756856,110.713114045209,-99.885860980511));
#10190=CARTESIAN_POINT('',(93.6274612225149,110.596262271662,-99.6710281942592));
#10191=CARTESIAN_POINT('',(93.9684432129777,110.47138372811,-99.4566216182954));
#10192=CARTESIAN_POINT('',(94.3084014956629,110.338571874629,-99.2408562943992));
#10193=CARTESIAN_POINT('',(94.645749453738,110.198387414945,-99.0229718831652));
#10194=CARTESIAN_POINT('',(94.9788183484541,110.051544730548,-98.8025018830114));
#10195=CARTESIAN_POINT('',(95.3052364254133,109.899282937726,-98.5782993380691));
#10196=CARTESIAN_POINT('',(95.6245934688356,109.742070824615,-98.3535813683976));
#10197=CARTESIAN_POINT('',(95.936846515192,109.580229117423,-98.1282411125629));
#10198=CARTESIAN_POINT('',(96.2399316050578,109.415196450681,-97.902528761076));
#10199=CARTESIAN_POINT('',(96.5334611963546,109.247658663907,-97.6759893652478));
#10200=CARTESIAN_POINT('',(96.8154006855268,109.079354955155,-97.4496554826848));
#10201=CARTESIAN_POINT('',(97.0872610704047,108.90998680005,-97.2218187584762));
#10202=CARTESIAN_POINT('',(97.3482447125393,108.740624956789,-96.9933629830927));
#10203=CARTESIAN_POINT('',(97.6004270398394,108.570436216684,-96.764901954315));
#10204=CARTESIAN_POINT('',(97.8422459271716,108.400991301557,-96.5371265378052));
#10205=CARTESIAN_POINT('',(98.0755955103557,108.231470425968,-96.3083300628569));
#10206=CARTESIAN_POINT('',(98.3000145660962,108.062650429155,-96.0788326268039));
#10207=CARTESIAN_POINT('',(98.5162740957117,107.894390535074,-95.8477797657224));
#10208=CARTESIAN_POINT('',(98.7232642368639,107.728025501701,-95.6164932538198));
#10209=CARTESIAN_POINT('',(98.9220578351059,107.563174606335,-95.3834882826373));
#10210=CARTESIAN_POINT('',(99.113157142438,107.399839011123,-95.1497127027777));
#10211=CARTESIAN_POINT('',(99.2980439658963,107.237092912243,-94.914589702595));
#10212=CARTESIAN_POINT('',(99.4770121116322,107.074973840461,-94.6788959691786));
#10213=CARTESIAN_POINT('',(99.5937438708309,106.966208338709,-94.5202314666766));
#10214=CARTESIAN_POINT('',(99.6513184700923,106.91181422165,-94.4408523163538));
#10215=CARTESIAN_POINT('',(101.364663781233,105.032512357469,-92.0251262658469));
#10216=CARTESIAN_POINT('',(99.6513164037147,106.911812036711,-94.4408523151821));
#10217=CARTESIAN_POINT('',(99.6897096456635,106.875538396342,-94.3871845611779));
#10218=CARTESIAN_POINT('',(99.7662037234326,106.802592923556,-94.2800249859219));
#10219=CARTESIAN_POINT('',(99.8798660227552,106.692171801968,-94.1202300555157));
#10220=CARTESIAN_POINT('',(99.9927165868015,106.580482686152,-93.9611396955361));
#10221=CARTESIAN_POINT('',(100.104714569911,106.46755309558,-93.802946052244));
#10222=CARTESIAN_POINT('',(100.215821856468,106.353411563765,-93.6458396518333));
#10223=CARTESIAN_POINT('',(100.32593056315,106.238162760267,-93.4901110546296));
#10224=CARTESIAN_POINT('',(100.434963577945,106.121885220832,-93.3360081846521));
#10225=CARTESIAN_POINT('',(100.542850942796,106.004655928982,-93.1837684538253));
#10226=CARTESIAN_POINT('',(100.649571619652,105.886501834864,-93.0335602814081));
#10227=CARTESIAN_POINT('',(100.755102206499,105.76745398077,-92.8852648513444));
#10228=CARTESIAN_POINT('',(100.85945955041,105.647498505925,-92.73870684));
#10229=CARTESIAN_POINT('',(100.96269285895,105.526580672768,-92.5936663489184));
#10230=CARTESIAN_POINT('',(101.064849941139,105.404642834203,-92.4499253434227));
#10231=CARTESIAN_POINT('',(101.165952167406,105.281654254876,-92.3073022801611));
#10232=CARTESIAN_POINT('',(101.26600502579,105.157600697715,-92.1656366067995));
#10233=CARTESIAN_POINT('',(101.331902076114,105.074316986107,-92.0718789500025));
#10234=CARTESIAN_POINT('',(101.364663357165,105.032512025257,-92.025126265739));
#10235=CARTESIAN_POINT('',(101.364663784477,105.03251235333,-92.0251262612736));
#10236=CARTESIAN_POINT('',(101.494175815399,104.867290528988,-91.8389625732352));
#10237=CARTESIAN_POINT('',(101.744900727245,104.534905726727,-91.4660375144575));
#10238=CARTESIAN_POINT('',(102.098116772436,104.029439707477,-90.8996479930288));
#10239=CARTESIAN_POINT('',(102.425093440963,103.523768548079,-90.3302588094857));
#10240=CARTESIAN_POINT('',(102.726250279566,103.020283638301,-89.7561916704223));
#10241=CARTESIAN_POINT('',(103.00206258042,102.521523556213,-89.181219044495));
#10242=CARTESIAN_POINT('',(103.25505452402,102.026392648848,-88.6063325695138));
#10243=CARTESIAN_POINT('',(103.485920767863,101.536500225536,-88.0349460252331));
#10244=CARTESIAN_POINT('',(103.697465393103,101.048397895842,-87.4646949793463));
#10245=CARTESIAN_POINT('',(103.889048003649,100.566042917444,-86.8970421128394));
#10246=CARTESIAN_POINT('',(104.061946781647,100.089279155607,-86.3337385600702));
#10247=CARTESIAN_POINT('',(104.215520635969,99.623743990307,-85.7822515514138));
#10248=CARTESIAN_POINT('',(104.351870252553,99.1676379215754,-85.241876561514));
#10249=CARTESIAN_POINT('',(104.470946131604,98.7256737016179,-84.7159711329266));
#10250=CARTESIAN_POINT('',(104.574692841742,98.2957224350322,-84.2029562894639));
#10251=CARTESIAN_POINT('',(104.663781057979,97.8805822974141,-83.7067450343928));
#10252=CARTESIAN_POINT('',(104.740478541918,97.4750668033451,-83.2217620295794));
#10253=CARTESIAN_POINT('',(104.805662197722,97.0790696018757,-82.7480750240525));
#10254=CARTESIAN_POINT('',(104.860403974134,96.6903586151645,-82.2818754439376));
#10255=CARTESIAN_POINT('',(104.905087017279,96.3108459393704,-81.8262809744664));
#10256=CARTESIAN_POINT('',(104.940685626813,95.9376350144427,-81.3783850877616));
#10257=CARTESIAN_POINT('',(104.967648512267,95.5710374079051,-80.9382520810474));
#10258=CARTESIAN_POINT('',(104.986501535323,95.2092525146932,-80.5034344287793));
#10259=CARTESIAN_POINT('',(104.997570097562,94.8529757878782,-80.0750973662027));
#10260=CARTESIAN_POINT('',(105.000000031444,94.6170825479006,-79.7914923734397));
#10261=CARTESIAN_POINT('',(105.,94.4999999999987,-79.6507575950825));
#10262=CARTESIAN_POINT('',(101.364663781233,83.9674876425289,-92.025126265847));
#10263=CARTESIAN_POINT('',(105.,94.4999999999987,-79.6507575950825));
#10264=CARTESIAN_POINT('',(105.000000003422,94.4880454083284,-79.6651280651214));
#10265=CARTESIAN_POINT('',(104.999974756709,94.4639846604029,-79.6940511937107));
#10266=CARTESIAN_POINT('',(104.999859879721,94.4276918236736,-79.7376782607578));
#10267=CARTESIAN_POINT('',(104.99966455865,94.3909052323796,-79.7818985397015));
#10268=CARTESIAN_POINT('',(104.999385908885,94.3536666984342,-79.8266620405219));
#10269=CARTESIAN_POINT('',(104.999019106004,94.3157937027759,-79.8721882576201));
#10270=CARTESIAN_POINT('',(104.998560256939,94.27730986775,-79.9184479298698));
#10271=CARTESIAN_POINT('',(104.997938103152,94.2335116732308,-79.9710956177581));
#10272=CARTESIAN_POINT('',(104.997069472054,94.182197022826,-80.0327784342849));
#10273=CARTESIAN_POINT('',(104.995828690815,94.1210563290248,-80.1062704195761));
#10274=CARTESIAN_POINT('',(104.994086308143,94.0487600901091,-80.1931678876716));
#10275=CARTESIAN_POINT('',(104.991727270632,93.9664722797052,-80.2920768749735));
#10276=CARTESIAN_POINT('',(104.988638920941,93.8753565616283,-80.4015913813433));
#10277=CARTESIAN_POINT('',(104.985254133557,93.7893566428402,-80.5049462807282));
#10278=CARTESIAN_POINT('',(104.981772307613,93.7106801068498,-80.5994870457023));
#10279=CARTESIAN_POINT('',(104.978389423272,93.6407720397946,-80.6834970785592));
#10280=CARTESIAN_POINT('',(104.974733752319,93.5710634238501,-80.7672670897373));
#10281=CARTESIAN_POINT('',(104.97010706563,93.4892545828353,-80.8655757204552));
#10282=CARTESIAN_POINT('',(104.964195785696,93.3935189884537,-80.9806113581843));
#10283=CARTESIAN_POINT('',(104.956662675869,93.2829062826858,-81.1135009776512));
#10284=CARTESIAN_POINT('',(104.948684090765,93.1762032995269,-81.2416619028203));
#10285=CARTESIAN_POINT('',(104.940374435364,93.0735584197651,-81.3649058469464));
#10286=CARTESIAN_POINT('',(104.931751416451,92.9740243483722,-81.4843870677546));
#10287=CARTESIAN_POINT('',(104.922033595594,92.8691902297991,-81.6102523725683));
#10288=CARTESIAN_POINT('',(104.91099589518,92.7578157596326,-81.7439699988166));
#10289=CARTESIAN_POINT('',(104.898614948138,92.6408727926635,-81.8843676702144));
#10290=CARTESIAN_POINT('',(104.884625337779,92.5171336743732,-82.0329049293056));
#10291=CARTESIAN_POINT('',(104.869146318957,92.3888080385482,-82.1869128754653));
#10292=CARTESIAN_POINT('',(104.849632712144,92.2369196753723,-82.3691394773235));
#10293=CARTESIAN_POINT('',(104.825062368748,92.0592292668154,-82.5822031763493));
#10294=CARTESIAN_POINT('',(104.793858607474,91.8517724833583,-82.8307584921567));
#10295=CARTESIAN_POINT('',(104.760433576691,91.6471950825368,-83.07549815532));
#10296=CARTESIAN_POINT('',(104.725210951405,91.4468327437483,-83.3151297069676));
#10297=CARTESIAN_POINT('',(104.688416831863,91.2505686392312,-83.5498862494647));
#10298=CARTESIAN_POINT('',(104.647307311477,91.0450007366227,-83.7957087427219));
#10299=CARTESIAN_POINT('',(104.601200479571,90.8286884093675,-84.0542588021748));
#10300=CARTESIAN_POINT('',(104.54996243675,90.6029717570495,-84.3238436837639));
#10301=CARTESIAN_POINT('',(104.492123098666,90.3637218078968,-84.6092821870078));
#10302=CARTESIAN_POINT('',(104.427743461036,90.1137029281188,-84.9071154370774));
#10303=CARTESIAN_POINT('',(104.355883258836,89.8515655291385,-85.2188289093739));
#10304=CARTESIAN_POINT('',(104.27669488501,89.5800302463306,-85.5407786899941));
#10305=CARTESIAN_POINT('',(104.189351220837,89.2983273259787,-85.8745932133872));
#10306=CARTESIAN_POINT('',(104.09468773712,89.0109090958331,-86.2150217615644));
#10307=CARTESIAN_POINT('',(103.992437781963,88.7182560507362,-86.5611920023959));
#10308=CARTESIAN_POINT('',(103.882844542468,88.4221141789448,-86.9108053364103));
#10309=CARTESIAN_POINT('',(103.764743236304,88.1204908594516,-87.2659137141548));
#10310=CARTESIAN_POINT('',(103.63824474653,87.8148705257862,-87.6244886430806));
#10311=CARTESIAN_POINT('',(103.502555830991,87.5044625134417,-87.9869766971789));
#10312=CARTESIAN_POINT('',(103.35814201268,87.1913358652225,-88.3524444945898));
#10313=CARTESIAN_POINT('',(103.204056865121,86.8744110234211,-88.7215061129387));
#10314=CARTESIAN_POINT('',(103.040798818266,86.555618777974,-89.0915372442344));
#10315=CARTESIAN_POINT('',(102.867946619189,86.234889857662,-89.4621579361081));
#10316=CARTESIAN_POINT('',(102.685499896965,85.9130819152729,-89.8319292607006));
#10317=CARTESIAN_POINT('',(102.492351321459,85.589143329002,-90.2015059521231));
#10318=CARTESIAN_POINT('',(102.288417510403,85.2638923383124,-90.5693619828007));
#10319=CARTESIAN_POINT('',(102.073523473501,84.9379093904416,-90.9360096479033));
#10320=CARTESIAN_POINT('',(101.848076467302,84.6125292173089,-91.3008554863384));
#10321=CARTESIAN_POINT('',(101.611960232086,84.2882237488315,-91.6643882279566));
#10322=CARTESIAN_POINT('',(101.448223871362,84.0741079926058,-91.9049935609373));
#10323=CARTESIAN_POINT('',(101.364663783633,83.9674876455916,-92.0251262623403));
#10324=CARTESIAN_POINT('',(101.364663357169,83.9674879747455,-92.0251262657422));
#10325=CARTESIAN_POINT('',(101.262039990758,83.8365107780845,-92.1725014416623));
#10326=CARTESIAN_POINT('',(101.052995706718,83.5776614227707,-92.469867092097));
#10327=CARTESIAN_POINT('',(100.727626405263,83.1980376834015,-92.927579330842));
#10328=CARTESIAN_POINT('',(100.3928518585,82.8297974608178,-93.3964371255817));
#10329=CARTESIAN_POINT('',(100.049458484989,82.4734416178155,-93.8791402673848));
#10330=CARTESIAN_POINT('',(99.6979138138433,82.1291257233196,-94.3749462965306));
#10331=CARTESIAN_POINT('',(99.3381435705424,81.796482977067,-94.8824832396094));
#10332=CARTESIAN_POINT('',(98.9715124578086,81.4764439328761,-95.399740135298));
#10333=CARTESIAN_POINT('',(98.5977558757488,81.168441396935,-95.9264881051543));
#10334=CARTESIAN_POINT('',(98.2178930661346,80.8730461413724,-96.4614756427725));
#10335=CARTESIAN_POINT('',(97.8328035141793,80.5905912387576,-97.0047521551122));
#10336=CARTESIAN_POINT('',(97.443978173203,80.3217089167729,-97.553330088634));
#10337=CARTESIAN_POINT('',(97.0513411271041,80.06587870937,-98.1071093195883));
#10338=CARTESIAN_POINT('',(96.6557161529988,79.823225261291,-98.6641629535702));
#10339=CARTESIAN_POINT('',(96.2574999708403,79.5935817760781,-99.2256578900975));
#10340=CARTESIAN_POINT('',(95.8576080235212,79.3770230266537,-99.7898450694081));
#10341=CARTESIAN_POINT('',(95.4550503854605,79.1726274961731,-100.357758596442));
#10342=CARTESIAN_POINT('',(95.0501294478987,78.9802635448827,-100.928434097335));
#10343=CARTESIAN_POINT('',(94.642474856402,78.7995303685151,-101.502587724937));
#10344=CARTESIAN_POINT('',(94.2336212245243,78.6308519938438,-102.079214666808));
#10345=CARTESIAN_POINT('',(93.8228569709423,78.4736707357879,-102.65862742962));
#10346=CARTESIAN_POINT('',(93.4106774861689,78.3279560183117,-103.240044702112));
#10347=CARTESIAN_POINT('',(92.996291010061,78.1932702126014,-103.823888928604));
#10348=CARTESIAN_POINT('',(92.5808027487284,78.0698140127847,-104.410213066288));
#10349=CARTESIAN_POINT('',(92.3019923420918,77.9946104362641,-104.803262104324));
#10350=CARTESIAN_POINT('',(92.1622794936503,77.9588152731782,-104.999999999739));
#10351=CARTESIAN_POINT('',(99.1246212024598,94.4999999999987,-101.5));
#10352=CARTESIAN_POINT('',(76.7246212024588,94.4999999999987,-101.5));
#10353=AXIS2_PLACEMENT_3D('',#10354,#10355,#10356);
#10354=CARTESIAN_POINT('',(87.9246212024593,94.4999999999987,-101.5));
#10355=DIRECTION('',(0.,0.,-1.));
#10356=DIRECTION('',(1.,0.,0.));
#10357=AXIS2_PLACEMENT_3D('',#10358,#10359,#10360);
#10358=CARTESIAN_POINT('',(87.9246212024593,94.4999999999987,-101.5));
#10359=DIRECTION('',(0.,0.,-1.));
#10360=DIRECTION('',(-1.,0.,0.));
#10361=CARTESIAN_POINT('',(76.7246212024588,94.4999999999987,-91.));
#10362=CARTESIAN_POINT('',(76.7246212024588,94.4999999999987,-91.));
#10363=CARTESIAN_POINT('',(76.7246212024588,116.9,-91.));
#10364=CARTESIAN_POINT('',(99.1246212024598,116.9,-91.));
#10365=CARTESIAN_POINT('',(99.1246212024598,94.4999999999987,-91.));
#10366=CARTESIAN_POINT('',(99.1246212024598,72.0999999999978,-91.));
#10367=CARTESIAN_POINT('',(76.7246212024588,72.0999999999978,-91.));
#10368=CARTESIAN_POINT('',(76.7246212024588,94.4999999999987,-91.));
#10369=CARTESIAN_POINT('',(100.52462120246,94.4999999999987,-77.));
#10370=CARTESIAN_POINT('',(100.52462120246,94.4999999999987,-77.));
#10371=CARTESIAN_POINT('',(100.52462120246,119.7,-77.));
#10372=CARTESIAN_POINT('',(75.3246212024588,119.7,-77.));
#10373=CARTESIAN_POINT('',(75.3246212024588,94.4999999999987,-77.));
#10374=CARTESIAN_POINT('',(75.3246212024588,69.2999999999978,-77.));
#10375=CARTESIAN_POINT('',(100.52462120246,69.2999999999978,-77.));
#10376=CARTESIAN_POINT('',(100.52462120246,94.4999999999987,-77.));
#10377=CARTESIAN_POINT('',(100.52462120246,94.4999999999987,-91.));
#10378=CARTESIAN_POINT('',(100.52462120246,94.4999999999987,-91.));
#10379=CARTESIAN_POINT('',(100.52462120246,119.7,-91.));
#10380=CARTESIAN_POINT('',(75.3246212024588,119.7,-91.));
#10381=CARTESIAN_POINT('',(75.3246212024588,94.4999999999987,-91.));
#10382=CARTESIAN_POINT('',(75.3246212024588,69.2999999999978,-91.));
#10383=CARTESIAN_POINT('',(100.52462120246,69.2999999999978,-91.));
#10384=CARTESIAN_POINT('',(100.52462120246,94.4999999999987,-91.));
#10385=CARTESIAN_POINT('',(-88.5482234665713,111.563987848556,103.653109737463));
#10386=CARTESIAN_POINT('',(-87.4089956984848,111.5675924769,105.00000672064));
#10387=CARTESIAN_POINT('',(-87.456828984206,111.569037451286,104.944596298411));
#10388=CARTESIAN_POINT('',(-87.552458222413,111.57152323395,104.833678953536));
#10389=CARTESIAN_POINT('',(-87.6957355700997,111.574044663297,104.666875163453));
#10390=CARTESIAN_POINT('',(-87.8387410418872,111.575361573659,104.49957320882));
#10391=CARTESIAN_POINT('',(-87.9814003630983,111.575481978578,104.331632446922));
#10392=CARTESIAN_POINT('',(-88.1236244223386,111.574415760595,104.162940373006));
#10393=CARTESIAN_POINT('',(-88.2654778499946,111.572172402696,103.993575818789));
#10394=CARTESIAN_POINT('',(-88.4070127051706,111.56875898648,103.823649593509));
#10395=CARTESIAN_POINT('',(-88.501194038211,111.565705555612,103.710016224472));
#10396=CARTESIAN_POINT('',(-88.5482450438085,111.56398528023,103.653127587073));
#10397=CARTESIAN_POINT('',(-99.6513184698276,106.9118142219,94.4408523163293));
#10398=CARTESIAN_POINT('',(-88.548391300604,111.56400152675,103.653247465776));
#10399=CARTESIAN_POINT('',(-88.6319350448272,111.560932470192,103.554847441743));
#10400=CARTESIAN_POINT('',(-88.8003509252424,111.553547206344,103.359513934989));
#10401=CARTESIAN_POINT('',(-89.0563735686581,111.538491000938,103.075197466189));
#10402=CARTESIAN_POINT('',(-89.3187446596918,111.519058685765,102.799952960317));
#10403=CARTESIAN_POINT('',(-89.5881185591232,111.494861807663,102.537082645487));
#10404=CARTESIAN_POINT('',(-89.8640838192036,111.465611934393,102.285953478131));
#10405=CARTESIAN_POINT('',(-90.1455384790294,111.431107666474,102.044839606217));
#10406=CARTESIAN_POINT('',(-90.4318248088239,111.391137402651,101.811191376198));
#10407=CARTESIAN_POINT('',(-90.7228816766043,111.345416220177,101.5858125838));
#10408=CARTESIAN_POINT('',(-91.0203260047327,111.293326085251,101.367994485556));
#10409=CARTESIAN_POINT('',(-91.3235024532404,111.234622500125,101.154859805398));
#10410=CARTESIAN_POINT('',(-91.633736150631,111.168651816298,100.942268005779));
#10411=CARTESIAN_POINT('',(-91.9506557483362,111.095027140999,100.731032694145));
#10412=CARTESIAN_POINT('',(-92.2766044552572,111.012635576816,100.521581059052));
#10413=CARTESIAN_POINT('',(-92.6086385763848,110.921610412645,100.312102569868));
#10414=CARTESIAN_POINT('',(-92.9467389712897,110.821419534765,100.100601967712));
#10415=CARTESIAN_POINT('',(-93.2861612823857,110.71311404293,99.8858609762457));
#10416=CARTESIAN_POINT('',(-93.6274612292803,110.596262269184,99.6710281900272));
#10417=CARTESIAN_POINT('',(-93.9684432197253,110.471383725529,99.4566216140033));
#10418=CARTESIAN_POINT('',(-94.3084015023023,110.33857187205,99.2408562899744));
#10419=CARTESIAN_POINT('',(-94.6457494602794,110.198387412306,99.0229718788139));
#10420=CARTESIAN_POINT('',(-94.9788183547937,110.051544727842,98.8025018788092));
#10421=CARTESIAN_POINT('',(-95.3052364314343,109.899282934925,98.5782993340366));
#10422=CARTESIAN_POINT('',(-95.6245934743565,109.742070821702,98.3535813643869));
#10423=CARTESIAN_POINT('',(-95.93684652032,109.580229114546,98.1282411086187));
#10424=CARTESIAN_POINT('',(-96.2399316098307,109.41519644791,97.9025287572404));
#10425=CARTESIAN_POINT('',(-96.5334612007624,109.247658661302,97.6759893616252));
#10426=CARTESIAN_POINT('',(-96.8154006895488,109.079354952705,97.4496554794089));
#10427=CARTESIAN_POINT('',(-97.0872610740536,108.909986797755,97.2218187555617));
#10428=CARTESIAN_POINT('',(-97.3482447157785,108.740624954694,96.9933629802934));
#10429=CARTESIAN_POINT('',(-97.6004270427564,108.570436214732,96.7649019515929));
#10430=CARTESIAN_POINT('',(-97.8422459298254,108.400991299702,96.537126535194));
#10431=CARTESIAN_POINT('',(-98.0755955127979,108.231470424144,96.3083300604974));
#10432=CARTESIAN_POINT('',(-98.3000145682661,108.062650427417,96.0788326246733));
#10433=CARTESIAN_POINT('',(-98.5162740975712,107.894390533499,95.847779763805));
#10434=CARTESIAN_POINT('',(-98.7232642384008,107.72802550036,95.6164932521191));
#10435=CARTESIAN_POINT('',(-98.9220578363642,107.563174605316,95.3834882811742));
#10436=CARTESIAN_POINT('',(-99.1131571434104,107.399839010386,95.1497127016223));
#10437=CARTESIAN_POINT('',(-99.2980439665614,107.23709291176,94.914589701798));
#10438=CARTESIAN_POINT('',(-99.4770121119721,107.07497384022,94.6788959687748));
#10439=CARTESIAN_POINT('',(-99.5937438709461,106.966208338627,94.5202314665417));
#10440=CARTESIAN_POINT('',(-99.6513184700923,106.91181422165,94.4408523163538));
#10441=CARTESIAN_POINT('',(-101.364663781233,105.032512357469,92.0251262658469));
#10442=CARTESIAN_POINT('',(-99.6513164037149,106.911812036711,94.4408523151822));
#10443=CARTESIAN_POINT('',(-99.6897096456637,106.875538396342,94.387184561178));
#10444=CARTESIAN_POINT('',(-99.7662037234328,106.802592923556,94.280024985922));
#10445=CARTESIAN_POINT('',(-99.8798660227553,106.692171801968,94.1202300555158));
#10446=CARTESIAN_POINT('',(-99.9927165868016,106.580482686151,93.9611396955362));
#10447=CARTESIAN_POINT('',(-100.104714569911,106.46755309558,93.8029460522441));
#10448=CARTESIAN_POINT('',(-100.215821856468,106.353411563765,93.6458396518333));
#10449=CARTESIAN_POINT('',(-100.32593056315,106.238162760267,93.4901110546296));
#10450=CARTESIAN_POINT('',(-100.434963577945,106.121885220832,93.3360081846522));
#10451=CARTESIAN_POINT('',(-100.542850942796,106.004655928982,93.1837684538253));
#10452=CARTESIAN_POINT('',(-100.649571619652,105.886501834864,93.0335602814081));
#10453=CARTESIAN_POINT('',(-100.755102206499,105.76745398077,92.8852648513443));
#10454=CARTESIAN_POINT('',(-100.85945955041,105.647498505925,92.73870684));
#10455=CARTESIAN_POINT('',(-100.96269285895,105.526580672768,92.5936663489183));
#10456=CARTESIAN_POINT('',(-101.064849941139,105.404642834203,92.4499253434227));
#10457=CARTESIAN_POINT('',(-101.165952167406,105.281654254876,92.3073022801611));
#10458=CARTESIAN_POINT('',(-101.26600502579,105.157600697715,92.1656366067995));
#10459=CARTESIAN_POINT('',(-101.331902076114,105.074316986107,92.0718789500025));
#10460=CARTESIAN_POINT('',(-101.364663357165,105.032512025257,92.025126265739));
#10461=CARTESIAN_POINT('',(-101.364663781233,105.032512357469,92.0251262658469));
#10462=CARTESIAN_POINT('',(-101.494175812976,104.867290532288,91.8389625771416));
#10463=CARTESIAN_POINT('',(-101.744900726277,104.534905728473,91.4660375170716));
#10464=CARTESIAN_POINT('',(-102.098116773123,104.029439707213,90.8996479937649));
#10465=CARTESIAN_POINT('',(-102.425093442592,103.523768546433,90.3302588087393));
#10466=CARTESIAN_POINT('',(-102.726250281371,103.02028363608,89.7561916688094));
#10467=CARTESIAN_POINT('',(-103.002062581688,102.521523554296,89.1812190426819));
#10468=CARTESIAN_POINT('',(-103.255054524273,102.026392647702,88.6063325679644));
#10469=CARTESIAN_POINT('',(-103.485920767537,101.536500225326,88.0349460243172));
#10470=CARTESIAN_POINT('',(-103.697465392548,101.048397896355,87.4646949791593));
#10471=CARTESIAN_POINT('',(-103.889048003116,100.566042918419,86.8970421133204));
#10472=CARTESIAN_POINT('',(-104.061946781214,100.089279156865,86.3337385611391));
#10473=CARTESIAN_POINT('',(-104.215520635604,99.6237439916772,85.7822515529405));
#10474=CARTESIAN_POINT('',(-104.35187025207,99.167637923036,85.2418765633466));
#10475=CARTESIAN_POINT('',(-104.470946131384,98.7256737026665,84.7159711353346));
#10476=CARTESIAN_POINT('',(-104.574692841833,98.2957224355534,84.2029562921683));
#10477=CARTESIAN_POINT('',(-104.663781058321,97.8805822973473,83.7067450365153));
#10478=CARTESIAN_POINT('',(-104.740478542356,97.4750668027617,83.2217620298645));
#10479=CARTESIAN_POINT('',(-104.805662197965,97.0790696009126,82.7480750206674));
#10480=CARTESIAN_POINT('',(-104.860403973878,96.6903586152305,82.2818754340178));
#10481=CARTESIAN_POINT('',(-104.905087016745,96.3108459429563,81.8262809554362));
#10482=CARTESIAN_POINT('',(-104.940685626206,95.93763502108,81.3783850614328));
#10483=CARTESIAN_POINT('',(-104.967648511784,95.5710374153993,80.9382520530978));
#10484=CARTESIAN_POINT('',(-104.986501534985,95.2092525213327,80.503434405146));
#10485=CARTESIAN_POINT('',(-104.997570097369,94.8529757916574,80.0750973528414));
#10486=CARTESIAN_POINT('',(-105.000000031381,94.6170825490493,79.7914923687457));
#10487=CARTESIAN_POINT('',(-105.,94.4999999999987,79.6507575950825));
#10488=CARTESIAN_POINT('',(-101.364663781233,83.9674876425289,92.025126265847));
#10489=CARTESIAN_POINT('',(-105.,94.4999999999987,79.6507575950825));
#10490=CARTESIAN_POINT('',(-105.000000003422,94.4880454000386,79.6651280754995));
#10491=CARTESIAN_POINT('',(-104.999974756672,94.4639846347825,79.6940512241362));
#10492=CARTESIAN_POINT('',(-104.999859879519,94.4276917706797,79.737678320143));
#10493=CARTESIAN_POINT('',(-104.999664558163,94.3909051521142,79.7818986282943));
#10494=CARTESIAN_POINT('',(-104.999385907994,94.353666590513,79.8266621583427));
#10495=CARTESIAN_POINT('',(-104.999019104581,94.3157935667921,79.8721884050121));
#10496=CARTESIAN_POINT('',(-104.998560254852,94.27730970344,79.9184481074405));
#10497=CARTESIAN_POINT('',(-104.997938100167,94.2335114768642,79.9710958299467));
#10498=CARTESIAN_POINT('',(-104.997069467813,94.1821967888162,80.0327786875335));
#10499=CARTESIAN_POINT('',(-104.995828684775,94.121056050033,80.1062707224998));
#10500=CARTESIAN_POINT('',(-104.994086299557,94.048759757264,80.193168250902));
#10501=CARTESIAN_POINT('',(-104.991727258573,93.9664718850441,80.2920773086076));
#10502=CARTESIAN_POINT('',(-104.988638904299,93.8753560979572,80.4015918947787));
#10503=CARTESIAN_POINT('',(-104.98525411184,93.7893561132346,80.5049468713256));
#10504=CARTESIAN_POINT('',(-104.981772280607,93.7106795158051,80.5994877089609));
#10505=CARTESIAN_POINT('',(-104.978389391019,93.6407713923654,80.6834978093608));
#10506=CARTESIAN_POINT('',(-104.974733714294,93.5710627187551,80.7672678901992));
#10507=CARTESIAN_POINT('',(-104.970107020115,93.4892538074519,80.8655766064189));
#10508=CARTESIAN_POINT('',(-104.964195730418,93.3935181287623,80.9806123473854));
#10509=CARTESIAN_POINT('',(-104.956662607896,93.2829053234313,81.1135020893218));
#10510=CARTESIAN_POINT('',(-104.948684009055,93.1762022417595,81.2416631359212));
#10511=CARTESIAN_POINT('',(-104.940374338949,93.0735572636913,81.3649072006417));
#10512=CARTESIAN_POINT('',(-104.931751304258,92.9740230922917,81.4843885446862));
#10513=CARTESIAN_POINT('',(-104.922033465119,92.8691888646031,81.6102539840623));
#10514=CARTESIAN_POINT('',(-104.910995743263,92.7578142735222,81.7439717592896));
#10515=CARTESIAN_POINT('',(-104.898614771481,92.6408711751945,81.8843695922931));
#10516=CARTESIAN_POINT('',(-104.884625132283,92.517131912481,82.0329070285852));
#10517=CARTESIAN_POINT('',(-104.869146080786,92.3888061231403,82.186915162429));
#10518=CARTESIAN_POINT('',(-104.849632431389,92.2369175704042,82.3691419948945));
#10519=CARTESIAN_POINT('',(-104.825062032429,92.0592269308519,82.5822059727686));
#10520=CARTESIAN_POINT('',(-104.793858198089,91.8517698662142,82.8307616248436));
#10521=CARTESIAN_POINT('',(-104.760433085849,91.6471921770654,83.0755016297648));
#10522=CARTESIAN_POINT('',(-104.725210372434,91.4468295501685,83.3151335289451));
#10523=CARTESIAN_POINT('',(-104.688416157787,91.2505651537106,83.5498904205357));
#10524=CARTESIAN_POINT('',(-104.647306528934,91.0449969413016,83.795713283191));
#10525=CARTESIAN_POINT('',(-104.60119957463,90.8286842917404,84.0542637249021));
#10526=CARTESIAN_POINT('',(-104.549961397147,90.6029673156734,84.3238489881261));
#10527=CARTESIAN_POINT('',(-104.492121912063,90.3637170496016,84.6092878618385));
#10528=CARTESIAN_POINT('',(-104.427742116598,90.1136978649047,84.9071214645512));
#10529=CARTESIAN_POINT('',(-104.355881748795,89.8515601868432,85.2188352547963));
#10530=CARTESIAN_POINT('',(-104.276693205242,89.580024658558,85.5407853086898));
#10531=CARTESIAN_POINT('',(-104.189349376614,89.2983215533715,85.8746000542564));
#10532=CARTESIAN_POINT('',(-104.09468572944,89.0109031756341,86.2150287689713));
#10533=CARTESIAN_POINT('',(-103.992435620396,88.7182500389717,86.5611991069833));
#10534=CARTESIAN_POINT('',(-103.882842240421,88.4221081321565,86.9108124651346));
#10535=CARTESIAN_POINT('',(-103.76474082103,88.1204848624294,87.2659207631588));
#10536=CARTESIAN_POINT('',(-103.638242243498,87.8148646446642,87.6244955241873));
#10537=CARTESIAN_POINT('',(-103.502553280311,87.5044568379116,87.9869833217497));
#10538=CARTESIAN_POINT('',(-103.358139452842,87.1913304655247,88.3524507907332));
#10539=CARTESIAN_POINT('',(-103.204054341056,86.8744059724596,88.7215119854606));
#10540=CARTESIAN_POINT('',(-103.040796369473,86.5556141239229,89.0915426347839));
#10541=CARTESIAN_POINT('',(-102.867944288631,86.2348856493755,89.4621627851257));
#10542=CARTESIAN_POINT('',(-102.685497726751,85.9130781912801,89.8319335255082));
#10543=CARTESIAN_POINT('',(-102.492349366248,85.5891401408728,90.2015095704479));
#10544=CARTESIAN_POINT('',(-102.288415827517,85.2638897309947,90.5693649212451));
#10545=CARTESIAN_POINT('',(-102.073522125714,84.9379074069804,90.9360118738695));
#10546=CARTESIAN_POINT('',(-101.848075511109,84.6125278821755,91.3008569825676));
#10547=CARTESIAN_POINT('',(-101.61195972703,84.2882230831371,91.6643889754165));
#10548=CARTESIAN_POINT('',(-101.448223696874,84.0741077700957,91.9049938116869));
#10549=CARTESIAN_POINT('',(-101.364663783633,83.9674876455916,92.0251262623403));
#10550=CARTESIAN_POINT('',(-101.364663357169,83.9674879747458,92.0251262657424));
#10551=CARTESIAN_POINT('',(-101.262039990759,83.8365107780847,92.1725014416624));
#10552=CARTESIAN_POINT('',(-101.052995706718,83.5776614227709,92.469867092097));
#10553=CARTESIAN_POINT('',(-100.727626405264,83.1980376834017,92.9275793308419));
#10554=CARTESIAN_POINT('',(-100.3928518585,82.829797460818,93.3964371255815));
#10555=CARTESIAN_POINT('',(-100.049458484989,82.4734416178156,93.8791402673846));
#10556=CARTESIAN_POINT('',(-99.6979138138435,82.1291257233197,94.3749462965302));
#10557=CARTESIAN_POINT('',(-99.3381435705427,81.7964829770672,94.8824832396091));
#10558=CARTESIAN_POINT('',(-98.9715124578088,81.4764439328764,95.3997401352975));
#10559=CARTESIAN_POINT('',(-98.5977558757492,81.1684413969352,95.9264881051539));
#10560=CARTESIAN_POINT('',(-98.2178930661348,80.8730461413726,96.461475642772));
#10561=CARTESIAN_POINT('',(-97.8328035141798,80.5905912387578,97.0047521551117));
#10562=CARTESIAN_POINT('',(-97.4439781732035,80.3217089167732,97.5533300886335));
#10563=CARTESIAN_POINT('',(-97.0513411271044,80.0658787093702,98.1071093195877));
#10564=CARTESIAN_POINT('',(-96.6557161529993,79.8232252612914,98.6641629535696));
#10565=CARTESIAN_POINT('',(-96.2574999708406,79.5935817760783,99.2256578900969));
#10566=CARTESIAN_POINT('',(-95.8576080235216,79.377023026654,99.7898450694076));
#10567=CARTESIAN_POINT('',(-95.4550503854609,79.1726274961733,100.357758596441));
#10568=CARTESIAN_POINT('',(-95.0501294478992,78.9802635448829,100.928434097334));
#10569=CARTESIAN_POINT('',(-94.6424748564024,78.7995303685153,101.502587724937));
#10570=CARTESIAN_POINT('',(-94.2336212245246,78.630851993844,102.079214666807));
#10571=CARTESIAN_POINT('',(-93.8228569709426,78.473670735788,102.65862742962));
#10572=CARTESIAN_POINT('',(-93.4106774861691,78.3279560183117,103.240044702112));
#10573=CARTESIAN_POINT('',(-92.9962910100612,78.1932702126015,103.823888928604));
#10574=CARTESIAN_POINT('',(-92.5808027487285,78.0698140127848,104.410213066288));
#10575=CARTESIAN_POINT('',(-92.3019923420918,77.9946104362641,104.803262104324));
#10576=CARTESIAN_POINT('',(-92.1622794936503,77.9588152731782,104.999999999739));
#10577=CARTESIAN_POINT('',(-76.7246212024588,94.4999999999987,101.5));
#10578=CARTESIAN_POINT('',(-99.1246212024598,94.4999999999987,101.5));
#10579=AXIS2_PLACEMENT_3D('',#10580,#10581,#10582);
#10580=CARTESIAN_POINT('',(-87.9246212024593,94.4999999999987,101.5));
#10581=DIRECTION('',(0.,0.,1.));
#10582=DIRECTION('',(1.,0.,0.));
#10583=AXIS2_PLACEMENT_3D('',#10584,#10585,#10586);
#10584=CARTESIAN_POINT('',(-87.9246212024593,94.4999999999987,101.5));
#10585=DIRECTION('',(0.,0.,1.));
#10586=DIRECTION('',(-1.,0.,0.));
#10587=CARTESIAN_POINT('',(-76.7246212024588,94.4999999999987,91.));
#10588=CARTESIAN_POINT('',(-76.7246212024588,94.4999999999987,91.));
#10589=CARTESIAN_POINT('',(-76.7246212024588,116.9,91.));
#10590=CARTESIAN_POINT('',(-99.1246212024598,116.9,91.));
#10591=CARTESIAN_POINT('',(-99.1246212024598,94.4999999999987,91.));
#10592=CARTESIAN_POINT('',(-99.1246212024598,72.0999999999978,91.));
#10593=CARTESIAN_POINT('',(-76.7246212024588,72.0999999999978,91.));
#10594=CARTESIAN_POINT('',(-76.7246212024588,94.4999999999987,91.));
#10595=CARTESIAN_POINT('',(-100.52462120246,94.4999999999987,91.));
#10596=CARTESIAN_POINT('',(-100.52462120246,94.4999999999987,91.));
#10597=CARTESIAN_POINT('',(-100.52462120246,119.7,91.));
#10598=CARTESIAN_POINT('',(-75.3246212024588,119.7,91.));
#10599=CARTESIAN_POINT('',(-75.3246212024588,94.4999999999987,91.));
#10600=CARTESIAN_POINT('',(-75.3246212024588,69.2999999999978,91.));
#10601=CARTESIAN_POINT('',(-100.52462120246,69.2999999999978,91.));
#10602=CARTESIAN_POINT('',(-100.52462120246,94.4999999999987,91.));
#10603=CARTESIAN_POINT('',(-100.52462120246,94.4999999999987,77.));
#10604=CARTESIAN_POINT('',(-100.52462120246,94.4999999999987,77.));
#10605=CARTESIAN_POINT('',(-100.52462120246,119.7,77.));
#10606=CARTESIAN_POINT('',(-75.3246212024588,119.7,77.));
#10607=CARTESIAN_POINT('',(-75.3246212024588,94.4999999999987,77.));
#10608=CARTESIAN_POINT('',(-75.3246212024588,69.2999999999978,77.));
#10609=CARTESIAN_POINT('',(-100.52462120246,69.2999999999978,77.));
#10610=CARTESIAN_POINT('',(-100.52462120246,94.4999999999987,77.));
#10611=CARTESIAN_POINT('',(101.364663781233,83.967487642529,92.0251262658469));
#10612=CARTESIAN_POINT('',(92.1622794936463,77.9588152731758,104.999999999737));
#10613=CARTESIAN_POINT('',(92.379872171461,78.014574815451,104.694188012446));
#10614=CARTESIAN_POINT('',(92.810049051522,78.13386812573,104.088080538351));
#10615=CARTESIAN_POINT('',(93.4431219795274,78.3364546303169,103.194018307997));
#10616=CARTESIAN_POINT('',(94.0594148647709,78.5602990635041,102.325065340492));
#10617=CARTESIAN_POINT('',(94.6577580467135,78.8038297641503,101.481960099562));
#10618=CARTESIAN_POINT('',(95.2322578685047,79.0631409175803,100.671167799889));
#10619=CARTESIAN_POINT('',(95.78361972566,79.3366660282252,99.8938639218654));
#10620=CARTESIAN_POINT('',(96.3072275709708,79.6199791068336,99.1563320777091));
#10621=CARTESIAN_POINT('',(96.8070131015143,79.9130185493009,98.451135137421));
#10622=CARTESIAN_POINT('',(97.2793590023642,80.2115943279668,97.7847184207888));
#10623=CARTESIAN_POINT('',(97.7251819158163,80.5139702225646,97.1568601179502));
#10624=CARTESIAN_POINT('',(98.1362263663859,80.8115809140254,96.5773675739109));
#10625=CARTESIAN_POINT('',(98.5180125267892,81.1051849639999,96.0387029494749));
#10626=CARTESIAN_POINT('',(98.867699556423,81.3896315859842,95.5453768379479));
#10627=CARTESIAN_POINT('',(99.1905138648745,81.6663092334848,95.0904065297064));
#10628=CARTESIAN_POINT('',(99.4837945390543,81.9300982467368,94.6774140246308));
#10629=CARTESIAN_POINT('',(99.7560225038889,82.1861789785895,94.2935773608723));
#10630=CARTESIAN_POINT('',(100.008180349004,82.4336696367379,93.937918449164));
#10631=CARTESIAN_POINT('',(100.244537992422,82.675281290324,93.6044815112115));
#10632=CARTESIAN_POINT('',(100.462176428768,82.9064735765776,93.2975023614978));
#10633=CARTESIAN_POINT('',(100.66521699237,83.1301197204487,93.0112094530784));
#10634=CARTESIAN_POINT('',(100.854234269897,83.3456335669512,92.7449224444558));
#10635=CARTESIAN_POINT('',(101.033301436496,83.5567245752713,92.4933732126015));
#10636=CARTESIAN_POINT('',(101.20257010055,83.7627964629084,92.2550516089201));
#10637=CARTESIAN_POINT('',(101.311523488936,83.8996759026398,92.1007510001843));
#10638=CARTESIAN_POINT('',(101.364663357166,83.9674879747478,92.025126265742));
#10639=CARTESIAN_POINT('',(101.364663784477,83.967487646668,92.0251262612737));
#10640=CARTESIAN_POINT('',(101.494175815564,84.1327094710791,91.8389625733935));
#10641=CARTESIAN_POINT('',(101.744900727667,84.4650942734938,91.4660375148505));
#10642=CARTESIAN_POINT('',(102.098116773038,84.9705602929496,90.8996479935743));
#10643=CARTESIAN_POINT('',(102.425093441574,85.4762314524753,90.3302588100043));
#10644=CARTESIAN_POINT('',(102.726250280021,85.9797163622102,89.7561916708121));
#10645=CARTESIAN_POINT('',(103.002062580559,86.4784764439706,89.1812190446594));
#10646=CARTESIAN_POINT('',(103.255054523812,86.9736073508571,88.6063325694446));
#10647=CARTESIAN_POINT('',(103.485920767538,87.4634997737139,88.0349460250459));
#10648=CARTESIAN_POINT('',(103.697465392839,87.9516021031823,87.4646949791696));
#10649=CARTESIAN_POINT('',(103.889048003532,88.433957081591,86.8970421127478));
#10650=CARTESIAN_POINT('',(104.061946781649,88.910720843627,86.3337385601143));
#10651=CARTESIAN_POINT('',(104.215520635988,89.3762560092642,85.7822515516235));
#10652=CARTESIAN_POINT('',(104.351870252393,89.83236207843,85.2418765619276));
#10653=CARTESIAN_POINT('',(104.470946131431,90.2743262984596,84.7159711333326));
#10654=CARTESIAN_POINT('',(104.574692841614,90.7042775649543,84.2029562898));
#10655=CARTESIAN_POINT('',(104.663781057917,91.1194177024098,83.7067450346582));
#10656=CARTESIAN_POINT('',(104.740478541906,91.5249331963388,83.2217620298296));
#10657=CARTESIAN_POINT('',(104.805662197703,91.9209303977819,82.7480750243973));
#10658=CARTESIAN_POINT('',(104.860403974034,92.3096413846039,82.2818754444837));
#10659=CARTESIAN_POINT('',(104.905087017126,92.6891540604733,81.8262809751524));
#10660=CARTESIAN_POINT('',(104.94068562662,93.0623649854596,81.3783850885099));
#10661=CARTESIAN_POINT('',(104.967648512063,93.4289625920216,80.9382520817298));
#10662=CARTESIAN_POINT('',(104.986501535143,93.7907474852499,80.5034344292955));
#10663=CARTESIAN_POINT('',(104.997570097456,94.1470242120835,80.0750973664714));
#10664=CARTESIAN_POINT('',(105.000000031406,94.3829174520792,79.7914923735306));
#10665=CARTESIAN_POINT('',(105.,94.4999999999987,79.6507575950825));
#10666=CARTESIAN_POINT('',(101.364663781233,105.032512357469,92.025126265847));
#10667=CARTESIAN_POINT('',(105.,94.4999999999987,79.6507575950825));
#10668=CARTESIAN_POINT('',(105.000000003418,94.5119545926862,79.6651280663422));
#10669=CARTESIAN_POINT('',(104.999974756701,94.5360153426642,79.6940511973846));
#10670=CARTESIAN_POINT('',(104.999859879709,94.572308182501,79.7376782681209));
#10671=CARTESIAN_POINT('',(104.999664558617,94.6090947769553,79.7818985507952));
#10672=CARTESIAN_POINT('',(104.999385908816,94.6463333140989,79.8266620553882));
#10673=CARTESIAN_POINT('',(104.999019105885,94.6842063130085,79.8721882763158));
#10674=CARTESIAN_POINT('',(104.998560256752,94.7226901513326,79.9184479524544));
#10675=CARTESIAN_POINT('',(104.99793810287,94.7664883496013,79.97109564477));
#10676=CARTESIAN_POINT('',(104.997069471634,94.817803004418,80.0327784665105));
#10677=CARTESIAN_POINT('',(104.995828690194,94.8789437035087,80.106270458057));
#10678=CARTESIAN_POINT('',(104.99408630723,94.9512399487769,80.1931679336789));
#10679=CARTESIAN_POINT('',(104.991727269315,95.0335277665139,80.2920769296805));
#10680=CARTESIAN_POINT('',(104.988638919083,95.1246434928189,80.4015914458263));
#10681=CARTESIAN_POINT('',(104.985254131095,95.2106434195008,80.5049463545953));
#10682=CARTESIAN_POINT('',(104.981772304518,95.2893199628656,80.5994871283606));
#10683=CARTESIAN_POINT('',(104.978389419546,95.3592280367209,80.6834971693382));
#10684=CARTESIAN_POINT('',(104.974733747896,95.4289366596384,80.7672671888496));
#10685=CARTESIAN_POINT('',(104.970107060301,95.510745509169,80.8655758297532));
#10686=CARTESIAN_POINT('',(104.964195779183,95.6064811137866,80.9806114797344));
#10687=CARTESIAN_POINT('',(104.956662667815,95.7170938316615,81.113501113698));
#10688=CARTESIAN_POINT('',(104.948684081042,95.8237968268069,81.2416620532332));
#10689=CARTESIAN_POINT('',(104.940374423856,95.9264417185175,81.3649060116468));
#10690=CARTESIAN_POINT('',(104.93175140303,96.0259758020484,81.4843872470869));
#10691=CARTESIAN_POINT('',(104.922033579956,96.1308099338668,81.6102525678834));
#10692=CARTESIAN_POINT('',(104.910995876946,96.2421844186992,81.7439702118424));
#10693=CARTESIAN_POINT('',(104.898614926912,96.359127401587,81.8843679024709));
#10694=CARTESIAN_POINT('',(104.884625313069,96.4828665373597,82.032905182679));
#10695=CARTESIAN_POINT('',(104.869146290306,96.6111921917453,82.1869131512448));
#10696=CARTESIAN_POINT('',(104.849632678362,96.7630805778123,82.369139780704));
#10697=CARTESIAN_POINT('',(104.825062328283,96.9407710142074,82.5822035132175));
#10698=CARTESIAN_POINT('',(104.793858558241,97.1482278314486,82.8307588695525));
#10699=CARTESIAN_POINT('',(104.760433517664,97.3528052669664,83.0754985738865));
#10700=CARTESIAN_POINT('',(104.725210881778,97.5531676404237,83.315130167405));
#10701=CARTESIAN_POINT('',(104.688416750792,97.7494317800784,83.5498867519583));
#10702=CARTESIAN_POINT('',(104.647307217349,97.9549997199835,83.7957092897159));
#10703=CARTESIAN_POINT('',(104.601200370705,98.1713120860489,84.0542593952077));
#10704=CARTESIAN_POINT('',(104.549962311665,98.3970287773601,84.3238443227428));
#10705=CARTESIAN_POINT('',(104.492122955877,98.636278764689,84.6092828705533));
#10706=CARTESIAN_POINT('',(104.427743299237,98.8862976812036,84.9071161629905));
#10707=CARTESIAN_POINT('',(104.355883077096,99.1484351138083,85.2188296734097));
#10708=CARTESIAN_POINT('',(104.276694682825,99.4199704262299,85.5407794866835));
#10709=CARTESIAN_POINT('',(104.189350998867,99.701673368868,85.8745940365795));
#10710=CARTESIAN_POINT('',(104.09468749553,99.9890916167478,86.2150226046514));
#10711=CARTESIAN_POINT('',(103.992437521925,100.281744672815,86.5611928571083));
#10712=CARTESIAN_POINT('',(103.8828442656,100.577886548761,86.9108061940293));
#10713=CARTESIAN_POINT('',(103.764742945877,100.879509862215,87.2659145622412));
#10714=CARTESIAN_POINT('',(103.638244445579,101.185130181905,87.6244894710616));
#10715=CARTESIAN_POINT('',(103.502555524295,101.495538169524,87.9869774944064));
#10716=CARTESIAN_POINT('',(103.3581417048,101.80866478462,88.3524452523924));
#10717=CARTESIAN_POINT('',(103.204056561385,102.125589584577,88.7215068198204));
#10718=CARTESIAN_POINT('',(103.040798523314,102.444381782441,89.0915378930687));
#10719=CARTESIAN_POINT('',(102.86794633828,102.765110649226,89.4621585197618));
#10720=CARTESIAN_POINT('',(102.685499635244,103.086918533385,89.8319297740476));
#10721=CARTESIAN_POINT('',(102.492351085587,103.410857055144,90.2015063876739));
#10722=CARTESIAN_POINT('',(102.288417307346,103.736107975861,90.5693623365317));
#10723=CARTESIAN_POINT('',(102.073523310867,104.062090848547,90.9360099158847));
#10724=CARTESIAN_POINT('',(101.848076351925,104.387470943542,91.3008556664864));
#10725=CARTESIAN_POINT('',(101.611960171153,104.71177633135,91.6643883179665));
#10726=CARTESIAN_POINT('',(101.448223850314,104.925892034189,91.9049935911368));
#10727=CARTESIAN_POINT('',(101.364663783633,105.032512354406,92.0251262623404));
#10728=CARTESIAN_POINT('',(99.6513184698276,106.9118142219,94.4408523163294));
#10729=CARTESIAN_POINT('',(101.364663357169,105.032512025252,92.0251262657424));
#10730=CARTESIAN_POINT('',(101.331902076087,105.074316986142,92.0718789499878));
#10731=CARTESIAN_POINT('',(101.266005025699,105.157600697831,92.1656366067517));
#10732=CARTESIAN_POINT('',(101.165952167218,105.28165425511,92.3073022800652));
#10733=CARTESIAN_POINT('',(101.064849940851,105.404642834555,92.4499253432916));
#10734=CARTESIAN_POINT('',(100.962692858561,105.526580673236,92.5936663487641));
#10735=CARTESIAN_POINT('',(100.859459549922,105.647498506501,92.7387068398342));
#10736=CARTESIAN_POINT('',(100.755102205919,105.76745398144,92.8852648511744));
#10737=CARTESIAN_POINT('',(100.649571618994,105.88650183561,93.0335602812387));
#10738=CARTESIAN_POINT('',(100.542850942077,106.004655929781,93.1837684536577));
#10739=CARTESIAN_POINT('',(100.434963577189,106.121885221656,93.3360081844864));
#10740=CARTESIAN_POINT('',(100.325930562377,106.238162761092,93.4901110544634));
#10741=CARTESIAN_POINT('',(100.215821855697,106.353411564571,93.6458396516637));
#10742=CARTESIAN_POINT('',(100.104714569156,106.467553096351,93.8029460520697));
#10743=CARTESIAN_POINT('',(99.9927165860745,106.580482686877,93.9611396953565));
#10744=CARTESIAN_POINT('',(99.879866022064,106.692171802642,94.1202300553332));
#10745=CARTESIAN_POINT('',(99.7662037227836,106.802592924175,94.28002498574));
#10746=CARTESIAN_POINT('',(99.6897096450474,106.875538396923,94.3871845609947));
#10747=CARTESIAN_POINT('',(99.6513164031153,106.911812037272,94.4408523149984));
#10748=CARTESIAN_POINT('',(88.5482234665394,111.563987848557,103.653109737501));
#10749=CARTESIAN_POINT('',(99.6513184698289,106.911814221899,94.4408523163301));
#10750=CARTESIAN_POINT('',(99.5489199219641,107.008540267886,94.581440856514));
#10751=CARTESIAN_POINT('',(99.3415694691828,107.199675355125,94.8590371341102));
#10752=CARTESIAN_POINT('',(99.0218932107041,107.479955810429,95.2629040484456));
#10753=CARTESIAN_POINT('',(98.6931594176111,107.753993035072,95.6521988855637));
#10754=CARTESIAN_POINT('',(98.3544443178056,108.02219916427,96.0244114081342));
#10755=CARTESIAN_POINT('',(98.0072141734658,108.283072451788,96.3792521960699));
#10756=CARTESIAN_POINT('',(97.6524485337283,108.535704198924,96.7190930940393));
#10757=CARTESIAN_POINT('',(97.2914590449913,108.779133569329,97.0448641728191));
#10758=CARTESIAN_POINT('',(96.9242922896617,109.013355121185,97.360220933416));
#10759=CARTESIAN_POINT('',(96.5514534983939,109.238028697494,97.6628869060116));
#10760=CARTESIAN_POINT('',(96.1744614677292,109.452279213847,97.9528022012085));
#10761=CARTESIAN_POINT('',(95.7988605359914,109.653359410855,98.2292716449788));
#10762=CARTESIAN_POINT('',(95.4254779892624,109.841520660678,98.4943338252514));
#10763=CARTESIAN_POINT('',(95.0586599671745,110.015410424094,98.7487035596137));
#10764=CARTESIAN_POINT('',(94.6955094048617,110.17720257814,98.9903403545705));
#10765=CARTESIAN_POINT('',(94.3390932799394,110.326291864282,99.2206519766077));
#10766=CARTESIAN_POINT('',(93.9864290958819,110.464639395667,99.4442943058408));
#10767=CARTESIAN_POINT('',(93.6397989026349,110.591923682046,99.6622717000602));
#10768=CARTESIAN_POINT('',(93.2994292822485,110.708679729517,99.8763405703426));
#10769=CARTESIAN_POINT('',(92.9718317055773,110.813555119621,100.085206820749));
#10770=CARTESIAN_POINT('',(92.6531972693557,110.908665726978,100.285648479259));
#10771=CARTESIAN_POINT('',(92.3485861042039,110.993303861183,100.477525306102));
#10772=CARTESIAN_POINT('',(92.0570184851227,111.068641525342,100.663183086914));
#10773=CARTESIAN_POINT('',(91.7825792708654,111.134584973418,100.841484710775));
#10774=CARTESIAN_POINT('',(91.5204877311205,111.193136192803,101.016539680049));
#10775=CARTESIAN_POINT('',(91.2726330769743,111.244544305816,101.18748326287));
#10776=CARTESIAN_POINT('',(91.0383880463879,111.289597054617,101.355970896849));
#10777=CARTESIAN_POINT('',(90.8219800986845,111.328209462822,101.515597883451));
#10778=CARTESIAN_POINT('',(90.6200829579276,111.361661827773,101.667843911541));
#10779=CARTESIAN_POINT('',(90.4348723766463,111.390175425242,101.81145932884));
#10780=CARTESIAN_POINT('',(90.2630105389478,111.414774193807,101.948805749093));
#10781=CARTESIAN_POINT('',(90.1061570116065,111.435676747865,102.078189799688));
#10782=CARTESIAN_POINT('',(89.9591655868548,111.453935539492,102.203466801332));
#10783=CARTESIAN_POINT('',(89.8216923641478,111.4698464966,102.32457544301));
#10784=CARTESIAN_POINT('',(89.6918252259721,111.483837985201,102.443075358927));
#10785=CARTESIAN_POINT('',(89.571627710748,111.495893085168,102.555548654572));
#10786=CARTESIAN_POINT('',(89.4593600392593,111.506381209609,102.663261408727));
#10787=CARTESIAN_POINT('',(89.3558795279239,111.515388015156,102.764951847419));
#10788=CARTESIAN_POINT('',(89.259404372229,111.523212397689,102.861979036599));
#10789=CARTESIAN_POINT('',(89.1707826826107,111.529917648342,102.95308676231));
#10790=CARTESIAN_POINT('',(89.0872906158035,111.535814216144,103.040718537642));
#10791=CARTESIAN_POINT('',(89.0085227213102,111.541002186764,103.125057358485));
#10792=CARTESIAN_POINT('',(88.9331371902181,111.545623959386,103.20735418467));
#10793=CARTESIAN_POINT('',(88.8620335088246,111.549676598943,103.286451118261));
#10794=CARTESIAN_POINT('',(88.7941780981213,111.55326756715,103.363264689948));
#10795=CARTESIAN_POINT('',(88.7296303268214,111.556433021847,103.437762958916));
#10796=CARTESIAN_POINT('',(88.6673442093622,111.559255503622,103.510829623903));
#10797=CARTESIAN_POINT('',(88.6072253164469,111.561764613739,103.582260037368));
#10798=CARTESIAN_POINT('',(88.567730848909,111.563275313725,103.62965083684));
#10799=CARTESIAN_POINT('',(88.5482399159036,111.563987631485,103.653123293939));
#10800=CARTESIAN_POINT('',(88.5482450404461,111.563985280352,103.65312758085));
#10801=CARTESIAN_POINT('',(88.5011940353145,111.565705555707,103.710016218689));
#10802=CARTESIAN_POINT('',(88.4070127032185,111.568758986531,103.823649588661));
#10803=CARTESIAN_POINT('',(88.2654778491983,111.57217240271,103.993575815529));
#10804=CARTESIAN_POINT('',(88.1236244222535,111.574415760594,104.162940371335));
#10805=CARTESIAN_POINT('',(87.9814003630854,111.575481978579,104.331632446901));
#10806=CARTESIAN_POINT('',(87.8387410411602,111.575361573659,104.499573210451));
#10807=CARTESIAN_POINT('',(87.6957355680482,111.574044663276,104.666875166768));
#10808=CARTESIAN_POINT('',(87.5524582187131,111.571523233872,104.833678958563));
#10809=CARTESIAN_POINT('',(87.4568289791744,111.569037451154,104.944596304628));
#10810=CARTESIAN_POINT('',(87.408995692761,111.567592476739,105.000006727443));
#10811=CARTESIAN_POINT('',(99.1246212024598,94.4999999999987,101.5));
#10812=CARTESIAN_POINT('',(76.7246212024588,94.4999999999987,101.5));
#10813=AXIS2_PLACEMENT_3D('',#10814,#10815,#10816);
#10814=CARTESIAN_POINT('',(87.9246212024593,94.4999999999987,101.5));
#10815=DIRECTION('',(0.,0.,1.));
#10816=DIRECTION('',(1.,0.,0.));
#10817=AXIS2_PLACEMENT_3D('',#10818,#10819,#10820);
#10818=CARTESIAN_POINT('',(87.9246212024593,94.4999999999987,101.5));
#10819=DIRECTION('',(0.,0.,1.));
#10820=DIRECTION('',(-1.,0.,0.));
#10821=CARTESIAN_POINT('',(99.1246212024598,94.4999999999987,91.));
#10822=CARTESIAN_POINT('',(99.1246212024598,94.4999999999987,91.));
#10823=CARTESIAN_POINT('',(99.1246212024598,72.0999999999978,91.));
#10824=CARTESIAN_POINT('',(76.7246212024588,72.0999999999978,91.));
#10825=CARTESIAN_POINT('',(76.7246212024588,94.4999999999987,91.));
#10826=CARTESIAN_POINT('',(76.7246212024588,116.9,91.));
#10827=CARTESIAN_POINT('',(99.1246212024598,116.9,91.));
#10828=CARTESIAN_POINT('',(99.1246212024598,94.4999999999987,91.));
#10829=CARTESIAN_POINT('',(100.52462120246,94.4999999999987,91.));
#10830=CARTESIAN_POINT('',(100.52462120246,94.4999999999987,91.));
#10831=CARTESIAN_POINT('',(100.52462120246,119.7,91.));
#10832=CARTESIAN_POINT('',(75.3246212024588,119.7,91.));
#10833=CARTESIAN_POINT('',(75.3246212024588,94.4999999999987,91.));
#10834=CARTESIAN_POINT('',(75.3246212024588,69.2999999999978,91.));
#10835=CARTESIAN_POINT('',(100.52462120246,69.2999999999978,91.));
#10836=CARTESIAN_POINT('',(100.52462120246,94.4999999999987,91.));
#10837=CARTESIAN_POINT('',(100.52462120246,94.4999999999987,77.));
#10838=CARTESIAN_POINT('',(100.52462120246,94.4999999999987,77.));
#10839=CARTESIAN_POINT('',(100.52462120246,119.7,77.));
#10840=CARTESIAN_POINT('',(75.3246212024588,119.7,77.));
#10841=CARTESIAN_POINT('',(75.3246212024588,94.4999999999987,77.));
#10842=CARTESIAN_POINT('',(75.3246212024588,69.2999999999978,77.));
#10843=CARTESIAN_POINT('',(100.52462120246,69.2999999999978,77.));
#10844=CARTESIAN_POINT('',(100.52462120246,94.4999999999987,77.));
#10845=CARTESIAN_POINT('',(101.924621202159,109.350284008625,-87.075378797542));
#10846=CARTESIAN_POINT('',(101.901740820412,109.314416545829,-87.0982669346356));
#10847=CARTESIAN_POINT('',(101.856546892565,109.242459033219,-87.1448942672289));
#10848=CARTESIAN_POINT('',(101.790740468517,109.134278065336,-87.2171323993974));
#10849=CARTESIAN_POINT('',(101.72680738585,109.025620836131,-87.2918518672098));
#10850=CARTESIAN_POINT('',(101.664912894934,108.916717545412,-87.3689240115942));
#10851=CARTESIAN_POINT('',(101.605220700483,108.807824609736,-87.4481852031491));
#10852=CARTESIAN_POINT('',(101.547890404819,108.699227012498,-87.5294311397338));
#10853=CARTESIAN_POINT('',(101.493001357602,108.591089168888,-87.612531555695));
#10854=CARTESIAN_POINT('',(101.440571312559,108.48346910298,-87.697430451533));
#10855=CARTESIAN_POINT('',(101.390585461201,108.376355937068,-87.7841267460196));
#10856=CARTESIAN_POINT('',(101.343016841727,108.269701943968,-87.8726543437969));
#10857=CARTESIAN_POINT('',(101.29785394997,108.163480274172,-87.9630359554265));
#10858=CARTESIAN_POINT('',(101.255113435832,108.057720502465,-88.0552503883161));
#10859=CARTESIAN_POINT('',(101.213350462772,107.948636207158,-88.1526846284351));
#10860=CARTESIAN_POINT('',(101.17154294083,107.832549849871,-88.2590094826969));
#10861=CARTESIAN_POINT('',(101.128920364215,107.705211142652,-88.3788779246101));
#10862=CARTESIAN_POINT('',(101.087539880491,107.570072750563,-88.5099412708131));
#10863=CARTESIAN_POINT('',(101.048951597392,107.429974878391,-88.650125146675));
#10864=CARTESIAN_POINT('',(101.014650832305,107.289005933956,-88.7957081060232));
#10865=CARTESIAN_POINT('',(100.985469965246,107.149900981532,-88.9440326078375));
#10866=CARTESIAN_POINT('',(100.961988812844,107.016335229604,-89.0909885035783));
#10867=CARTESIAN_POINT('',(100.94406394347,106.89052708645,-89.2336014738912));
#10868=CARTESIAN_POINT('',(100.930827267253,106.770010688166,-89.3741499388703));
#10869=CARTESIAN_POINT('',(100.921749298211,106.651683677903,-89.5160635122404));
#10870=CARTESIAN_POINT('',(100.916796797688,106.53372432645,-89.6616334394528));
#10871=CARTESIAN_POINT('',(100.916142374724,106.416874243732,-89.8100859574645));
#10872=CARTESIAN_POINT('',(100.919830166109,106.302322698066,-89.959947534124));
#10873=CARTESIAN_POINT('',(100.927696605736,106.191912699872,-90.1087028874747));
#10874=CARTESIAN_POINT('',(100.93936035326,106.08670226281,-90.2546207270876));
#10875=CARTESIAN_POINT('',(100.954190308413,105.988198321267,-90.3951469436104));
#10876=CARTESIAN_POINT('',(100.971803480041,105.895493341353,-90.5310565927989));
#10877=CARTESIAN_POINT('',(100.991476068828,105.80971040676,-90.6601927369048));
#10878=CARTESIAN_POINT('',(101.012740191358,105.730397141844,-90.7826647487409));
#10879=CARTESIAN_POINT('',(101.034564970292,105.658958110707,-90.8956494948316));
#10880=CARTESIAN_POINT('',(101.056872515645,105.593584320616,-91.0013774441085));
#10881=CARTESIAN_POINT('',(101.079224631822,105.534087621577,-91.0996504919319));
#10882=CARTESIAN_POINT('',(101.101865359755,105.478773545965,-91.1928749072186));
#10883=CARTESIAN_POINT('',(101.124507931877,105.427539582958,-91.2808947353678));
#10884=CARTESIAN_POINT('',(101.147641286657,105.378750558798,-91.3662854691428));
#10885=CARTESIAN_POINT('',(101.171486409024,105.331683402493,-91.4501908210681));
#10886=CARTESIAN_POINT('',(101.196367158397,105.285614833181,-91.5338573422756));
#10887=CARTESIAN_POINT('',(101.222192897813,105.240663752411,-91.6170427665292));
#10888=CARTESIAN_POINT('',(101.248951714893,105.196794731871,-91.6997804953733));
#10889=CARTESIAN_POINT('',(101.276572478321,105.154068903049,-91.7819214851386));
#10890=CARTESIAN_POINT('',(101.305051995253,105.112436198228,-91.8635265217403));
#10891=CARTESIAN_POINT('',(101.334335862172,105.071921525668,-91.9445095014236));
#10892=CARTESIAN_POINT('',(101.354467530981,105.045528742032,-91.99832015265));
#10893=CARTESIAN_POINT('',(101.364663357168,105.032512025252,-92.0251262657418));
#10894=CARTESIAN_POINT('',(99.5088951505351,111.999999999999,-89.4911048465829));
#10895=CARTESIAN_POINT('',(99.4899422376309,111.959863234338,-89.5100719143359));
#10896=CARTESIAN_POINT('',(99.4526165362781,111.879321356191,-89.5488406577379));
#10897=CARTESIAN_POINT('',(99.3986230856564,111.758209688571,-89.6092733098474));
#10898=CARTESIAN_POINT('',(99.3465315714069,111.636517593508,-89.672157582089));
#10899=CARTESIAN_POINT('',(99.2964922689269,111.514520541261,-89.7373826678893));
#10900=CARTESIAN_POINT('',(99.2486506743551,111.392525878859,-89.8048030104914));
#10901=CARTESIAN_POINT('',(99.2031428504606,111.270870559413,-89.8742350396489));
#10902=CARTESIAN_POINT('',(99.160031047354,111.149743354842,-89.9455636184927));
#10903=CARTESIAN_POINT('',(99.119324398679,111.029205819505,-90.0187412095014));
#10904=CARTESIAN_POINT('',(99.0810076829131,110.909240919427,-90.0937678963788));
#10905=CARTESIAN_POINT('',(99.0450582009042,110.789792271756,-90.1706740640158));
#10906=CARTESIAN_POINT('',(99.0114670377469,110.670828307191,-90.2494803820097));
#10907=CARTESIAN_POINT('',(98.9802474922843,110.552380606822,-90.3301697736064));
#10908=CARTESIAN_POINT('',(98.950367160184,110.430208857914,-90.415716850212));
#10909=CARTESIAN_POINT('',(98.9212045730294,110.300195349404,-90.5093914115592));
#10910=CARTESIAN_POINT('',(98.8924525249462,110.157580334839,-90.6153826872619));
#10911=CARTESIAN_POINT('',(98.8657921082785,110.006230098208,-90.7317186562579));
#10912=CARTESIAN_POINT('',(98.8424644446143,109.849324439569,-90.8566349749984));
#10913=CARTESIAN_POINT('',(98.8235194062979,109.69144259831,-90.9868563659336));
#10914=CARTESIAN_POINT('',(98.8094915118366,109.535648747452,-91.1200231707619));
#10915=CARTESIAN_POINT('',(98.8005606717411,109.386059480952,-91.2524248983088));
#10916=CARTESIAN_POINT('',(98.7963418597159,109.245159089322,-91.3813289484523));
#10917=CARTESIAN_POINT('',(98.7962356714201,109.110184939492,-91.5087457315388));
#10918=CARTESIAN_POINT('',(98.8000564272949,108.977447656579,-91.6379769390985));
#10919=CARTESIAN_POINT('',(98.8080050559953,108.844707755007,-91.7713386840499));
#10920=CARTESIAN_POINT('',(98.820258116065,108.712407131677,-91.9085898366874));
#10921=CARTESIAN_POINT('',(98.8368119082324,108.581932082951,-92.0484163899976));
#10922=CARTESIAN_POINT('',(98.8574448450021,108.454999537537,-92.1889749903718));
#10923=CARTESIAN_POINT('',(98.8817669711571,108.332866549759,-92.3286886126575));
#10924=CARTESIAN_POINT('',(98.9091770291963,108.216905604089,-92.4656588676971));
#10925=CARTESIAN_POINT('',(98.9394123395088,108.106562472775,-92.6001466362476));
#10926=CARTESIAN_POINT('',(98.9717987114365,108.002816981897,-92.7305518030665));
#10927=CARTESIAN_POINT('',(99.0060056099091,107.905247199336,-92.8569426349834));
#10928=CARTESIAN_POINT('',(99.0411820530109,107.814778678226,-92.9775937843972));
#10929=CARTESIAN_POINT('',(99.0774536378705,107.729803688788,-93.0941498122589));
#10930=CARTESIAN_POINT('',(99.1146456013758,107.649828696915,-93.2069022659025));
#10931=CARTESIAN_POINT('',(99.153161289434,107.573401237121,-93.3176267762153));
#10932=CARTESIAN_POINT('',(99.1929475770193,107.500222673613,-93.4265524415621));
#10933=CARTESIAN_POINT('',(99.2344190899988,107.429304076777,-93.5350279994359));
#10934=CARTESIAN_POINT('',(99.277922366561,107.359999318947,-93.6440104488672));
#10935=CARTESIAN_POINT('',(99.3237788325649,107.291884546491,-93.7542217358675));
#10936=CARTESIAN_POINT('',(99.3776991094829,107.21717439763,-93.878728162217));
#10937=CARTESIAN_POINT('',(99.4405764595674,107.136839143045,-94.0175062650016));
#10938=CARTESIAN_POINT('',(99.5134608043125,107.05194648663,-94.1705977978189));
#10939=CARTESIAN_POINT('',(99.5839899946231,106.977051448575,-94.3118857576166));
#10940=CARTESIAN_POINT('',(99.630858488051,106.931157908674,-94.402115341549));
#10941=CARTESIAN_POINT('',(99.6513164037149,106.911812036711,-94.4408523151822));
#10942=CARTESIAN_POINT('',(87.0753783041985,111.999998128048,-101.92462070917));
#10943=CARTESIAN_POINT('',(87.0973944161044,111.987319472671,-101.950717452555));
#10944=CARTESIAN_POINT('',(87.1415152770815,111.962524215234,-102.002991180939));
#10945=CARTESIAN_POINT('',(87.2080171304322,111.926979687711,-102.081706801751));
#10946=CARTESIAN_POINT('',(87.274650906419,111.893170828701,-102.160503984221));
#10947=CARTESIAN_POINT('',(87.3413766231014,111.861095505277,-102.239335678309));
#10948=CARTESIAN_POINT('',(87.4079594417146,111.830837706711,-102.31792498268));
#10949=CARTESIAN_POINT('',(87.4743332800315,111.802387352708,-102.396194943084));
#10950=CARTESIAN_POINT('',(87.5402423921035,111.775802990495,-102.473845588763));
#10951=CARTESIAN_POINT('',(87.6058206597223,111.75097731739,-102.551036222371));
#10952=CARTESIAN_POINT('',(87.6707947100328,111.72796179485,-102.627447314682));
#10953=CARTESIAN_POINT('',(87.7351164876947,111.706710377312,-102.703027148858));
#10954=CARTESIAN_POINT('',(87.7983415228151,111.687290589044,-102.777256147783));
#10955=CARTESIAN_POINT('',(87.8606790685481,111.669553050047,-102.850383596696));
#10956=CARTESIAN_POINT('',(87.9219221192358,111.653478669614,-102.922169818967));
#10957=CARTESIAN_POINT('',(87.9822864239364,111.638936293812,-102.992870778752));
#10958=CARTESIAN_POINT('',(88.0415682188647,111.625900387581,-103.062250903878));
#10959=CARTESIAN_POINT('',(88.1001847265143,111.614215101514,-103.130801136685));
#10960=CARTESIAN_POINT('',(88.158132853364,111.603833932602,-103.198519813588));
#10961=CARTESIAN_POINT('',(88.2155935023633,111.594685308556,-103.265619897982));
#10962=CARTESIAN_POINT('',(88.2723172663711,111.586765980848,-103.331811187598));
#10963=CARTESIAN_POINT('',(88.3284693807073,111.580008474389,-103.397289359046));
#10964=CARTESIAN_POINT('',(88.3840078506442,111.574379513146,-103.46200765065));
#10965=CARTESIAN_POINT('',(88.4391185522963,111.569827982462,-103.526184646017));
#10966=CARTESIAN_POINT('',(88.4937782847093,111.566327040988,-103.589795093638));
#10967=CARTESIAN_POINT('',(88.5301160000244,111.564667323335,-103.632056331013));
#10968=CARTESIAN_POINT('',(88.548224122552,111.564005855448,-103.653109733082));
#10969=CARTESIAN_POINT('',(87.0753985449498,70.776388939246,-101.924640956769));
#10970=CARTESIAN_POINT('',(87.0723009968955,70.8119878648577,-101.927695469753));
#10971=CARTESIAN_POINT('',(87.0664727439748,70.8834884452537,-101.93422428658));
#10972=CARTESIAN_POINT('',(87.0588870568789,70.9911339599631,-101.945243888321));
#10973=CARTESIAN_POINT('',(87.0524513806298,71.0996094437148,-101.957558012491));
#10974=CARTESIAN_POINT('',(87.0472042302225,71.2087314385658,-101.971173050028));
#10975=CARTESIAN_POINT('',(87.043176607865,71.3183199864345,-101.986088476879));
#10976=CARTESIAN_POINT('',(87.0403949239533,71.4280372589635,-102.002271829331));
#10977=CARTESIAN_POINT('',(87.0388711312499,71.5376193704333,-102.019689116569));
#10978=CARTESIAN_POINT('',(87.0386055100454,71.6468148734344,-102.038296206056));
#10979=CARTESIAN_POINT('',(87.0395883578617,71.7554843345056,-102.058060594839));
#10980=CARTESIAN_POINT('',(87.0418082860609,71.8636366960694,-102.078973974718));
#10981=CARTESIAN_POINT('',(87.045257769227,71.971309361869,-102.101034500142));
#10982=CARTESIAN_POINT('',(87.0499340682709,72.0785865496371,-102.124253828815));
#10983=CARTESIAN_POINT('',(87.0558370413854,72.1855185726389,-102.148640203256));
#10984=CARTESIAN_POINT('',(87.0629702562929,72.2921585710547,-102.174206081625));
#10985=CARTESIAN_POINT('',(87.0713381154528,72.3985306313314,-102.200959842119));
#10986=CARTESIAN_POINT('',(87.0809407892731,72.5045880299727,-102.228892966258));
#10987=CARTESIAN_POINT('',(87.0917701020331,72.6102255927129,-102.257980108679));
#10988=CARTESIAN_POINT('',(87.1038127270916,72.7153349831042,-102.288190260802));
#10989=CARTESIAN_POINT('',(87.1170590577738,72.8198626528769,-102.319503989857));
#10990=CARTESIAN_POINT('',(87.1315078544136,72.9238243883702,-102.351922647939));
#10991=CARTESIAN_POINT('',(87.1471618544946,73.0272501898241,-102.385453915275));
#10992=CARTESIAN_POINT('',(87.1640266171665,73.130171425215,-102.420108541905));
#10993=CARTESIAN_POINT('',(87.182107870172,73.2326065718243,-102.45589529787));
#10994=CARTESIAN_POINT('',(87.2014012589748,73.3345103829275,-102.492801545563));
#10995=CARTESIAN_POINT('',(87.22197412137,73.4362026809544,-102.530950624853));
#10996=CARTESIAN_POINT('',(87.2439108657544,73.5379896941814,-102.570480656736));
#10997=CARTESIAN_POINT('',(87.2674202972638,73.6406253076622,-102.611730352034));
#10998=CARTESIAN_POINT('',(87.2925644951981,73.7440861276342,-102.654757662331));
#10999=CARTESIAN_POINT('',(87.3196203550476,73.8491708793345,-102.699977360935));
#11000=CARTESIAN_POINT('',(87.3486889546475,73.955849958228,-102.747485221467));
#11001=CARTESIAN_POINT('',(87.3801049603992,74.0648508807728,-102.797741496633));
#11002=CARTESIAN_POINT('',(87.4137300741713,74.1752036275058,-102.850439817338));
#11003=CARTESIAN_POINT('',(87.4498096492677,74.2872932603273,-102.905893289999));
#11004=CARTESIAN_POINT('',(87.4883597142558,74.4007353846162,-102.964051305035));
#11005=CARTESIAN_POINT('',(87.5299068791003,74.5165556620021,-103.025617658735));
#11006=CARTESIAN_POINT('',(87.574345886535,74.6338991074626,-103.090339163628));
#11007=CARTESIAN_POINT('',(87.6219689986341,74.7530219318966,-103.158552248888));
#11008=CARTESIAN_POINT('',(87.6725934452396,74.8729897174436,-103.229912360531));
#11009=CARTESIAN_POINT('',(87.7264446345011,74.9938825919994,-103.304659054759));
#11010=CARTESIAN_POINT('',(87.7831025925444,75.1143964321512,-103.382147150739));
#11011=CARTESIAN_POINT('',(87.8426171305662,75.2343870104917,-103.462401436148));
#11012=CARTESIAN_POINT('',(87.904901381752,75.3534597276819,-103.545266854078));
#11013=CARTESIAN_POINT('',(87.9703841348973,75.4721643010822,-103.631267202304));
#11014=CARTESIAN_POINT('',(88.0389300602128,75.5899578626021,-103.720173424361));
#11015=CARTESIAN_POINT('',(88.1107304640721,75.7069015449957,-103.812186856535));
#11016=CARTESIAN_POINT('',(88.1856232369509,75.8224808790274,-103.907056661301));
#11017=CARTESIAN_POINT('',(88.2639020822507,75.9368852136105,-104.005109469455));
#11018=CARTESIAN_POINT('',(88.3452801653987,76.0494474740534,-104.105943299733));
#11019=CARTESIAN_POINT('',(88.4297730203553,76.1599900504789,-104.20954364209));
#11020=CARTESIAN_POINT('',(88.517123387344,76.2680147020178,-104.315565771167));
#11021=CARTESIAN_POINT('',(88.6074894723104,76.3735632745082,-104.42417510494));
#11022=CARTESIAN_POINT('',(88.7006685859463,76.4762509558653,-104.535102906091));
#11023=CARTESIAN_POINT('',(88.7967024401366,76.5759937947636,-104.648376322489));
#11024=CARTESIAN_POINT('',(88.8953600519889,76.6724414643933,-104.763705643092));
#11025=CARTESIAN_POINT('',(88.9965306848608,76.7653909784476,-104.88093792938));
#11026=CARTESIAN_POINT('',(89.0654290898572,76.8247889240159,-104.960103867232));
#11027=CARTESIAN_POINT('',(89.1002286511831,76.8538316622577,-104.999925776315));
#11028=CARTESIAN_POINT('',(101.924621197185,79.6497159931597,-87.0753788025159));
#11029=CARTESIAN_POINT('',(101.901740815804,79.6855834558508,-87.0982669393038));
#11030=CARTESIAN_POINT('',(101.856546888686,79.7575409682309,-87.1448942712628));
#11031=CARTESIAN_POINT('',(101.790740465644,79.8657219358052,-87.2171324025014));
#11032=CARTESIAN_POINT('',(101.726807383936,79.9743791646321,-87.2918518693588));
#11033=CARTESIAN_POINT('',(101.664912893884,80.0832824549446,-87.3689240128161));
#11034=CARTESIAN_POINT('',(101.605220700142,80.1921753902477,-87.4481852035504));
#11035=CARTESIAN_POINT('',(101.547890404981,80.3007729872299,-87.5294311395091));
#11036=CARTESIAN_POINT('',(101.493001358006,80.4089108307293,-87.6125315551386));
#11037=CARTESIAN_POINT('',(101.440571312977,80.5165308966747,-87.6974304509356));
#11038=CARTESIAN_POINT('',(101.39058546149,80.6236440627479,-87.7841267455996));
#11039=CARTESIAN_POINT('',(101.343016841834,80.7302980560473,-87.8726543436534));
#11040=CARTESIAN_POINT('',(101.297853949925,80.8365197259942,-87.9630359555343));
#11041=CARTESIAN_POINT('',(101.255113435725,80.942279497786,-88.0552503885493));
#11042=CARTESIAN_POINT('',(101.213350462683,81.0513637930869,-88.152684628656));
#11043=CARTESIAN_POINT('',(101.171542940775,81.1674501502871,-88.2590094828471));
#11044=CARTESIAN_POINT('',(101.1289203642,81.2947888573987,-88.378877924661));
#11045=CARTESIAN_POINT('',(101.087539880503,81.429927249395,-88.5099412707749));
#11046=CARTESIAN_POINT('',(101.04895159742,81.5700251215005,-88.6501251465673));
#11047=CARTESIAN_POINT('',(101.014650832335,81.7109940659087,-88.7957081058839));
#11048=CARTESIAN_POINT('',(100.985469965268,81.850099018347,-88.9440326077086));
#11049=CARTESIAN_POINT('',(100.961988812857,81.9836647703048,-89.0909885034793));
#11050=CARTESIAN_POINT('',(100.944063943476,82.1094729134936,-89.2336014738293));
#11051=CARTESIAN_POINT('',(100.930827267255,82.2299893118059,-89.3741499388401));
#11052=CARTESIAN_POINT('',(100.921749298211,82.3483163220895,-89.5160635122338));
#11053=CARTESIAN_POINT('',(100.916796797688,82.4662756735523,-89.6616334394586));
#11054=CARTESIAN_POINT('',(100.916142374724,82.5831257562711,-89.8100859574723));
#11055=CARTESIAN_POINT('',(100.919830166109,82.6976773019357,-89.9599475341295));
#11056=CARTESIAN_POINT('',(100.927696605736,82.8080873001257,-90.1087028874752));
#11057=CARTESIAN_POINT('',(100.93936035326,82.9132977371855,-90.254620727085));
#11058=CARTESIAN_POINT('',(100.954190308412,83.0118016787278,-90.395146943607));
#11059=CARTESIAN_POINT('',(100.971803480041,83.1045066586422,-90.531056592796));
#11060=CARTESIAN_POINT('',(100.991476068828,83.1902895932365,-90.6601927369032));
#11061=CARTESIAN_POINT('',(101.012740191358,83.2696028581534,-90.7826647487406));
#11062=CARTESIAN_POINT('',(101.034564970292,83.3410418892908,-90.8956494948321));
#11063=CARTESIAN_POINT('',(101.056872515646,83.4064156793817,-91.0013774441094));
#11064=CARTESIAN_POINT('',(101.079224631823,83.4659123784209,-91.0996504919329));
#11065=CARTESIAN_POINT('',(101.101865359755,83.5212264540326,-91.1928749072194));
#11066=CARTESIAN_POINT('',(101.124507931877,83.5724604170395,-91.2808947353684));
#11067=CARTESIAN_POINT('',(101.147641286657,83.6212494411995,-91.366285469143));
#11068=CARTESIAN_POINT('',(101.171486409024,83.6683165975038,-91.450190821068));
#11069=CARTESIAN_POINT('',(101.196367158397,83.7143851668161,-91.5338573422753));
#11070=CARTESIAN_POINT('',(101.222192897813,83.7593362475859,-91.6170427665288));
#11071=CARTESIAN_POINT('',(101.248951714893,83.8032052681261,-91.6997804953728));
#11072=CARTESIAN_POINT('',(101.276572478321,83.845931096948,-91.7819214851382));
#11073=CARTESIAN_POINT('',(101.305051995253,83.8875638017697,-91.86352652174));
#11074=CARTESIAN_POINT('',(101.334335862172,83.9280784743292,-91.9445095014234));
#11075=CARTESIAN_POINT('',(101.354467530981,83.9544712579652,-91.9983201526499));
#11076=CARTESIAN_POINT('',(101.364663357169,83.9674879747453,-92.0251262657419));
#11077=CARTESIAN_POINT('',(-89.1002286678779,76.8538316691454,-104.999925772536));
#11078=CARTESIAN_POINT('',(-89.0722865116901,76.8305109499284,-104.967948071176));
#11079=CARTESIAN_POINT('',(-89.016436127993,76.7826655279318,-104.903821641272));
#11080=CARTESIAN_POINT('',(-88.933426474473,76.7077795798759,-104.807866227955));
#11081=CARTESIAN_POINT('',(-88.8504664284057,76.6289889746936,-104.711290395309));
#11082=CARTESIAN_POINT('',(-88.7677574931157,76.5462899079969,-104.614292410314));
#11083=CARTESIAN_POINT('',(-88.6850339526605,76.4592053650857,-104.516521831765));
#11084=CARTESIAN_POINT('',(-88.6025664746002,76.3677764761843,-104.418251652031));
#11085=CARTESIAN_POINT('',(-88.5200986886342,76.2714400915211,-104.319131888202));
#11086=CARTESIAN_POINT('',(-88.4382482123516,76.170635228906,-104.219858115599));
#11087=CARTESIAN_POINT('',(-88.3568796235232,76.0649310388772,-104.120219468928));
#11088=CARTESIAN_POINT('',(-88.2762871269458,75.954421327719,-104.020526272097));
#11089=CARTESIAN_POINT('',(-88.1961930079955,75.8383703666487,-103.92037316494));
#11090=CARTESIAN_POINT('',(-88.1172398933073,75.7173394924095,-103.820499997632));
#11091=CARTESIAN_POINT('',(-88.0396332941397,75.5913348248549,-103.721114167134));
#11092=CARTESIAN_POINT('',(-87.9638968556132,75.4609536325747,-103.622842131154));
#11093=CARTESIAN_POINT('',(-87.8900984595593,75.3260723255141,-103.525730348329));
#11094=CARTESIAN_POINT('',(-87.8187067495053,75.1873509458135,-103.430361449292));
#11095=CARTESIAN_POINT('',(-87.7501897528237,75.0456148122614,-103.337346006557));
#11096=CARTESIAN_POINT('',(-87.6849416547841,74.9017662221939,-103.247234198555));
#11097=CARTESIAN_POINT('',(-87.6232475797889,74.7566552144829,-103.160458256922));
#11098=CARTESIAN_POINT('',(-87.5650053558123,74.6103355150243,-103.076925368372));
#11099=CARTESIAN_POINT('',(-87.5104449388174,74.4637213666601,-102.99702402814));
#11100=CARTESIAN_POINT('',(-87.4595083957545,74.3171044448034,-102.920745645111));
#11101=CARTESIAN_POINT('',(-87.4123651929039,74.1715566251566,-102.848444773188));
#11102=CARTESIAN_POINT('',(-87.3686186225656,74.0264640346525,-102.779619174243));
#11103=CARTESIAN_POINT('',(-87.3283535508145,73.8826780319735,-102.714501156439));
#11104=CARTESIAN_POINT('',(-87.2914212944607,73.7403473373351,-102.652968300096));
#11105=CARTESIAN_POINT('',(-87.2546521440654,73.5871100006606,-102.589713893603));
#11106=CARTESIAN_POINT('',(-87.2188137517558,73.4231688723004,-102.525538451965));
#11107=CARTESIAN_POINT('',(-87.1847459332494,73.2491185100623,-102.461385895172));
#11108=CARTESIAN_POINT('',(-87.1577213496326,73.0939317777521,-102.407537565004));
#11109=CARTESIAN_POINT('',(-87.1362419534664,72.9565392524711,-102.362310986751));
#11110=CARTESIAN_POINT('',(-87.1192687803191,72.8368602276383,-102.32465335698));
#11111=CARTESIAN_POINT('',(-87.1042812788196,72.7195946874965,-102.289397225967));
#11112=CARTESIAN_POINT('',(-87.0913101751905,72.60622265958,-102.256829902149));
#11113=CARTESIAN_POINT('',(-87.0800996336999,72.4959305821985,-102.226555205481));
#11114=CARTESIAN_POINT('',(-87.0705564899441,72.3891867995849,-102.198561246952));
#11115=CARTESIAN_POINT('',(-87.0624787242028,72.2851258148944,-102.172496655646));
#11116=CARTESIAN_POINT('',(-87.055785814115,72.1842239301754,-102.14836343243));
#11117=CARTESIAN_POINT('',(-87.05029636557,72.0851896225952,-102.125757164559));
#11118=CARTESIAN_POINT('',(-87.0459487670946,71.9881494847188,-102.104638134078));
#11119=CARTESIAN_POINT('',(-87.0426670150632,71.8927762836494,-102.084872121668));
#11120=CARTESIAN_POINT('',(-87.0404112052892,71.8000972233495,-102.066597308326));
#11121=CARTESIAN_POINT('',(-87.0390889364545,71.7096611788379,-102.049643396853));
#11122=CARTESIAN_POINT('',(-87.0386322824315,71.6219396656358,-102.034024130486));
#11123=CARTESIAN_POINT('',(-87.0389671102145,71.5364506361904,-102.019582175722));
#11124=CARTESIAN_POINT('',(-87.0400200408176,71.4536563713911,-102.006324166216));
#11125=CARTESIAN_POINT('',(-87.0417416510225,71.3726108018458,-101.994037242769));
#11126=CARTESIAN_POINT('',(-87.0440868771842,71.2933042564147,-101.982674742375));
#11127=CARTESIAN_POINT('',(-87.0470324553627,71.215269178626,-101.972132681355));
#11128=CARTESIAN_POINT('',(-87.0505213799491,71.1389859857734,-101.962437067132));
#11129=CARTESIAN_POINT('',(-87.0545348137822,71.0640374165676,-101.953495849353));
#11130=CARTESIAN_POINT('',(-87.0590335602398,70.9905365737982,-101.945289982229));
#11131=CARTESIAN_POINT('',(-87.0640102941397,70.9181319817242,-101.937751615336));
#11132=CARTESIAN_POINT('',(-87.0694305208373,70.8469291549837,-101.930864775995));
#11133=CARTESIAN_POINT('',(-87.073362416727,70.7997873825072,-101.92664881809));
#11134=CARTESIAN_POINT('',(-87.0753985443201,70.7763889353466,-101.924640957551));
#11135=CARTESIAN_POINT('',(-101.364663360404,83.9674879788798,-92.0251262611736));
#11136=CARTESIAN_POINT('',(-101.349024201237,83.9475220250869,-91.9840089758135));
#11137=CARTESIAN_POINT('',(-101.318437798572,83.906847684996,-91.9015192707662));
#11138=CARTESIAN_POINT('',(-101.274834081428,83.8438322650512,-91.7775042695454));
#11139=CARTESIAN_POINT('',(-101.233446018196,83.7786522983251,-91.6529433711263));
#11140=CARTESIAN_POINT('',(-101.194394468197,83.71142005946,-91.5281004458366));
#11141=CARTESIAN_POINT('',(-101.157791395264,83.642278328899,-91.4032694135424));
#11142=CARTESIAN_POINT('',(-101.123736363659,83.5714053925586,-91.2787769671053));
#11143=CARTESIAN_POINT('',(-101.092272707123,83.4989149112558,-91.1548115447023));
#11144=CARTESIAN_POINT('',(-101.063404308352,83.4248556794856,-91.0314396566601));
#11145=CARTESIAN_POINT('',(-101.037117631015,83.3492286314655,-90.9086488611449));
#11146=CARTESIAN_POINT('',(-101.013395718817,83.2720041540567,-90.7863844412838));
#11147=CARTESIAN_POINT('',(-100.992233107819,83.1931624075937,-90.6646156083537));
#11148=CARTESIAN_POINT('',(-100.973640185702,83.1127218379914,-90.5433763028513));
#11149=CARTESIAN_POINT('',(-100.957046384199,83.0277279587834,-90.418325839877));
#11150=CARTESIAN_POINT('',(-100.942321860441,82.9349787137694,-90.2852483540077));
#11151=CARTESIAN_POINT('',(-100.929773633529,82.8304151895169,-90.1392715072217));
#11152=CARTESIAN_POINT('',(-100.920745359859,82.7160861589533,-89.9843533162197));
#11153=CARTESIAN_POINT('',(-100.916184050163,82.5938010240651,-89.8237497984896));
#11154=CARTESIAN_POINT('',(-100.916633954944,82.4668061835244,-89.6621476244484));
#11155=CARTESIAN_POINT('',(-100.922272210772,82.3374199286343,-89.5026821024279));
#11156=CARTESIAN_POINT('',(-100.932736975764,82.209227514809,-89.3495665024736));
#11157=CARTESIAN_POINT('',(-100.9472606292,82.0848234395569,-89.2053439944038));
#11158=CARTESIAN_POINT('',(-100.965552594009,81.9622201470135,-89.0671878367894));
#11159=CARTESIAN_POINT('',(-100.987873893427,81.8384261131606,-88.9315413636289));
#11160=CARTESIAN_POINT('',(-101.014686667963,81.7114425532741,-88.7963163154353));
#11161=CARTESIAN_POINT('',(-101.045979806049,81.5819444109153,-88.6623628975693));
#11162=CARTESIAN_POINT('',(-101.081476458173,81.4512169899851,-88.5310445450295));
#11163=CARTESIAN_POINT('',(-101.120489572911,81.3214544759451,-88.4044739665284));
#11164=CARTESIAN_POINT('',(-101.162304861489,81.1941672313724,-88.2838639231927));
#11165=CARTESIAN_POINT('',(-101.205806778473,81.0715831885132,-88.1709420217705));
#11166=CARTESIAN_POINT('',(-101.250817678021,80.9530262498201,-88.0646679343344));
#11167=CARTESIAN_POINT('',(-101.296224061086,80.840377927908,-87.9663291689156));
#11168=CARTESIAN_POINT('',(-101.341629091215,80.73354282084,-87.8754071122805));
#11169=CARTESIAN_POINT('',(-101.385500437472,80.6349837025211,-87.7935118058333));
#11170=CARTESIAN_POINT('',(-101.428247094088,80.5427548404274,-87.7185695117892));
#11171=CARTESIAN_POINT('',(-101.469432832648,80.4570290538877,-87.6503645500806));
#11172=CARTESIAN_POINT('',(-101.509793643228,80.3757073032558,-87.5869544539217));
#11173=CARTESIAN_POINT('',(-101.549038392196,80.2989256342063,-87.5282217132282));
#11174=CARTESIAN_POINT('',(-101.588159435393,80.2244373878422,-87.4722918286305));
#11175=CARTESIAN_POINT('',(-101.627600916751,80.1512448639098,-87.4183358906054));
#11176=CARTESIAN_POINT('',(-101.667921516669,80.0782606799267,-87.3655247879622));
#11177=CARTESIAN_POINT('',(-101.708987791201,80.0056961692434,-87.3139947919972));
#11178=CARTESIAN_POINT('',(-101.750796214691,79.9335221976335,-87.263705264643));
#11179=CARTESIAN_POINT('',(-101.793250876241,79.8618687859377,-87.2147262643823));
#11180=CARTESIAN_POINT('',(-101.836361960132,79.790682917484,-87.1670003789604));
#11181=CARTESIAN_POINT('',(-101.880062097872,79.7200397086365,-87.1205561455688));
#11182=CARTESIAN_POINT('',(-101.909704513769,79.6730995300295,-87.0903006039587));
#11183=CARTESIAN_POINT('',(-101.924621202308,79.6497159915195,-87.0753787973929));
#11184=CARTESIAN_POINT('',(-101.364663357042,105.032512025414,-92.0251262658565));
#11185=CARTESIAN_POINT('',(-101.349024198093,105.052477978918,-91.9840089801329));
#11186=CARTESIAN_POINT('',(-101.318437795871,105.09315231843,-91.9015192743737));
#11187=CARTESIAN_POINT('',(-101.274834079381,105.156167737535,-91.7775042721542));
#11188=CARTESIAN_POINT('',(-101.233446016773,105.221347703472,-91.6529433728358));
#11189=CARTESIAN_POINT('',(-101.194394467342,105.288579941627,-91.5281004467759));
#11190=CARTESIAN_POINT('',(-101.157791394892,105.357721671588,-91.4032694138744));
#11191=CARTESIAN_POINT('',(-101.123736363666,105.428594607456,-91.278776967007));
#11192=CARTESIAN_POINT('',(-101.092272707341,105.501085088489,-91.1548115444021));
#11193=CARTESIAN_POINT('',(-101.063404308631,105.575144320172,-91.0314396563497));
#11194=CARTESIAN_POINT('',(-101.037117631255,105.650771368225,-90.9086488609356));
#11195=CARTESIAN_POINT('',(-101.013395718966,105.727995845731,-90.7863844412186));
#11196=CARTESIAN_POINT('',(-100.992233107868,105.806837592308,-90.6646156084152));
#11197=CARTESIAN_POINT('',(-100.973640185711,105.887278161956,-90.5433763029548));
#11198=CARTESIAN_POINT('',(-100.957046384215,105.972272041159,-90.4183258399534));
#11199=CARTESIAN_POINT('',(-100.94232186045,106.065021286194,-90.2852483540612));
#11200=CARTESIAN_POINT('',(-100.929773633535,106.169584810465,-90.1392715072457));
#11201=CARTESIAN_POINT('',(-100.920745359862,106.283913841047,-89.9843533162196));
#11202=CARTESIAN_POINT('',(-100.916184050166,106.406198975949,-89.8237497984718));
#11203=CARTESIAN_POINT('',(-100.916633954948,106.533193816497,-89.6621476244226));
#11204=CARTESIAN_POINT('',(-100.922272210777,106.662580071386,-89.502682102404));
#11205=CARTESIAN_POINT('',(-100.932736975769,106.790772485207,-89.3495665024558));
#11206=CARTESIAN_POINT('',(-100.947260629205,106.915176560453,-89.2053439943936));
#11207=CARTESIAN_POINT('',(-100.965552594013,107.037779852991,-89.0671878367855));
#11208=CARTESIAN_POINT('',(-100.98787389343,107.161573886839,-88.9315413636295));
#11209=CARTESIAN_POINT('',(-101.014686667966,107.288557446724,-88.7963163154381));
#11210=CARTESIAN_POINT('',(-101.045979806051,107.418055589082,-88.6623628975724));
#11211=CARTESIAN_POINT('',(-101.081476458176,107.548783010012,-88.5310445450323));
#11212=CARTESIAN_POINT('',(-101.120489572913,107.678545524053,-88.4044739665302));
#11213=CARTESIAN_POINT('',(-101.162304861492,107.805832768626,-88.2838639231942));
#11214=CARTESIAN_POINT('',(-101.205806778476,107.928416811486,-88.1709420217718));
#11215=CARTESIAN_POINT('',(-101.250817678023,108.046973750179,-88.0646679343357));
#11216=CARTESIAN_POINT('',(-101.296224061088,108.15962207209,-87.9663291689172));
#11217=CARTESIAN_POINT('',(-101.341629091217,108.266457179158,-87.8754071122822));
#11218=CARTESIAN_POINT('',(-101.385500437475,108.365016297477,-87.7935118058352));
#11219=CARTESIAN_POINT('',(-101.42824709409,108.45724515957,-87.7185695117913));
#11220=CARTESIAN_POINT('',(-101.46943283265,108.54297094611,-87.6503645500825));
#11221=CARTESIAN_POINT('',(-101.50979364323,108.624292696742,-87.5869544539237));
#11222=CARTESIAN_POINT('',(-101.549038392198,108.701074365791,-87.5282217132302));
#11223=CARTESIAN_POINT('',(-101.588159435395,108.775562612156,-87.4722918286323));
#11224=CARTESIAN_POINT('',(-101.627600916753,108.848755136088,-87.4183358906075));
#11225=CARTESIAN_POINT('',(-101.667921516671,108.921739320071,-87.3655247879641));
#11226=CARTESIAN_POINT('',(-101.708987791203,108.994303830754,-87.3139947919992));
#11227=CARTESIAN_POINT('',(-101.750796214693,109.066477802364,-87.263705264645));
#11228=CARTESIAN_POINT('',(-101.793250876243,109.13813121406,-87.2147262643843));
#11229=CARTESIAN_POINT('',(-101.836361960134,109.209317082514,-87.1670003789624));
#11230=CARTESIAN_POINT('',(-101.880062097874,109.279960291361,-87.1205561455709));
#11231=CARTESIAN_POINT('',(-101.909704513771,109.326900469968,-87.0903006039609));
#11232=CARTESIAN_POINT('',(-101.92462120231,109.350284008478,-87.0753787973951));
#11233=CARTESIAN_POINT('',(-99.6513164037131,106.911812036707,-94.4408523151826));
#11234=CARTESIAN_POINT('',(-99.6306964911727,106.931311152144,-94.4018071843409));
#11235=CARTESIAN_POINT('',(-99.5900048991377,106.971167296507,-94.3234562051869));
#11236=CARTESIAN_POINT('',(-99.5308876404581,107.033294610536,-94.2056397722051));
#11237=CARTESIAN_POINT('',(-99.4735846573359,107.097941831101,-94.087259293327));
#11238=CARTESIAN_POINT('',(-99.4182572402488,107.164994964586,-93.9685824959992));
#11239=CARTESIAN_POINT('',(-99.3650638241081,107.234304275196,-93.849908126491));
#11240=CARTESIAN_POINT('',(-99.3141554066457,107.305680898305,-93.7315637531134));
#11241=CARTESIAN_POINT('',(-99.2656030478752,107.379006253854,-93.6137329707211));
#11242=CARTESIAN_POINT('',(-99.2194188630448,107.454231546735,-93.4964758818107));
#11243=CARTESIAN_POINT('',(-99.1755870693093,107.53135699914,-93.3797759083143));
#11244=CARTESIAN_POINT('',(-99.1340823803389,107.610414059817,-93.2635781284586));
#11245=CARTESIAN_POINT('',(-99.0948943180334,107.691424165181,-93.1478517188752));
#11246=CARTESIAN_POINT('',(-99.0580374006246,107.774370003959,-93.0326274979465));
#11247=CARTESIAN_POINT('',(-99.0222752384668,107.86230908631,-92.9137803246484));
#11248=CARTESIAN_POINT('',(-98.9867772643023,107.958602266251,-92.7873043512201));
#11249=CARTESIAN_POINT('',(-98.9509821585589,108.067556059076,-92.6485694885614));
#11250=CARTESIAN_POINT('',(-98.9167358026922,108.187143464277,-92.50133676906));
#11251=CARTESIAN_POINT('',(-98.8854185964222,108.3155513816,-92.3486998988557));
#11252=CARTESIAN_POINT('',(-98.8583035903716,108.449412390763,-92.1951129625913));
#11253=CARTESIAN_POINT('',(-98.8360794828412,108.58630054808,-92.043556470245));
#11254=CARTESIAN_POINT('',(-98.8191478699671,108.722402226404,-91.8980355930715));
#11255=CARTESIAN_POINT('',(-98.8072718338514,108.854908825705,-91.760967254766));
#11256=CARTESIAN_POINT('',(-98.7997166303074,108.985887241805,-91.6296641162349));
#11257=CARTESIAN_POINT('',(-98.7961034332704,109.11857941147,-91.5006830010315));
#11258=CARTESIAN_POINT('',(-98.7964869879152,109.255204876115,-91.3719822741079));
#11259=CARTESIAN_POINT('',(-98.8010203344309,109.395188831662,-91.2442582784496));
#11260=CARTESIAN_POINT('',(-98.8097180429176,109.537159285766,-91.1188225969385));
#11261=CARTESIAN_POINT('',(-98.8223756415325,109.678881335748,-90.9975816185736));
#11262=CARTESIAN_POINT('',(-98.8386080731831,109.818705211462,-90.8817079041021));
#11263=CARTESIAN_POINT('',(-98.8577850859124,109.954323079907,-90.7727525401237));
#11264=CARTESIAN_POINT('',(-98.8795869130533,110.086301583514,-90.6698606347723));
#11265=CARTESIAN_POINT('',(-98.9032678829197,110.212490462745,-90.5743186651456));
#11266=CARTESIAN_POINT('',(-98.9283629551696,110.332755096394,-90.4857882384421));
#11267=CARTESIAN_POINT('',(-98.9537753493446,110.444244023047,-90.4058656113573));
#11268=CARTESIAN_POINT('',(-98.9794715514961,110.548917644818,-90.3326657273714));
#11269=CARTESIAN_POINT('',(-99.0049546481526,110.646307018028,-90.2661348660942));
#11270=CARTESIAN_POINT('',(-99.0304795654168,110.73854569709,-90.2045123349855));
#11271=CARTESIAN_POINT('',(-99.0556646821557,110.825188493911,-90.1478372195687));
#11272=CARTESIAN_POINT('',(-99.0810577398032,110.908772164464,-90.094260621467));
#11273=CARTESIAN_POINT('',(-99.1067351924671,110.98992042262,-90.043269720693));
#11274=CARTESIAN_POINT('',(-99.1329483804215,111.069654416114,-89.9941503508595));
#11275=CARTESIAN_POINT('',(-99.1593372225524,111.147108589674,-89.9473604344482));
#11276=CARTESIAN_POINT('',(-99.1859495495775,111.222663461955,-89.9025883179947));
#11277=CARTESIAN_POINT('',(-99.2125675415897,111.295914204101,-89.8599987355619));
#11278=CARTESIAN_POINT('',(-99.2392659281892,111.367265059251,-89.8192845374095));
#11279=CARTESIAN_POINT('',(-99.2658237169141,111.436318406524,-89.7806004511608));
#11280=CARTESIAN_POINT('',(-99.2924869309508,111.503875446779,-89.743435561674));
#11281=CARTESIAN_POINT('',(-99.3192112990711,111.569940309422,-89.7077417297126));
#11282=CARTESIAN_POINT('',(-99.3461187187458,111.634907636758,-89.6732680301205));
#11283=CARTESIAN_POINT('',(-99.3729989021771,111.69836541047,-89.6401934625727));
#11284=CARTESIAN_POINT('',(-99.3999667811221,111.76067666368,-89.6082893472008));
#11285=CARTESIAN_POINT('',(-99.4269591625232,111.821772130566,-89.5775583211268));
#11286=CARTESIAN_POINT('',(-99.4540939654007,111.881982314871,-89.5478062222302));
#11287=CARTESIAN_POINT('',(-99.4813175816402,111.941245289533,-89.5190381587934));
#11288=CARTESIAN_POINT('',(-99.4996882530201,111.980502764184,-89.5003186772608));
#11289=CARTESIAN_POINT('',(-99.5088951458033,111.99999999563,-89.4911048513232));
#11290=CARTESIAN_POINT('',(-88.548223415561,111.563986454277,-103.653109737545));
#11291=CARTESIAN_POINT('',(-88.5244761163203,111.564853821454,-103.625501578468));
#11292=CARTESIAN_POINT('',(-88.4770584992551,111.567154499845,-103.57035086281));
#11293=CARTESIAN_POINT('',(-88.4061007662701,111.572299568371,-103.487749346726));
#11294=CARTESIAN_POINT('',(-88.3355115976443,111.579111248557,-103.405505471679));
#11295=CARTESIAN_POINT('',(-88.2653269454256,111.5875645921,-103.323661902267));
#11296=CARTESIAN_POINT('',(-88.1957857349997,111.597603075204,-103.242498299475));
#11297=CARTESIAN_POINT('',(-88.1269449973353,111.609179851038,-103.162082734062));
#11298=CARTESIAN_POINT('',(-88.0590552393725,111.622203415898,-103.082709810314));
#11299=CARTESIAN_POINT('',(-87.9919628528759,111.63665140599,-103.004202002797));
#11300=CARTESIAN_POINT('',(-87.9259318784372,111.652416208897,-102.92687038801));
#11301=CARTESIAN_POINT('',(-87.8609918652416,111.669429151951,-102.850752483888));
#11302=CARTESIAN_POINT('',(-87.7975695432044,111.687499927015,-102.776351735996));
#11303=CARTESIAN_POINT('',(-87.7354317844442,111.706610222465,-102.703398275983));
#11304=CARTESIAN_POINT('',(-87.6747636524859,111.726624919238,-102.632112694337));
#11305=CARTESIAN_POINT('',(-87.6153312123945,111.747545956535,-102.562223310439));
#11306=CARTESIAN_POINT('',(-87.5573147171468,111.769234044305,-102.493945311389));
#11307=CARTESIAN_POINT('',(-87.5002882610861,111.79178281966,-102.426780244708));
#11308=CARTESIAN_POINT('',(-87.4442418846444,111.815147694632,-102.360718441938));
#11309=CARTESIAN_POINT('',(-87.3889892928921,111.839365746008,-102.295542038165));
#11310=CARTESIAN_POINT('',(-87.3347581310887,111.864292456487,-102.231521247473));
#11311=CARTESIAN_POINT('',(-87.2813767463441,111.88996028377,-102.168455563633));
#11312=CARTESIAN_POINT('',(-87.228873419073,111.916315338837,-102.106380194019));
#11313=CARTESIAN_POINT('',(-87.1770627997247,111.943416565049,-102.045077542719));
#11314=CARTESIAN_POINT('',(-87.1259581244757,111.971226500292,-101.984564655132));
#11315=CARTESIAN_POINT('',(-87.0921699417817,111.990327444134,-101.944526078551));
#11316=CARTESIAN_POINT('',(-87.0753783066245,111.999998127456,-101.924620709063));
#11317=CARTESIAN_POINT('',(-101.924621202159,109.350284008626,87.0753787975418));
#11318=CARTESIAN_POINT('',(-101.901740820411,109.314416545827,87.0982669346361));
#11319=CARTESIAN_POINT('',(-101.856546892562,109.242459033214,87.1448942672309));
#11320=CARTESIAN_POINT('',(-101.790740468511,109.134278065328,87.2171323994017));
#11321=CARTESIAN_POINT('',(-101.726807385843,109.02562083612,87.2918518672163));
#11322=CARTESIAN_POINT('',(-101.664912894924,108.916717545398,87.3689240116026));
#11323=CARTESIAN_POINT('',(-101.605220700473,108.80782460972,87.448185203159));
#11324=CARTESIAN_POINT('',(-101.547890404809,108.699227012481,87.529431139744));
#11325=CARTESIAN_POINT('',(-101.493001357593,108.591089168873,87.612531555704));
#11326=CARTESIAN_POINT('',(-101.440571312551,108.483469102968,87.6974304515395));
#11327=CARTESIAN_POINT('',(-101.390585461195,108.376355937061,87.7841267460225));
#11328=CARTESIAN_POINT('',(-101.343016841723,108.269701943965,87.8726543437958));
#11329=CARTESIAN_POINT('',(-101.297853949968,108.163480274173,87.9630359554224));
#11330=CARTESIAN_POINT('',(-101.25511343583,108.057720502468,88.05525038831));
#11331=CARTESIAN_POINT('',(-101.21335046277,107.948636207162,88.1526846284284));
#11332=CARTESIAN_POINT('',(-101.171542940827,107.832549849873,88.2590094826911));
#11333=CARTESIAN_POINT('',(-101.128920364211,107.705211142652,88.3788779246057));
#11334=CARTESIAN_POINT('',(-101.087539880486,107.570072750562,88.5099412708105));
#11335=CARTESIAN_POINT('',(-101.048951597387,107.429974878388,88.6501251466735));
#11336=CARTESIAN_POINT('',(-101.0146508323,107.289005933953,88.7957081060224));
#11337=CARTESIAN_POINT('',(-100.98546996524,107.149900981528,88.9440326078366));
#11338=CARTESIAN_POINT('',(-100.961988812839,107.016335229601,89.0909885035772));
#11339=CARTESIAN_POINT('',(-100.944063943465,106.890527086448,89.2336014738898));
#11340=CARTESIAN_POINT('',(-100.930827267248,106.770010688164,89.3741499388686));
#11341=CARTESIAN_POINT('',(-100.921749298207,106.651683677901,89.5160635122385));
#11342=CARTESIAN_POINT('',(-100.916796797684,106.533724326448,89.6616334394509));
#11343=CARTESIAN_POINT('',(-100.91614237472,106.41687424373,89.8100859574628));
#11344=CARTESIAN_POINT('',(-100.919830166105,106.302322698064,89.9599475341224));
#11345=CARTESIAN_POINT('',(-100.927696605732,106.19191269987,90.1087028874735));
#11346=CARTESIAN_POINT('',(-100.939360353257,106.086702262808,90.2546207270865));
#11347=CARTESIAN_POINT('',(-100.954190308409,105.988198321265,90.3951469436096));
#11348=CARTESIAN_POINT('',(-100.971803480038,105.895493341351,90.5310565927981));
#11349=CARTESIAN_POINT('',(-100.991476068825,105.809710406758,90.6601927369042));
#11350=CARTESIAN_POINT('',(-101.012740191355,105.730397141842,90.7826647487404));
#11351=CARTESIAN_POINT('',(-101.034564970289,105.658958110705,90.8956494948312));
#11352=CARTESIAN_POINT('',(-101.056872515643,105.593584320615,91.0013774441081));
#11353=CARTESIAN_POINT('',(-101.07922463182,105.534087621576,91.0996504919316));
#11354=CARTESIAN_POINT('',(-101.101865359753,105.478773545964,91.1928749072183));
#11355=CARTESIAN_POINT('',(-101.124507931875,105.427539582957,91.2808947353676));
#11356=CARTESIAN_POINT('',(-101.147641286656,105.378750558797,91.3662854691427));
#11357=CARTESIAN_POINT('',(-101.171486409023,105.331683402493,91.450190821068));
#11358=CARTESIAN_POINT('',(-101.196367158396,105.28561483318,91.5338573422755));
#11359=CARTESIAN_POINT('',(-101.222192897812,105.240663752411,91.6170427665291));
#11360=CARTESIAN_POINT('',(-101.248951714892,105.19679473187,91.6997804953732));
#11361=CARTESIAN_POINT('',(-101.27657247832,105.154068903049,91.7819214851385));
#11362=CARTESIAN_POINT('',(-101.305051995252,105.112436198227,91.8635265217402));
#11363=CARTESIAN_POINT('',(-101.334335862172,105.071921525668,91.9445095014235));
#11364=CARTESIAN_POINT('',(-101.354467530981,105.045528742032,91.9983201526499));
#11365=CARTESIAN_POINT('',(-101.364663357168,105.032512025252,92.0251262657418));
#11366=CARTESIAN_POINT('',(-99.5088951505394,111.999999999999,89.4911048465871));
#11367=CARTESIAN_POINT('',(-99.4899422376353,111.959863234337,89.5100719143401));
#11368=CARTESIAN_POINT('',(-99.4526165362826,111.879321356191,89.5488406577422));
#11369=CARTESIAN_POINT('',(-99.398623085661,111.758209688571,89.6092733098515));
#11370=CARTESIAN_POINT('',(-99.3465315714115,111.636517593508,89.6721575820932));
#11371=CARTESIAN_POINT('',(-99.2964922689316,111.514520541261,89.7373826678934));
#11372=CARTESIAN_POINT('',(-99.2486506743599,111.392525878859,89.8048030104957));
#11373=CARTESIAN_POINT('',(-99.2031428504653,111.270870559414,89.874235039653));
#11374=CARTESIAN_POINT('',(-99.1600310473589,111.149743354843,89.9455636184968));
#11375=CARTESIAN_POINT('',(-99.119324398684,111.029205819506,90.0187412095055));
#11376=CARTESIAN_POINT('',(-99.0810076829181,110.909240919428,90.0937678963828));
#11377=CARTESIAN_POINT('',(-99.0450582009092,110.789792271757,90.1706740640198));
#11378=CARTESIAN_POINT('',(-99.011467037752,110.670828307192,90.2494803820136));
#11379=CARTESIAN_POINT('',(-98.9802474922895,110.552380606823,90.3301697736103));
#11380=CARTESIAN_POINT('',(-98.9503671601892,110.430208857915,90.4157168502159));
#11381=CARTESIAN_POINT('',(-98.9212045730346,110.300195349406,90.5093914115629));
#11382=CARTESIAN_POINT('',(-98.8924525249515,110.15758033484,90.6153826872655));
#11383=CARTESIAN_POINT('',(-98.8657921082839,110.00623009821,90.7317186562614));
#11384=CARTESIAN_POINT('',(-98.8424644446195,109.849324439571,90.8566349750017));
#11385=CARTESIAN_POINT('',(-98.8235194063032,109.691442598312,90.9868563659369));
#11386=CARTESIAN_POINT('',(-98.8094915118418,109.535648747455,91.1200231707649));
#11387=CARTESIAN_POINT('',(-98.8005606717463,109.386059480955,91.2524248983116));
#11388=CARTESIAN_POINT('',(-98.7963418597208,109.245159089325,91.3813289484551));
#11389=CARTESIAN_POINT('',(-98.796235671425,109.110184939495,91.5087457315414));
#11390=CARTESIAN_POINT('',(-98.8000564272997,108.977447656582,91.6379769391008));
#11391=CARTESIAN_POINT('',(-98.8080050559999,108.844707755009,91.7713386840521));
#11392=CARTESIAN_POINT('',(-98.8202581160696,108.712407131679,91.9085898366895));
#11393=CARTESIAN_POINT('',(-98.8368119082368,108.581932082954,92.0484163899994));
#11394=CARTESIAN_POINT('',(-98.8574448450062,108.45499953754,92.1889749903735));
#11395=CARTESIAN_POINT('',(-98.8817669711611,108.332866549761,92.328688612659));
#11396=CARTESIAN_POINT('',(-98.9091770291999,108.216905604091,92.4656588676983));
#11397=CARTESIAN_POINT('',(-98.9394123395124,108.106562472778,92.6001466362489));
#11398=CARTESIAN_POINT('',(-98.9717987114398,108.002816981899,92.7305518030674));
#11399=CARTESIAN_POINT('',(-99.0060056099122,107.905247199339,92.8569426349843));
#11400=CARTESIAN_POINT('',(-99.0411820530138,107.814778678228,92.977593784398));
#11401=CARTESIAN_POINT('',(-99.0774536378731,107.72980368879,93.0941498122595));
#11402=CARTESIAN_POINT('',(-99.1146456013782,107.649828696917,93.206902265903));
#11403=CARTESIAN_POINT('',(-99.1531612894363,107.573401237122,93.3176267762157));
#11404=CARTESIAN_POINT('',(-99.1929475770213,107.500222673615,93.4265524415625));
#11405=CARTESIAN_POINT('',(-99.2344190900006,107.429304076779,93.5350279994362));
#11406=CARTESIAN_POINT('',(-99.2779223665626,107.359999318949,93.6440104488675));
#11407=CARTESIAN_POINT('',(-99.3237788325662,107.291884546492,93.7542217358677));
#11408=CARTESIAN_POINT('',(-99.377699109484,107.217174397631,93.878728162217));
#11409=CARTESIAN_POINT('',(-99.4405764595682,107.136839143046,94.0175062650016));
#11410=CARTESIAN_POINT('',(-99.5134608043131,107.05194648663,94.1705977978189));
#11411=CARTESIAN_POINT('',(-99.5839899946233,106.977051448575,94.3118857576165));
#11412=CARTESIAN_POINT('',(-99.630858488051,106.931157908674,94.4021153415489));
#11413=CARTESIAN_POINT('',(-99.6513164037149,106.911812036711,94.4408523151822));
#11414=CARTESIAN_POINT('',(-87.0753783042047,111.999998128072,101.924620709176));
#11415=CARTESIAN_POINT('',(-87.0973944161087,111.987319472687,101.95071745256));
#11416=CARTESIAN_POINT('',(-87.1415152770822,111.962524215234,102.002991180941));
#11417=CARTESIAN_POINT('',(-87.2080171304281,111.926979687688,102.081706801748));
#11418=CARTESIAN_POINT('',(-87.2746509064103,111.893170828655,102.160503984214));
#11419=CARTESIAN_POINT('',(-87.3413766230885,111.861095505208,102.239335678298));
#11420=CARTESIAN_POINT('',(-87.4079594416977,111.83083770662,102.317924982664));
#11421=CARTESIAN_POINT('',(-87.4743332800111,111.802387352595,102.396194943065));
#11422=CARTESIAN_POINT('',(-87.5402423920797,111.775802990361,102.47384558874));
#11423=CARTESIAN_POINT('',(-87.6058206596958,111.750977317236,102.551036222347));
#11424=CARTESIAN_POINT('',(-87.670794710004,111.727961794676,102.627447314656));
#11425=CARTESIAN_POINT('',(-87.7351164876644,111.706710377118,102.703027148831));
#11426=CARTESIAN_POINT('',(-87.7983415227837,111.687290588832,102.777256147755));
#11427=CARTESIAN_POINT('',(-87.8606790685165,111.669553049817,102.850383596669));
#11428=CARTESIAN_POINT('',(-87.9219221192041,111.653478669366,102.922169818941));
#11429=CARTESIAN_POINT('',(-87.9822864239051,111.638936293548,102.992870778727));
#11430=CARTESIAN_POINT('',(-88.0415682188339,111.625900387301,103.062250903854));
#11431=CARTESIAN_POINT('',(-88.1001847264845,111.614215101218,103.130801136662));
#11432=CARTESIAN_POINT('',(-88.1581328533352,111.603833932291,103.198519813567));
#11433=CARTESIAN_POINT('',(-88.2155935023359,111.594685308231,103.265619897964));
#11434=CARTESIAN_POINT('',(-88.272317266345,111.58676598051,103.331811187583));
#11435=CARTESIAN_POINT('',(-88.328469380683,111.580008474037,103.397289359033));
#11436=CARTESIAN_POINT('',(-88.3840078506217,111.574379512782,103.462007650641));
#11437=CARTESIAN_POINT('',(-88.4391185522761,111.569827982087,103.526184646011));
#11438=CARTESIAN_POINT('',(-88.4937782846915,111.566327040601,103.589795093635));
#11439=CARTESIAN_POINT('',(-88.5301160000086,111.564667322941,103.632056331012));
#11440=CARTESIAN_POINT('',(-88.5482241225372,111.56400585505,103.653109733082));
#11441=CARTESIAN_POINT('',(-87.0753985449302,70.7763889393867,101.924640956824));
#11442=CARTESIAN_POINT('',(-87.0723009968784,70.8119878649943,101.927695469806));
#11443=CARTESIAN_POINT('',(-87.0664727439624,70.8834884453811,101.934224286631));
#11444=CARTESIAN_POINT('',(-87.0588870568733,70.9911339600776,101.945243888369));
#11445=CARTESIAN_POINT('',(-87.0524513806305,71.0996094438129,101.957558012536));
#11446=CARTESIAN_POINT('',(-87.0472042302291,71.2087314386451,101.971173050068));
#11447=CARTESIAN_POINT('',(-87.0431766078768,71.3183199864925,101.986088476915));
#11448=CARTESIAN_POINT('',(-87.0403949239692,71.4280372590003,102.002271829362));
#11449=CARTESIAN_POINT('',(-87.0388711312691,71.5376193704501,102.019689116595));
#11450=CARTESIAN_POINT('',(-87.0386055100669,71.6468148734344,102.038296206078));
#11451=CARTESIAN_POINT('',(-87.0395883578844,71.7554843344938,102.058060594858));
#11452=CARTESIAN_POINT('',(-87.041808286084,71.863636696051,102.078973974735));
#11453=CARTESIAN_POINT('',(-87.04525776925,71.9713093618487,102.101034500158));
#11454=CARTESIAN_POINT('',(-87.0499340682936,72.0785865496181,102.124253828831));
#11455=CARTESIAN_POINT('',(-87.0558370414077,72.1855185726231,102.148640203274));
#11456=CARTESIAN_POINT('',(-87.0629702563148,72.2921585710423,102.174206081644));
#11457=CARTESIAN_POINT('',(-87.0713381154744,72.3985306313216,102.200959842139));
#11458=CARTESIAN_POINT('',(-87.0809407892946,72.5045880299638,102.228892966278));
#11459=CARTESIAN_POINT('',(-87.0917701020542,72.6102255927034,102.257980108698));
#11460=CARTESIAN_POINT('',(-87.1038127271126,72.7153349830939,102.288190260822));
#11461=CARTESIAN_POINT('',(-87.1170590577944,72.8198626528658,102.319503989876));
#11462=CARTESIAN_POINT('',(-87.1315078544338,72.9238243883588,102.351922647958));
#11463=CARTESIAN_POINT('',(-87.1471618545145,73.0272501898126,102.385453915293));
#11464=CARTESIAN_POINT('',(-87.164026617186,73.1301714252037,102.420108541923));
#11465=CARTESIAN_POINT('',(-87.1821078701912,73.2326065718135,102.455895297887));
#11466=CARTESIAN_POINT('',(-87.2014012589936,73.334510382917,102.49280154558));
#11467=CARTESIAN_POINT('',(-87.2219741213885,73.4362026809443,102.530950624869));
#11468=CARTESIAN_POINT('',(-87.2439108657724,73.5379896941715,102.570480656752));
#11469=CARTESIAN_POINT('',(-87.2674202972814,73.6406253076523,102.61173035205));
#11470=CARTESIAN_POINT('',(-87.2925644952151,73.7440861276243,102.654757662347));
#11471=CARTESIAN_POINT('',(-87.3196203550639,73.8491708793244,102.69997736095));
#11472=CARTESIAN_POINT('',(-87.3486889546632,73.9558499582179,102.747485221481));
#11473=CARTESIAN_POINT('',(-87.3801049604141,74.0648508807625,102.797741496647));
#11474=CARTESIAN_POINT('',(-87.4137300741853,74.1752036274954,102.85043981735));
#11475=CARTESIAN_POINT('',(-87.449809649281,74.287293260317,102.905893290011));
#11476=CARTESIAN_POINT('',(-87.4883597142683,74.4007353846061,102.964051305046));
#11477=CARTESIAN_POINT('',(-87.5299068791119,74.5165556619922,103.025617658745));
#11478=CARTESIAN_POINT('',(-87.5743458865459,74.633899107453,103.090339163637));
#11479=CARTESIAN_POINT('',(-87.6219689986441,74.7530219318875,103.158552248896));
#11480=CARTESIAN_POINT('',(-87.6725934452486,74.872989717435,103.229912360539));
#11481=CARTESIAN_POINT('',(-87.7264446345093,74.9938825919914,103.304659054766));
#11482=CARTESIAN_POINT('',(-87.7831025925517,75.1143964321437,103.382147150745));
#11483=CARTESIAN_POINT('',(-87.8426171305726,75.2343870104849,103.462401436154));
#11484=CARTESIAN_POINT('',(-87.9049013817575,75.3534597276759,103.545266854083));
#11485=CARTESIAN_POINT('',(-87.970384134902,75.4721643010768,103.631267202308));
#11486=CARTESIAN_POINT('',(-88.0389300602167,75.5899578625975,103.720173424364));
#11487=CARTESIAN_POINT('',(-88.1107304640752,75.7069015449919,103.812186856537));
#11488=CARTESIAN_POINT('',(-88.1856232369532,75.8224808790245,103.907056661303));
#11489=CARTESIAN_POINT('',(-88.2639020822524,75.9368852136084,104.005109469456));
#11490=CARTESIAN_POINT('',(-88.3452801653996,76.0494474740522,104.105943299733));
#11491=CARTESIAN_POINT('',(-88.4297730203556,76.1599900504786,104.20954364209));
#11492=CARTESIAN_POINT('',(-88.5171233873439,76.2680147020183,104.315565771167));
#11493=CARTESIAN_POINT('',(-88.6074894723098,76.3735632745096,104.424175104939));
#11494=CARTESIAN_POINT('',(-88.7006685859453,76.4762509558674,104.53510290609));
#11495=CARTESIAN_POINT('',(-88.7967024401353,76.5759937947665,104.648376322488));
#11496=CARTESIAN_POINT('',(-88.8953600519872,76.6724414643967,104.763705643091));
#11497=CARTESIAN_POINT('',(-88.9965306848588,76.7653909784515,104.880937929379));
#11498=CARTESIAN_POINT('',(-89.0654290898552,76.8247889240202,104.96010386723));
#11499=CARTESIAN_POINT('',(-89.100228651181,76.8538316622621,104.999925776313));
#11500=CARTESIAN_POINT('',(-101.924621197185,79.6497159931597,87.0753788025157));
#11501=CARTESIAN_POINT('',(-101.901740815802,79.6855834558528,87.0982669393046));
#11502=CARTESIAN_POINT('',(-101.856546888682,79.757540968237,87.1448942712655));
#11503=CARTESIAN_POINT('',(-101.790740465637,79.8657219358168,87.217132402507));
#11504=CARTESIAN_POINT('',(-101.726807383927,79.9743791646489,87.2918518693673));
#11505=CARTESIAN_POINT('',(-101.664912893873,80.0832824549657,87.3689240128272));
#11506=CARTESIAN_POINT('',(-101.60522070013,80.1921753902715,87.4481852035634));
#11507=CARTESIAN_POINT('',(-101.547890404968,80.3007729872542,87.5294311395225));
#11508=CARTESIAN_POINT('',(-101.493001357995,80.4089108307513,87.6125315551506));
#11509=CARTESIAN_POINT('',(-101.440571312968,80.5165308966918,87.6974304509444));
#11510=CARTESIAN_POINT('',(-101.390585461484,80.6236440627585,87.7841267456037));
#11511=CARTESIAN_POINT('',(-101.34301684183,80.7302980560512,87.8726543436527));
#11512=CARTESIAN_POINT('',(-101.297853949923,80.8365197259928,87.9630359555294));
#11513=CARTESIAN_POINT('',(-101.255113435723,80.9422794977816,88.0552503885419));
#11514=CARTESIAN_POINT('',(-101.213350462681,81.051363793082,88.152684628648));
#11515=CARTESIAN_POINT('',(-101.171542940772,81.1674501502835,88.2590094828402));
#11516=CARTESIAN_POINT('',(-101.128920364196,81.2947888573976,88.378877924656));
#11517=CARTESIAN_POINT('',(-101.087539880499,81.4299272493964,88.5099412707723));
#11518=CARTESIAN_POINT('',(-101.048951597415,81.5700251215037,88.6501251465662));
#11519=CARTESIAN_POINT('',(-101.01465083233,81.7109940659128,88.7957081058837));
#11520=CARTESIAN_POINT('',(-100.985469965263,81.850099018351,88.9440326077084));
#11521=CARTESIAN_POINT('',(-100.961988812852,81.9836647703083,89.0909885034787));
#11522=CARTESIAN_POINT('',(-100.944063943471,82.1094729134967,89.2336014738282));
#11523=CARTESIAN_POINT('',(-100.93082726725,82.2299893118084,89.3741499388386));
#11524=CARTESIAN_POINT('',(-100.921749298207,82.3483163220917,89.516063512232));
#11525=CARTESIAN_POINT('',(-100.916796797683,82.4662756735544,89.6616334394568));
#11526=CARTESIAN_POINT('',(-100.91614237472,82.5831257562731,89.8100859574705));
#11527=CARTESIAN_POINT('',(-100.919830166105,82.6976773019378,89.959947534128));
#11528=CARTESIAN_POINT('',(-100.927696605732,82.8080873001278,90.108702887474));
#11529=CARTESIAN_POINT('',(-100.939360353256,82.9132977371876,90.254620727084));
#11530=CARTESIAN_POINT('',(-100.954190308409,83.0118016787299,90.3951469436062));
#11531=CARTESIAN_POINT('',(-100.971803480037,83.104506658644,90.5310565927953));
#11532=CARTESIAN_POINT('',(-100.991476068825,83.1902895932382,90.6601927369026));
#11533=CARTESIAN_POINT('',(-101.012740191355,83.269602858155,90.7826647487401));
#11534=CARTESIAN_POINT('',(-101.034564970289,83.3410418892923,90.8956494948316));
#11535=CARTESIAN_POINT('',(-101.056872515643,83.406415679383,91.001377444109));
#11536=CARTESIAN_POINT('',(-101.079224631821,83.4659123784222,91.0996504919326));
#11537=CARTESIAN_POINT('',(-101.101865359753,83.5212264540337,91.1928749072191));
#11538=CARTESIAN_POINT('',(-101.124507931876,83.5724604170405,91.2808947353682));
#11539=CARTESIAN_POINT('',(-101.147641286656,83.6212494412005,91.3662854691429));
#11540=CARTESIAN_POINT('',(-101.171486409023,83.6683165975046,91.4501908210679));
#11541=CARTESIAN_POINT('',(-101.196367158396,83.7143851668168,91.5338573422752));
#11542=CARTESIAN_POINT('',(-101.222192897812,83.7593362475865,91.6170427665287));
#11543=CARTESIAN_POINT('',(-101.248951714892,83.8032052681266,91.6997804953727));
#11544=CARTESIAN_POINT('',(-101.27657247832,83.8459310969483,91.7819214851382));
#11545=CARTESIAN_POINT('',(-101.305051995252,83.8875638017699,91.86352652174));
#11546=CARTESIAN_POINT('',(-101.334335862172,83.9280784743293,91.9445095014234));
#11547=CARTESIAN_POINT('',(-101.354467530981,83.9544712579652,91.9983201526499));
#11548=CARTESIAN_POINT('',(-101.364663357169,83.9674879747453,92.0251262657419));
#11549=CARTESIAN_POINT('',(89.1002286678671,76.8538316691592,104.999925772526));
#11550=CARTESIAN_POINT('',(89.0722865116783,76.8305109499447,104.967948071166));
#11551=CARTESIAN_POINT('',(89.016436127979,76.7826655279532,104.90382164126));
#11552=CARTESIAN_POINT('',(88.9334264744553,76.7077795799049,104.807866227942));
#11553=CARTESIAN_POINT('',(88.850466428384,76.6289889747303,104.711290395293));
#11554=CARTESIAN_POINT('',(88.7677574930898,76.5462899080412,104.614292410295));
#11555=CARTESIAN_POINT('',(88.6850339526298,76.4592053651376,104.516521831743));
#11556=CARTESIAN_POINT('',(88.6025664745644,76.3677764762435,104.418251652005));
#11557=CARTESIAN_POINT('',(88.5200986885926,76.2714400915872,104.319131888172));
#11558=CARTESIAN_POINT('',(88.4382482123037,76.1706352289788,104.219858115563));
#11559=CARTESIAN_POINT('',(88.3568796234686,76.0649310389562,104.120219468887));
#11560=CARTESIAN_POINT('',(88.2762871268842,75.9544213278041,104.02052627205));
#11561=CARTESIAN_POINT('',(88.1961930079264,75.8383703667397,103.920373164887));
#11562=CARTESIAN_POINT('',(88.1172398932306,75.717339492506,103.820499997572));
#11563=CARTESIAN_POINT('',(88.0396332940551,75.5913348249568,103.721114167067));
#11564=CARTESIAN_POINT('',(87.9638968555203,75.4609536326814,103.62284213108));
#11565=CARTESIAN_POINT('',(87.8900984594582,75.3260723256254,103.525730348247));
#11566=CARTESIAN_POINT('',(87.8187067493956,75.1873509459288,103.430361449202));
#11567=CARTESIAN_POINT('',(87.7501897527053,75.04561481238,103.337346006459));
#11568=CARTESIAN_POINT('',(87.6849416546569,74.9017662223151,103.247234198448));
#11569=CARTESIAN_POINT('',(87.623247579653,74.7566552146063,103.160458256807));
#11570=CARTESIAN_POINT('',(87.5650053556677,74.610335515149,103.076925368249));
#11571=CARTESIAN_POINT('',(87.5104449386643,74.4637213667856,102.997024028009));
#11572=CARTESIAN_POINT('',(87.459508395593,74.3171044449291,102.92074564497));
#11573=CARTESIAN_POINT('',(87.4123651927343,74.1715566252818,102.848444773039));
#11574=CARTESIAN_POINT('',(87.3686186223882,74.0264640347768,102.779619174087));
#11575=CARTESIAN_POINT('',(87.3283535506295,73.8826780320963,102.714501156274));
#11576=CARTESIAN_POINT('',(87.2914212942684,73.740347337456,102.652968299924));
#11577=CARTESIAN_POINT('',(87.2546521438654,73.5871100007788,102.589713893423));
#11578=CARTESIAN_POINT('',(87.2188137515479,73.4231688724154,102.525538451777));
#11579=CARTESIAN_POINT('',(87.1847459330337,73.249118510173,102.461385894975));
#11580=CARTESIAN_POINT('',(87.15772134941,73.0939317778585,102.407537564799));
#11581=CARTESIAN_POINT('',(87.1362419532382,72.9565392525733,102.36231098654));
#11582=CARTESIAN_POINT('',(87.1192687800859,72.8368602277365,102.324653356763));
#11583=CARTESIAN_POINT('',(87.104281278582,72.7195946875906,102.289397225745));
#11584=CARTESIAN_POINT('',(87.0913101749486,72.60622265967,102.256829901922));
#11585=CARTESIAN_POINT('',(87.0800996334542,72.4959305822842,102.226555205249));
#11586=CARTESIAN_POINT('',(87.0705564896948,72.3891867996663,102.198561246716));
#11587=CARTESIAN_POINT('',(87.0624787239502,72.2851258149714,102.172496655405));
#11588=CARTESIAN_POINT('',(87.0557858138593,72.1842239302481,102.148363432186));
#11589=CARTESIAN_POINT('',(87.0502963653114,72.0851896226634,102.125757164312));
#11590=CARTESIAN_POINT('',(87.0459487668333,71.9881494847826,102.104638133827));
#11591=CARTESIAN_POINT('',(87.0426670147993,71.8927762837087,102.084872121413));
#11592=CARTESIAN_POINT('',(87.0404112050231,71.8000972234043,102.066597308069));
#11593=CARTESIAN_POINT('',(87.0390889361863,71.7096611788882,102.049643396593));
#11594=CARTESIAN_POINT('',(87.0386322821614,71.6219396656817,102.034024130223));
#11595=CARTESIAN_POINT('',(87.0389671099426,71.5364506362319,102.019582175456));
#11596=CARTESIAN_POINT('',(87.0400200405442,71.4536563714283,102.006324165948));
#11597=CARTESIAN_POINT('',(87.0417416507476,71.3726108018787,101.994037242499));
#11598=CARTESIAN_POINT('',(87.044086876908,71.2933042564434,101.982674742103));
#11599=CARTESIAN_POINT('',(87.0470324550854,71.2152691786504,101.972132681081));
#11600=CARTESIAN_POINT('',(87.0505213796705,71.1389859857936,101.962437066856));
#11601=CARTESIAN_POINT('',(87.0545348135029,71.0640374165836,101.953495849076));
#11602=CARTESIAN_POINT('',(87.0590335599596,70.99053657381,101.94528998195));
#11603=CARTESIAN_POINT('',(87.0640102938588,70.918131981732,101.937751615056));
#11604=CARTESIAN_POINT('',(87.0694305205555,70.8469291549875,101.930864775714));
#11605=CARTESIAN_POINT('',(87.0733624164449,70.7997873825083,101.926648817808));
#11606=CARTESIAN_POINT('',(87.0753985440379,70.7763889353465,101.924640957268));
#11607=CARTESIAN_POINT('',(101.364663357166,83.9674879747483,92.0251262657422));
#11608=CARTESIAN_POINT('',(101.349024198194,83.9475220212145,91.9840089800389));
#11609=CARTESIAN_POINT('',(101.318437795924,83.9068476816427,91.9015192743196));
#11610=CARTESIAN_POINT('',(101.274834079367,83.8438322624517,91.7775042721566));
#11611=CARTESIAN_POINT('',(101.233446016698,83.7786522964347,91.6529433728866));
#11612=CARTESIAN_POINT('',(101.194394467214,83.7114200582102,91.5281004468649));
#11613=CARTESIAN_POINT('',(101.157791394726,83.642278328198,91.4032694139897));
#11614=CARTESIAN_POINT('',(101.123736363477,83.5714053922975,91.2787769671376));
#11615=CARTESIAN_POINT('',(101.092272707156,83.4989149112682,91.1548115445293));
#11616=CARTESIAN_POINT('',(101.063404308474,83.4248556796212,91.0314396564565));
#11617=CARTESIAN_POINT('',(101.037117631141,83.3492286316258,90.9086488610145));
#11618=CARTESIAN_POINT('',(101.013395718899,83.2720041541833,90.7863844412673));
#11619=CARTESIAN_POINT('',(100.992233107842,83.1931624076648,90.6646156084362));
#11620=CARTESIAN_POINT('',(100.973640185711,83.1127218380536,90.5433763029592));
#11621=CARTESIAN_POINT('',(100.957046384224,83.0277279588632,90.4183258399514));
#11622=CARTESIAN_POINT('',(100.94232186046,82.9349787138311,90.2852483540548));
#11623=CARTESIAN_POINT('',(100.92977363354,82.8304151895515,90.1392715072387));
#11624=CARTESIAN_POINT('',(100.92074535986,82.7160861589563,89.9843533162154));
#11625=CARTESIAN_POINT('',(100.916184050161,82.5938010240474,89.8237497984674));
#11626=CARTESIAN_POINT('',(100.916633954944,82.4668061834997,89.6621476244158));
#11627=CARTESIAN_POINT('',(100.922272210772,82.3374199286103,89.5026821023978));
#11628=CARTESIAN_POINT('',(100.932736975765,82.2092275147904,89.3495665024504));
#11629=CARTESIAN_POINT('',(100.9472606292,82.0848234395454,89.2053439943894));
#11630=CARTESIAN_POINT('',(100.965552594008,81.9622201470082,89.0671878367822));
#11631=CARTESIAN_POINT('',(100.987873893425,81.83842611316,88.9315413636269));
#11632=CARTESIAN_POINT('',(101.014686667961,81.711442553276,88.7963163154357));
#11633=CARTESIAN_POINT('',(101.045979806047,81.5819444109174,88.66236289757));
#11634=CARTESIAN_POINT('',(101.081476458171,81.4512169899868,88.5310445450297));
#11635=CARTESIAN_POINT('',(101.120489572909,81.3214544759457,88.4044739665275));
#11636=CARTESIAN_POINT('',(101.162304861488,81.1941672313723,88.2838639231912));
#11637=CARTESIAN_POINT('',(101.205806778472,81.0715831885128,88.1709420217689));
#11638=CARTESIAN_POINT('',(101.25081767802,80.9530262498199,88.0646679343329));
#11639=CARTESIAN_POINT('',(101.296224061084,80.8403779279079,87.9663291689144));
#11640=CARTESIAN_POINT('',(101.341629091214,80.7335428208402,87.8754071122795));
#11641=CARTESIAN_POINT('',(101.385500437471,80.6349837025214,87.7935118058325));
#11642=CARTESIAN_POINT('',(101.428247094087,80.5427548404278,87.7185695117886));
#11643=CARTESIAN_POINT('',(101.469432832647,80.4570290538881,87.65036455008));
#11644=CARTESIAN_POINT('',(101.509793643227,80.3757073032561,87.5869544539211));
#11645=CARTESIAN_POINT('',(101.549038392195,80.2989256342066,87.5282217132277));
#11646=CARTESIAN_POINT('',(101.588159435392,80.2244373878424,87.4722918286299));
#11647=CARTESIAN_POINT('',(101.62760091675,80.15124486391,87.418335890605));
#11648=CARTESIAN_POINT('',(101.667921516668,80.0782606799268,87.3655247879618));
#11649=CARTESIAN_POINT('',(101.708987791201,80.0056961692434,87.3139947919969));
#11650=CARTESIAN_POINT('',(101.750796214691,79.9335221976336,87.2637052646428));
#11651=CARTESIAN_POINT('',(101.79325087624,79.8618687859378,87.2147262643822));
#11652=CARTESIAN_POINT('',(101.836361960132,79.790682917484,87.1670003789603));
#11653=CARTESIAN_POINT('',(101.880062097872,79.7200397086366,87.1205561455689));
#11654=CARTESIAN_POINT('',(101.909704513769,79.6730995300296,87.0903006039589));
#11655=CARTESIAN_POINT('',(101.924621202308,79.6497159915195,87.0753787973931));
#11656=CARTESIAN_POINT('',(101.364663357042,105.032512025414,92.0251262658567));
#11657=CARTESIAN_POINT('',(101.349024198078,105.052477978937,91.9840089801197));
#11658=CARTESIAN_POINT('',(101.318437795825,105.093152318489,91.901519274334));
#11659=CARTESIAN_POINT('',(101.274834079296,105.156167737652,91.7775042720797));
#11660=CARTESIAN_POINT('',(101.233446016654,105.221347703643,91.6529433727275));
#11661=CARTESIAN_POINT('',(101.194394467196,105.288579941846,91.528100446638));
#11662=CARTESIAN_POINT('',(101.157791394732,105.357721671839,91.4032694137176));
#11663=CARTESIAN_POINT('',(101.123736363504,105.428594607721,91.2787769668488));
#11664=CARTESIAN_POINT('',(101.092272707196,105.501085088736,91.154811544263));
#11665=CARTESIAN_POINT('',(101.063404308517,105.575144320372,91.0314396562474));
#11666=CARTESIAN_POINT('',(101.037117631179,105.650771368357,90.9086488608829));
#11667=CARTESIAN_POINT('',(101.013395718928,105.727995845791,90.7863844412162));
#11668=CARTESIAN_POINT('',(100.992233107859,105.806837592305,90.664615608451));
#11669=CARTESIAN_POINT('',(100.973640185719,105.887278161913,90.5433763030126));
#11670=CARTESIAN_POINT('',(100.957046384227,105.972272041104,90.4183258400128));
#11671=CARTESIAN_POINT('',(100.94232186046,106.065021286145,90.2852483541052));
#11672=CARTESIAN_POINT('',(100.929773633539,106.169584810437,90.1392715072653));
#11673=CARTESIAN_POINT('',(100.920745359861,106.283913841044,89.9843533162166));
#11674=CARTESIAN_POINT('',(100.916184050163,106.406198975963,89.8237497984518));
#11675=CARTESIAN_POINT('',(100.916633954946,106.533193816516,89.6621476243947));
#11676=CARTESIAN_POINT('',(100.922272210775,106.662580071405,89.5026821023787));
#11677=CARTESIAN_POINT('',(100.932736975768,106.790772485221,89.3495665024364));
#11678=CARTESIAN_POINT('',(100.947260629203,106.915176560461,89.2053439943814));
#11679=CARTESIAN_POINT('',(100.96555259401,107.037779852994,89.067187836779));
#11680=CARTESIAN_POINT('',(100.987873893427,107.161573886839,88.9315413636272));
#11681=CARTESIAN_POINT('',(101.014686667963,107.288557446721,88.7963163154376));
#11682=CARTESIAN_POINT('',(101.045979806048,107.41805558908,88.6623628975723));
#11683=CARTESIAN_POINT('',(101.081476458173,107.548783010011,88.5310445450317));
#11684=CARTESIAN_POINT('',(101.120489572911,107.678545524052,88.4044739665288));
#11685=CARTESIAN_POINT('',(101.16230486149,107.805832768626,88.2838639231923));
#11686=CARTESIAN_POINT('',(101.205806778474,107.928416811486,88.1709420217698));
#11687=CARTESIAN_POINT('',(101.250817678021,108.046973750179,88.064667934334));
#11688=CARTESIAN_POINT('',(101.296224061086,108.15962207209,87.9663291689157));
#11689=CARTESIAN_POINT('',(101.341629091216,108.266457179158,87.875407112281));
#11690=CARTESIAN_POINT('',(101.385500437473,108.365016297476,87.7935118058341));
#11691=CARTESIAN_POINT('',(101.428247094089,108.45724515957,87.7185695117903));
#11692=CARTESIAN_POINT('',(101.469432832649,108.54297094611,87.6503645500817));
#11693=CARTESIAN_POINT('',(101.509793643229,108.624292696742,87.5869544539229));
#11694=CARTESIAN_POINT('',(101.549038392197,108.701074365791,87.5282217132295));
#11695=CARTESIAN_POINT('',(101.588159435394,108.775562612155,87.4722918286317));
#11696=CARTESIAN_POINT('',(101.627600916752,108.848755136088,87.4183358906068));
#11697=CARTESIAN_POINT('',(101.66792151667,108.921739320071,87.3655247879636));
#11698=CARTESIAN_POINT('',(101.708987791203,108.994303830754,87.3139947919988));
#11699=CARTESIAN_POINT('',(101.750796214693,109.066477802364,87.2637052646447));
#11700=CARTESIAN_POINT('',(101.793250876242,109.13813121406,87.2147262643842));
#11701=CARTESIAN_POINT('',(101.836361960134,109.209317082514,87.1670003789624));
#11702=CARTESIAN_POINT('',(101.880062097874,109.279960291361,87.120556145571));
#11703=CARTESIAN_POINT('',(101.909704513771,109.326900469968,87.090300603961));
#11704=CARTESIAN_POINT('',(101.92462120231,109.350284008478,87.0753787973953));
#11705=CARTESIAN_POINT('',(99.6513164037131,106.911812036707,94.4408523151827));
#11706=CARTESIAN_POINT('',(99.6306964911728,106.931311152144,94.401807184341));
#11707=CARTESIAN_POINT('',(99.5900048991377,106.971167296507,94.323456205187));
#11708=CARTESIAN_POINT('',(99.5308876404582,107.033294610536,94.2056397722051));
#11709=CARTESIAN_POINT('',(99.4735846573362,107.097941831101,94.0872592933271));
#11710=CARTESIAN_POINT('',(99.418257240249,107.164994964586,93.9685824959992));
#11711=CARTESIAN_POINT('',(99.3650638241084,107.234304275196,93.8499081264911));
#11712=CARTESIAN_POINT('',(99.3141554066461,107.305680898305,93.7315637531134));
#11713=CARTESIAN_POINT('',(99.2656030478757,107.379006253855,93.6137329707212));
#11714=CARTESIAN_POINT('',(99.2194188630453,107.454231546736,93.4964758818109));
#11715=CARTESIAN_POINT('',(99.1755870693098,107.53135699914,93.3797759083144));
#11716=CARTESIAN_POINT('',(99.1340823803395,107.610414059817,93.2635781284588));
#11717=CARTESIAN_POINT('',(99.0948943180341,107.691424165181,93.1478517188755));
#11718=CARTESIAN_POINT('',(99.0580374006253,107.774370003959,93.0326274979468));
#11719=CARTESIAN_POINT('',(99.0222752384674,107.862309086311,92.9137803246487));
#11720=CARTESIAN_POINT('',(98.986777264303,107.958602266252,92.7873043512205));
#11721=CARTESIAN_POINT('',(98.9509821585596,108.067556059077,92.6485694885618));
#11722=CARTESIAN_POINT('',(98.9167358026928,108.187143464277,92.5013367690604));
#11723=CARTESIAN_POINT('',(98.8854185964229,108.3155513816,92.348699898856));
#11724=CARTESIAN_POINT('',(98.8583035903721,108.449412390763,92.1951129625916));
#11725=CARTESIAN_POINT('',(98.8360794828417,108.58630054808,92.0435564702453));
#11726=CARTESIAN_POINT('',(98.8191478699674,108.722402226404,91.8980355930717));
#11727=CARTESIAN_POINT('',(98.8072718338516,108.854908825705,91.7609672547662));
#11728=CARTESIAN_POINT('',(98.7997166303074,108.985887241805,91.6296641162349));
#11729=CARTESIAN_POINT('',(98.7961034332704,109.11857941147,91.5006830010316));
#11730=CARTESIAN_POINT('',(98.7964869879149,109.255204876115,91.3719822741078));
#11731=CARTESIAN_POINT('',(98.8010203344305,109.395188831662,91.2442582784495));
#11732=CARTESIAN_POINT('',(98.8097180429169,109.537159285766,91.1188225969382));
#11733=CARTESIAN_POINT('',(98.8223756415317,109.678881335748,90.9975816185732));
#11734=CARTESIAN_POINT('',(98.8386080731821,109.818705211462,90.8817079041016));
#11735=CARTESIAN_POINT('',(98.8577850859111,109.954323079907,90.772752540123));
#11736=CARTESIAN_POINT('',(98.8795869130519,110.086301583513,90.6698606347714));
#11737=CARTESIAN_POINT('',(98.903267882918,110.212490462744,90.5743186651445));
#11738=CARTESIAN_POINT('',(98.9283629551679,110.332755096394,90.4857882384409));
#11739=CARTESIAN_POINT('',(98.9537753493424,110.444244023046,90.4058656113559));
#11740=CARTESIAN_POINT('',(98.9794715514941,110.548917644817,90.3326657273699));
#11741=CARTESIAN_POINT('',(99.0049546481503,110.646307018027,90.2661348660925));
#11742=CARTESIAN_POINT('',(99.0304795654143,110.73854569709,90.2045123349836));
#11743=CARTESIAN_POINT('',(99.055664682153,110.82518849391,90.1478372195666));
#11744=CARTESIAN_POINT('',(99.0810577398004,110.908772164463,90.0942606214649));
#11745=CARTESIAN_POINT('',(99.1067351924642,110.98992042262,90.0432697206907));
#11746=CARTESIAN_POINT('',(99.1329483804185,111.069654416113,89.9941503508571));
#11747=CARTESIAN_POINT('',(99.1593372225492,111.147108589674,89.9473604344455));
#11748=CARTESIAN_POINT('',(99.1859495495743,111.222663461955,89.902588317992));
#11749=CARTESIAN_POINT('',(99.2125675415863,111.2959142041,89.859998735559));
#11750=CARTESIAN_POINT('',(99.2392659281858,111.36726505925,89.8192845374065));
#11751=CARTESIAN_POINT('',(99.2658237169105,111.436318406523,89.7806004511577));
#11752=CARTESIAN_POINT('',(99.2924869309471,111.503875446779,89.7434355616706));
#11753=CARTESIAN_POINT('',(99.3192112990673,111.569940309422,89.7077417297092));
#11754=CARTESIAN_POINT('',(99.3461187187419,111.634907636758,89.673268030117));
#11755=CARTESIAN_POINT('',(99.3729989021732,111.698365410469,89.640193462569));
#11756=CARTESIAN_POINT('',(99.3999667811181,111.76067666368,89.608289347197));
#11757=CARTESIAN_POINT('',(99.4269591625191,111.821772130566,89.5775583211229));
#11758=CARTESIAN_POINT('',(99.4540939653965,111.881982314871,89.5478062222262));
#11759=CARTESIAN_POINT('',(99.481317581636,111.941245289533,89.5190381587893));
#11760=CARTESIAN_POINT('',(99.4996882530158,111.980502764184,89.5003186772566));
#11761=CARTESIAN_POINT('',(99.508895145799,111.99999999563,89.4911048513189));
#11762=CARTESIAN_POINT('',(88.5482234155671,111.56398645439,103.653109737543));
#11763=CARTESIAN_POINT('',(88.5244761163265,111.564853821567,103.625501578467));
#11764=CARTESIAN_POINT('',(88.4770584992616,111.56715449996,103.570350862811));
#11765=CARTESIAN_POINT('',(88.4061007662777,111.572299568486,103.48774934673));
#11766=CARTESIAN_POINT('',(88.3355115976528,111.579111248671,103.405505471685));
#11767=CARTESIAN_POINT('',(88.2653269454352,111.587564592213,103.323661902274));
#11768=CARTESIAN_POINT('',(88.1957857350102,111.597603075315,103.242498299483));
#11769=CARTESIAN_POINT('',(88.1269449973466,111.609179851147,103.162082734071));
#11770=CARTESIAN_POINT('',(88.0590552393845,111.622203416004,103.082709810323));
#11771=CARTESIAN_POINT('',(87.9919628528882,111.636651406092,103.004202002807));
#11772=CARTESIAN_POINT('',(87.9259318784495,111.652416208996,102.926870388021));
#11773=CARTESIAN_POINT('',(87.8609918652542,111.669429152045,102.850752483899));
#11774=CARTESIAN_POINT('',(87.7975695432171,111.687499927104,102.776351736007));
#11775=CARTESIAN_POINT('',(87.7354317844569,111.706610222549,102.703398275994));
#11776=CARTESIAN_POINT('',(87.6747636524986,111.726624919315,102.632112694348));
#11777=CARTESIAN_POINT('',(87.6153312124069,111.747545956606,102.562223310451));
#11778=CARTESIAN_POINT('',(87.5573147171588,111.76923404437,102.4939453114));
#11779=CARTESIAN_POINT('',(87.5002882610973,111.791782819717,102.426780244718));
#11780=CARTESIAN_POINT('',(87.4442418846547,111.815147694683,102.360718441947));
#11781=CARTESIAN_POINT('',(87.3889892929011,111.839365746051,102.295542038173));
#11782=CARTESIAN_POINT('',(87.3347581310962,111.864292456523,102.231521247481));
#11783=CARTESIAN_POINT('',(87.2813767463497,111.889960283797,102.168455563639));
#11784=CARTESIAN_POINT('',(87.2288734190768,111.916315338856,102.106380194023));
#11785=CARTESIAN_POINT('',(87.1770627997265,111.94341656506,102.045077542721));
#11786=CARTESIAN_POINT('',(87.1259581244757,111.971226500295,101.984564655133));
#11787=CARTESIAN_POINT('',(87.0921699417806,111.99032744413,101.944526078551));
#11788=CARTESIAN_POINT('',(87.0753783066228,111.99999812745,101.924620709061));
#11789=CARTESIAN_POINT('',(-97.9648232278141,7.,83.1155808228965));
#11790=CARTESIAN_POINT('',(-97.9648232278141,7.,83.1155808228965));
#11791=VECTOR('',#11792,1.);
#11792=DIRECTION('',(0.,-1.,0.));
#11793=CARTESIAN_POINT('',(-83.1155808228966,7.,97.9648232278141));
#11794=CARTESIAN_POINT('',(-83.1155808228966,7.,97.9648232278141));
#11795=VECTOR('',#11796,1.);
#11796=DIRECTION('',(-0.707106781186546,0.,-0.707106781186549));
#11797=CARTESIAN_POINT('',(-83.1155808228966,7.,97.9648232278141));
#11798=VECTOR('',#11799,1.);
#11799=DIRECTION('',(0.,-1.,0.));
#11800=CARTESIAN_POINT('',(-79.6507575950825,7.,99.4));
#11801=AXIS2_PLACEMENT_3D('',#11802,#11803,#11804);
#11802=CARTESIAN_POINT('',(-79.6507575950825,7.,94.5));
#11803=DIRECTION('',(0.,-1.,0.));
#11804=DIRECTION('',(0.,0.,1.));
#11805=CARTESIAN_POINT('',(-79.6507575950825,7.,99.4));
#11806=VECTOR('',#11807,1.);
#11807=DIRECTION('',(0.,-1.,0.));
#11808=CARTESIAN_POINT('',(-77.6622091820936,7.,99.4));
#11809=CARTESIAN_POINT('',(-77.6622091820936,7.,99.4));
#11810=VECTOR('',#11811,1.);
#11811=DIRECTION('',(-1.,0.,0.));
#11812=CARTESIAN_POINT('',(-77.6622091820936,7.,99.4));
#11813=VECTOR('',#11814,1.);
#11814=DIRECTION('',(0.,-1.,0.));
#11815=CARTESIAN_POINT('',(-77.6622091820936,7.,77.6622091820946));
#11816=CARTESIAN_POINT('',(-77.6622091820936,7.,77.6622091820946));
#11817=VECTOR('',#11818,1.);
#11818=DIRECTION('',(0.,0.,1.));
#11819=CARTESIAN_POINT('',(-77.6622091820936,7.,77.6622091820945));
#11820=VECTOR('',#11821,1.);
#11821=DIRECTION('',(0.,-1.,0.));
#11822=CARTESIAN_POINT('',(-99.3999999999998,7.,77.6622091820946));
#11823=CARTESIAN_POINT('',(-99.3999999999998,7.,77.6622091820946));
#11824=VECTOR('',#11825,1.);
#11825=DIRECTION('',(1.,0.,-1.17673128339669E-14));
#11826=CARTESIAN_POINT('',(-99.3999999999998,7.,77.6622091820946));
#11827=VECTOR('',#11828,1.);
#11828=DIRECTION('',(0.,-1.,0.));
#11829=CARTESIAN_POINT('',(-99.4,7.,79.6507575950824));
#11830=CARTESIAN_POINT('',(-99.4,7.,79.6507575950824));
#11831=VECTOR('',#11832,1.);
#11832=DIRECTION('',(1.07195187874632E-13,0.,-1.));
#11833=CARTESIAN_POINT('',(-99.4,7.,79.6507575950824));
#11834=VECTOR('',#11835,1.);
#11835=DIRECTION('',(0.,-1.,0.));
#11836=AXIS2_PLACEMENT_3D('',#11837,#11838,#11839);
#11837=CARTESIAN_POINT('',(-94.5,7.,79.6507575950824));
#11838=DIRECTION('',(0.,-1.,0.));
#11839=DIRECTION('',(-0.707106781186549,0.,0.707106781186546));
#11840=CARTESIAN_POINT('',(83.1155808228966,7.,97.9648232278141));
#11841=CARTESIAN_POINT('',(83.1155808228966,7.,97.9648232278141));
#11842=VECTOR('',#11843,1.);
#11843=DIRECTION('',(0.,-1.,0.));
#11844=CARTESIAN_POINT('',(97.9648232278141,7.,83.1155808228965));
#11845=CARTESIAN_POINT('',(83.1155808228966,7.,97.9648232278141));
#11846=VECTOR('',#11847,1.);
#11847=DIRECTION('',(0.707106781186546,0.,-0.707106781186549));
#11848=CARTESIAN_POINT('',(97.9648232278141,7.,83.1155808228965));
#11849=VECTOR('',#11850,1.);
#11850=DIRECTION('',(0.,-1.,0.));
#11851=CARTESIAN_POINT('',(79.6507575950825,7.,99.4));
#11852=CARTESIAN_POINT('',(79.6507575950825,7.,99.4));
#11853=VECTOR('',#11854,1.);
#11854=DIRECTION('',(0.,-1.,0.));
#11855=AXIS2_PLACEMENT_3D('',#11856,#11857,#11858);
#11856=CARTESIAN_POINT('',(79.6507575950825,7.,94.5));
#11857=DIRECTION('',(0.,1.,0.));
#11858=DIRECTION('',(0.,0.,1.));
#11859=CARTESIAN_POINT('',(77.6622091820936,7.,99.4));
#11860=CARTESIAN_POINT('',(77.6622091820936,7.,99.4));
#11861=VECTOR('',#11862,1.);
#11862=DIRECTION('',(0.,-1.,0.));
#11863=CARTESIAN_POINT('',(77.6622091820936,7.,99.4));
#11864=VECTOR('',#11865,1.);
#11865=DIRECTION('',(1.,0.,0.));
#11866=CARTESIAN_POINT('',(77.6622091820936,7.,77.6622091820946));
#11867=CARTESIAN_POINT('',(77.6622091820936,7.,77.6622091820945));
#11868=VECTOR('',#11869,1.);
#11869=DIRECTION('',(0.,-1.,0.));
#11870=CARTESIAN_POINT('',(77.6622091820936,7.,77.6622091820946));
#11871=VECTOR('',#11872,1.);
#11872=DIRECTION('',(0.,0.,1.));
#11873=CARTESIAN_POINT('',(99.3999999999998,7.,77.6622091820946));
#11874=CARTESIAN_POINT('',(99.3999999999998,7.,77.6622091820946));
#11875=VECTOR('',#11876,1.);
#11876=DIRECTION('',(0.,-1.,0.));
#11877=CARTESIAN_POINT('',(99.3999999999998,7.,77.6622091820946));
#11878=VECTOR('',#11879,1.);
#11879=DIRECTION('',(-1.,0.,-1.17673128339669E-14));
#11880=CARTESIAN_POINT('',(99.4,7.,79.6507575950824));
#11881=CARTESIAN_POINT('',(99.4,7.,79.6507575950824));
#11882=VECTOR('',#11883,1.);
#11883=DIRECTION('',(0.,-1.,0.));
#11884=CARTESIAN_POINT('',(99.4,7.,79.6507575950824));
#11885=VECTOR('',#11886,1.);
#11886=DIRECTION('',(-1.07195187874632E-13,0.,-1.));
#11887=AXIS2_PLACEMENT_3D('',#11888,#11889,#11890);
#11888=CARTESIAN_POINT('',(94.5,7.,79.6507575950824));
#11889=DIRECTION('',(0.,1.,0.));
#11890=DIRECTION('',(0.707106781186549,0.,0.707106781186546));
#11891=CARTESIAN_POINT('',(97.9648232278141,7.,-83.1155808228965));
#11892=CARTESIAN_POINT('',(97.9648232278141,7.,-83.1155808228965));
#11893=VECTOR('',#11894,1.);
#11894=DIRECTION('',(0.,-1.,0.));
#11895=CARTESIAN_POINT('',(83.1155808228966,7.,-97.9648232278141));
#11896=CARTESIAN_POINT('',(83.1155808228966,7.,-97.9648232278141));
#11897=VECTOR('',#11898,1.);
#11898=DIRECTION('',(0.707106781186546,0.,0.707106781186549));
#11899=CARTESIAN_POINT('',(83.1155808228966,7.,-97.9648232278141));
#11900=VECTOR('',#11901,1.);
#11901=DIRECTION('',(0.,-1.,0.));
#11902=CARTESIAN_POINT('',(79.6507575950825,7.,-99.4));
#11903=AXIS2_PLACEMENT_3D('',#11904,#11905,#11906);
#11904=CARTESIAN_POINT('',(79.6507575950825,7.,-94.5));
#11905=DIRECTION('',(0.,-1.,0.));
#11906=DIRECTION('',(0.,0.,-1.));
#11907=CARTESIAN_POINT('',(79.6507575950825,7.,-99.4));
#11908=VECTOR('',#11909,1.);
#11909=DIRECTION('',(0.,-1.,0.));
#11910=CARTESIAN_POINT('',(77.6622091820936,7.,-99.4));
#11911=CARTESIAN_POINT('',(77.6622091820936,7.,-99.4));
#11912=VECTOR('',#11913,1.);
#11913=DIRECTION('',(1.,0.,0.));
#11914=CARTESIAN_POINT('',(77.6622091820936,7.,-99.4));
#11915=VECTOR('',#11916,1.);
#11916=DIRECTION('',(0.,-1.,0.));
#11917=CARTESIAN_POINT('',(77.6622091820936,7.,-77.6622091820946));
#11918=CARTESIAN_POINT('',(77.6622091820936,7.,-77.6622091820946));
#11919=VECTOR('',#11920,1.);
#11920=DIRECTION('',(0.,0.,-1.));
#11921=CARTESIAN_POINT('',(77.6622091820936,7.,-77.6622091820945));
#11922=VECTOR('',#11923,1.);
#11923=DIRECTION('',(0.,-1.,0.));
#11924=CARTESIAN_POINT('',(99.3999999999998,7.,-77.6622091820946));
#11925=CARTESIAN_POINT('',(99.3999999999998,7.,-77.6622091820946));
#11926=VECTOR('',#11927,1.);
#11927=DIRECTION('',(-1.,0.,1.17673128339669E-14));
#11928=CARTESIAN_POINT('',(99.3999999999998,7.,-77.6622091820946));
#11929=VECTOR('',#11930,1.);
#11930=DIRECTION('',(0.,-1.,0.));
#11931=CARTESIAN_POINT('',(99.4,7.,-79.6507575950824));
#11932=CARTESIAN_POINT('',(99.4,7.,-79.6507575950824));
#11933=VECTOR('',#11934,1.);
#11934=DIRECTION('',(-1.07195187874632E-13,0.,1.));
#11935=CARTESIAN_POINT('',(99.4,7.,-79.6507575950824));
#11936=VECTOR('',#11937,1.);
#11937=DIRECTION('',(0.,-1.,0.));
#11938=AXIS2_PLACEMENT_3D('',#11939,#11940,#11941);
#11939=CARTESIAN_POINT('',(94.5,7.,-79.6507575950824));
#11940=DIRECTION('',(0.,-1.,0.));
#11941=DIRECTION('',(0.707106781186549,0.,-0.707106781186546));
#11942=CARTESIAN_POINT('',(-83.1155808228966,7.,-97.9648232278141));
#11943=CARTESIAN_POINT('',(-83.1155808228966,7.,-97.9648232278141));
#11944=VECTOR('',#11945,1.);
#11945=DIRECTION('',(0.,-1.,0.));
#11946=CARTESIAN_POINT('',(-97.9648232278141,7.,-83.1155808228965));
#11947=CARTESIAN_POINT('',(-83.1155808228966,7.,-97.9648232278141));
#11948=VECTOR('',#11949,1.);
#11949=DIRECTION('',(-0.707106781186546,0.,0.707106781186549));
#11950=CARTESIAN_POINT('',(-97.9648232278141,7.,-83.1155808228965));
#11951=VECTOR('',#11952,1.);
#11952=DIRECTION('',(0.,-1.,0.));
#11953=CARTESIAN_POINT('',(-79.6507575950825,7.,-99.4));
#11954=CARTESIAN_POINT('',(-79.6507575950825,7.,-99.4));
#11955=VECTOR('',#11956,1.);
#11956=DIRECTION('',(0.,-1.,0.));
#11957=AXIS2_PLACEMENT_3D('',#11958,#11959,#11960);
#11958=CARTESIAN_POINT('',(-79.6507575950825,7.,-94.5));
#11959=DIRECTION('',(0.,1.,0.));
#11960=DIRECTION('',(0.,0.,-1.));
#11961=CARTESIAN_POINT('',(-77.6622091820936,7.,-99.4));
#11962=CARTESIAN_POINT('',(-77.6622091820936,7.,-99.4));
#11963=VECTOR('',#11964,1.);
#11964=DIRECTION('',(0.,-1.,0.));
#11965=CARTESIAN_POINT('',(-77.6622091820936,7.,-99.4));
#11966=VECTOR('',#11967,1.);
#11967=DIRECTION('',(-1.,0.,0.));
#11968=CARTESIAN_POINT('',(-77.6622091820936,7.,-77.6622091820946));
#11969=CARTESIAN_POINT('',(-77.6622091820936,7.,-77.6622091820945));
#11970=VECTOR('',#11971,1.);
#11971=DIRECTION('',(0.,-1.,0.));
#11972=CARTESIAN_POINT('',(-77.6622091820936,7.,-77.6622091820946));
#11973=VECTOR('',#11974,1.);
#11974=DIRECTION('',(0.,0.,-1.));
#11975=CARTESIAN_POINT('',(-99.3999999999998,7.,-77.6622091820946));
#11976=CARTESIAN_POINT('',(-99.3999999999998,7.,-77.6622091820946));
#11977=VECTOR('',#11978,1.);
#11978=DIRECTION('',(0.,-1.,0.));
#11979=CARTESIAN_POINT('',(-99.3999999999998,7.,-77.6622091820946));
#11980=VECTOR('',#11981,1.);
#11981=DIRECTION('',(1.,0.,1.17673128339669E-14));
#11982=CARTESIAN_POINT('',(-99.4,7.,-79.6507575950824));
#11983=CARTESIAN_POINT('',(-99.4,7.,-79.6507575950824));
#11984=VECTOR('',#11985,1.);
#11985=DIRECTION('',(0.,-1.,0.));
#11986=CARTESIAN_POINT('',(-99.4,7.,-79.6507575950824));
#11987=VECTOR('',#11988,1.);
#11988=DIRECTION('',(1.07195187874632E-13,0.,1.));
#11989=AXIS2_PLACEMENT_3D('',#11990,#11991,#11992);
#11990=CARTESIAN_POINT('',(-94.5,7.,-79.6507575950824));
#11991=DIRECTION('',(0.,1.,0.));
#11992=DIRECTION('',(-0.707106781186549,0.,-0.707106781186546));
ENDSEC;
END-ISO-10303-21;
